received_at,annotator,item_id,label,client_ts,set,,,
2026-09-25T13:13:35.001Z,A1,item_002,legitimate,1789393083568,retired,,,
2026-09-25T13:13:35.001Z,A1,item_004,legitimate,1789392419314,retired,,,
2026-09-25T13:13:35.001Z,A1,item_011,legitimate,1789392396446,retired,,,
2026-09-25T13:13:35.001Z,A1,item_015,legitimate,1789392390026,retired,,,
2026-09-25T13:13:35.001Z,A1,item_016,legitimate,1789393069204,retired,,,
2026-09-25T13:13:35.001Z,A1,item_022,legitimate,1789391239631,retired,,,
2026-09-25T13:13:35.001Z,A1,item_024,garbled,1789391392532,retired,,,
2026-09-25T13:13:35.001Z,A1,item_026,garbled,1789392473458,retired,,,
2026-09-25T13:13:35.001Z,A1,item_028,legitimate,1789393073104,retired,,,
2026-09-25T13:13:35.001Z,A1,item_029,legitimate,1789393103472,retired,,,
2026-09-25T13:13:35.001Z,A1,item_032,legitimate,1789392425670,retired,,,
2026-09-25T13:13:35.001Z,A1,item_042,legitimate,1789392386118,retired,,,
2026-09-25T13:13:35.001Z,A1,item_046,legitimate,1789392242922,retired,,,
2026-09-25T13:13:35.001Z,A1,item_052,legitimate,1789392057090,retired,,,
2026-09-25T13:13:35.001Z,A1,item_054,legitimate,1789391280431,retired,,,
2026-09-25T13:13:35.001Z,A1,item_057,legitimate,1789393117056,retired,,,
2026-09-25T13:13:35.001Z,A1,item_059,legitimate,1789391275326,retired,,,
2026-09-25T13:13:35.001Z,A1,item_063,legitimate,1789391243123,retired,,,
2026-09-25T13:13:35.001Z,A1,item_065,legitimate,1789393172904,retired,,,
2026-09-25T13:13:35.001Z,A1,item_066,legitimate,1789391269911,retired,,,
2026-09-25T13:13:35.001Z,A1,item_068,legitimate,1789392431166,retired,,,
2026-09-25T13:13:35.001Z,A1,item_072,legitimate,1789392663011,retired,,,
2026-09-25T13:13:35.001Z,A1,item_073,legitimate,1789391358815,retired,,,
2026-09-25T13:13:35.001Z,A1,item_076,legitimate,1789391253354,retired,,,
2026-09-25T13:13:35.001Z,A1,item_085,legitimate,1789392654826,retired,,,
2026-09-25T13:13:35.001Z,A1,item_086,legitimate,1789393081588,retired,,,
2026-09-25T13:13:35.001Z,A1,item_087,legitimate,1789391408763,retired,,,
2026-09-25T13:13:35.001Z,A1,item_088,legitimate,1789392392927,retired,,,
2026-09-25T13:13:35.001Z,A1,item_092,legitimate,1789392417217,retired,,,
2026-09-25T13:13:35.001Z,A1,item_100,annoying,1789393182552,retired,,,
2026-09-25T13:13:35.001Z,A1,item_1001,legitimate,1789393763458,retired,,,
2026-09-25T13:13:35.001Z,A1,item_1002,unsure,1789393679686,retired,,,
2026-09-25T13:13:35.001Z,A1,item_1003,garbled,1789393691690,retired,,,
2026-09-25T13:13:35.001Z,A1,item_1004,legitimate,1789393751865,retired,,,
2026-09-25T13:13:35.001Z,A1,item_1005,legitimate,1789393737122,retired,,,
2026-09-25T13:13:35.001Z,A1,item_1006,unsure,1789393665119,retired,,,
2026-09-25T13:13:35.001Z,A1,item_1007,legitimate,1789394130071,retired,,,
2026-09-25T13:13:35.001Z,A1,item_1008,legitimate,1789393757186,retired,,,
2026-09-25T13:13:35.001Z,A1,item_1009,legitimate,1789393742526,retired,,,
2026-09-25T13:13:35.001Z,A1,item_101,legitimate,1789392460837,retired,,,
2026-09-25T13:13:35.001Z,A1,item_1010,legitimate,1789393765998,retired,,,
2026-09-25T13:13:35.001Z,A1,item_1011,legitimate,1789393749201,retired,,,
2026-09-25T13:13:35.001Z,A1,item_1012,legitimate,1789393703593,retired,,,
2026-09-25T13:13:35.001Z,A1,item_1013,legitimate,1789394170603,retired,,,
2026-09-25T13:13:35.001Z,A1,item_1014,legitimate,1789396022686,retired,,,
2026-09-25T13:13:35.001Z,A1,item_1015,garbled,1789394871134,retired,,,
2026-09-25T13:13:35.001Z,A1,item_1016,garbled,1789395956214,retired,,,
2026-09-25T13:13:35.001Z,A1,item_1017,garbled,1789394844998,retired,,,
2026-09-25T13:13:35.001Z,A1,item_1018,legitimate,1789394634725,retired,,,
2026-09-25T13:13:35.001Z,A1,item_1019,garbled,1789394812249,retired,,,
2026-09-25T13:13:35.001Z,A1,item_102,legitimate,1789391369771,retired,,,
2026-09-25T13:13:35.001Z,A1,item_1020,garbled,1789395959670,retired,,,
2026-09-25T13:13:35.001Z,A1,item_1021,legitimate,1789394214220,retired,,,
2026-09-25T13:13:35.001Z,A1,item_1022,legitimate,1789394663509,retired,,,
2026-09-25T13:13:35.001Z,A1,item_1023,legitimate,1789395941694,retired,,,
2026-09-25T13:13:35.001Z,A1,item_1024,legitimate,1789396195652,retired,,,
2026-09-25T13:13:35.001Z,A1,item_1025,unsure,1789395996150,retired,,,
2026-09-25T13:13:35.001Z,A1,item_1026,garbled,1789394861110,retired,,,
2026-09-25T13:13:35.001Z,A1,item_1027,legitimate,1789396202675,retired,,,
2026-09-25T13:13:35.001Z,A1,item_1028,garbled,1789395930525,retired,,,
2026-09-25T13:13:35.001Z,A1,item_1029,garbled,1789396208851,retired,,,
2026-09-25T13:13:35.001Z,A1,item_1030,garbled,1789394799285,retired,,,
2026-09-25T13:13:35.001Z,A1,item_1031,legitimate,1789395419524,retired,,,
2026-09-25T13:13:35.001Z,A1,item_1032,legitimate,1789394803770,retired,,,
2026-09-25T13:13:35.001Z,A1,item_1033,garbled,1789396137015,retired,,,
2026-09-25T13:13:35.001Z,A1,item_1034,legitimate,1789394669185,retired,,,
2026-09-25T13:13:35.001Z,A1,item_1035,garbled,1789396413197,retired,,,
2026-09-25T13:13:35.001Z,A1,item_1036,garbled,1789395919001,retired,,,
2026-09-25T13:13:35.001Z,A1,item_1037,legitimate,1789396387957,retired,,,
2026-09-25T13:13:35.001Z,A1,item_1038,legitimate,1789394172783,retired,,,
2026-09-25T13:13:35.001Z,A1,item_1039,garbled,1789394752049,retired,,,
2026-09-25T13:13:35.001Z,A1,item_1040,garbled,1789394722849,retired,,,
2026-09-25T13:13:35.001Z,A1,item_1041,unsure,1789394176428,retired,,,
2026-09-25T13:13:35.001Z,A1,item_1042,garbled,1789396219264,retired,,,
2026-09-25T13:13:35.001Z,A1,item_1043,legitimate,1789394840898,retired,,,
2026-09-25T13:13:35.001Z,A1,item_1044,garbled,1789395903554,retired,,,
2026-09-25T13:13:35.001Z,A1,item_1045,garbled,1789394772870,retired,,,
2026-09-25T13:13:35.001Z,A1,item_1046,legitimate,1789395970009,retired,,,
2026-09-25T13:13:35.001Z,A1,item_1047,garbled,1789396170123,retired,,,
2026-09-25T13:13:35.001Z,A1,item_1048,legitimate,1789395411932,retired,,,
2026-09-25T13:13:35.001Z,A1,item_1049,unsure,1789394685757,retired,,,
2026-09-25T13:13:35.001Z,A1,item_1050,legitimate,1789394759838,retired,,,
2026-09-25T13:13:35.001Z,A1,item_1051,legitimate,1789396380821,retired,,,
2026-09-25T13:13:35.001Z,A1,item_1052,garbled,1789395946794,retired,,,
2026-09-25T13:13:35.001Z,A1,item_1053,legitimate,1789395982658,retired,,,
2026-09-25T13:13:35.001Z,A1,item_1054,garbled,1789394698277,retired,,,
2026-09-25T13:13:35.001Z,A1,item_1055,legitimate,1789395989570,retired,,,
2026-09-25T13:13:35.001Z,A1,item_1056,legitimate,1789395973970,retired,,,
2026-09-25T13:13:35.001Z,A1,item_1057,garbled,1789395912066,retired,,,
2026-09-25T13:13:35.001Z,A1,item_1058,legitimate,1789396270960,retired,,,
2026-09-25T13:13:35.001Z,A1,item_1059,garbled,1789394660297,retired,,,
2026-09-25T13:13:35.001Z,A1,item_1060,legitimate,1789394154919,retired,,,
2026-09-25T13:13:35.001Z,A1,item_1061,garbled,1789395949010,retired,,,
2026-09-25T13:13:35.001Z,A1,item_1062,legitimate,1789396373137,retired,,,
2026-09-25T13:13:35.001Z,A1,item_1063,legitimate,1789395979918,retired,,,
2026-09-25T13:13:35.001Z,A1,item_1064,legitimate,1789396242380,retired,,,
2026-09-25T13:13:35.001Z,A1,item_1065,legitimate,1789394143367,retired,,,
2026-09-25T13:13:35.001Z,A1,item_1066,legitimate,1789396407625,retired,,,
2026-09-25T13:13:35.001Z,A1,item_1067,legitimate,1789394185375,retired,,,
2026-09-25T13:13:35.001Z,A1,item_1068,legitimate,1789394120872,retired,,,
2026-09-25T13:13:35.001Z,A1,item_1069,legitimate,1789395965498,retired,,,
2026-09-25T13:13:35.001Z,A1,item_1070,legitimate,1789394198115,retired,,,
2026-09-25T13:13:35.001Z,A1,item_1071,unsure,1789394789954,retired,,,
2026-09-25T13:13:35.001Z,A1,item_1072,legitimate,1789396302020,retired,,,
2026-09-25T13:13:35.001Z,A1,item_1073,annoying,1789394706725,retired,,,
2026-09-25T13:13:35.001Z,A1,item_1074,legitimate,1789395401164,retired,,,
2026-09-25T13:13:35.001Z,A1,item_1075,legitimate,1789396290788,retired,,,
2026-09-25T13:13:35.001Z,A1,item_1076,legitimate,1789396235816,retired,,,
2026-09-25T13:13:35.001Z,A1,item_1077,legitimate,1789396395337,retired,,,
2026-09-25T13:13:35.001Z,A1,item_1078,legitimate,1789394853990,retired,,,
2026-09-25T13:13:35.001Z,A1,item_1079,legitimate,1789396310272,retired,,,
2026-09-25T13:13:35.001Z,A1,item_108,garbled,1789392487810,retired,,,
2026-09-25T13:13:35.001Z,A1,item_1080,legitimate,1789394755694,retired,,,
2026-09-25T13:13:35.001Z,A1,item_1081,legitimate,1789394821030,retired,,,
2026-09-25T13:13:35.001Z,A1,item_1082,legitimate,1789394158739,retired,,,
2026-09-25T13:13:35.001Z,A1,item_1083,unsure,1789396161939,retired,,,
2026-09-25T13:13:35.001Z,A1,item_1084,legitimate,1789396391344,retired,,,
2026-09-25T13:13:35.001Z,A1,item_1085,legitimate,1789396376040,retired,,,
2026-09-25T13:13:35.001Z,A1,item_1086,legitimate,1789395388427,retired,,,
2026-09-25T13:13:35.001Z,A1,item_1087,legitimate,1789394792866,retired,,,
2026-09-25T13:13:35.001Z,A1,item_1088,legitimate,1789395906774,retired,,,
2026-09-25T13:13:35.001Z,A1,item_1089,legitimate,1789395416364,retired,,,
2026-09-25T13:13:35.001Z,A1,item_1090,legitimate,1789394848042,retired,,,
2026-09-25T13:13:35.001Z,A1,item_1091,legitimate,1789396229016,retired,,,
2026-09-25T13:13:35.001Z,A1,item_1092,unsure,1789395428816,retired,,,
2026-09-25T13:13:35.001Z,A1,item_1093,legitimate,1789395924070,retired,,,
2026-09-25T13:13:35.001Z,A1,item_1094,legitimate,1789394825034,retired,,,
2026-09-25T13:13:35.001Z,A1,item_1095,legitimate,1789396278460,retired,,,
2026-09-25T13:13:35.001Z,A1,item_1096,legitimate,1789394202988,retired,,,
2026-09-25T13:13:35.001Z,A1,item_1097,legitimate,1789394828453,retired,,,
2026-09-25T13:13:35.001Z,A1,item_1098,legitimate,1789396152323,retired,,,
2026-09-25T13:13:35.001Z,A1,item_1099,legitimate,1789394645953,retired,,,
2026-09-25T13:13:35.001Z,A1,item_110,annoying,1789391462520,retired,,,
2026-09-25T13:13:35.001Z,A1,item_1100,legitimate,1789395977010,retired,,,
2026-09-25T13:13:35.001Z,A1,item_1101,legitimate,1789396213575,retired,,,
2026-09-25T13:13:35.001Z,A1,item_1102,annoying,1789396029450,retired,,,
2026-09-25T13:13:35.001Z,A1,item_1103,legitimate,1789396403528,retired,,,
2026-09-25T13:13:35.001Z,A1,item_1104,legitimate,1789400705335,retired,,,
2026-09-25T13:13:35.001Z,A1,item_1105,legitimate,1789394140103,retired,,,
2026-09-25T13:13:35.001Z,A1,item_1106,legitimate,1789394731742,retired,,,
2026-09-25T13:13:35.001Z,A1,item_1107,unsure,1789396182611,retired,,,
2026-09-25T13:13:35.001Z,A1,item_1108,legitimate,1789395406440,retired,,,
2026-09-25T13:13:35.001Z,A1,item_1109,legitimate,1789394181428,retired,,,
2026-09-25T13:13:35.001Z,A1,item_1110,legitimate,1789396146131,retired,,,
2026-09-25T13:13:35.001Z,A1,item_1111,legitimate,1789394742850,retired,,,
2026-09-25T13:13:35.001Z,A1,item_1112,legitimate,1789394637841,retired,,,
2026-09-25T13:13:35.001Z,A1,item_1116,legitimate,1789400732103,retired,,,
2026-09-25T13:13:35.001Z,A1,item_1117,legitimate,1789400668728,retired,,,
2026-09-25T13:13:35.001Z,A1,item_1120,legitimate,1789401028999,retired,,,
2026-09-25T13:13:35.001Z,A1,item_1121,legitimate,1789400738839,retired,,,
2026-09-25T13:13:35.001Z,A1,item_1126,legitimate,1789401062936,retired,,,
2026-09-25T13:13:35.001Z,A1,item_1128,unsure,1789401055545,retired,,,
2026-09-25T13:13:35.001Z,A1,item_1129,legitimate,1789400680519,retired,,,
2026-09-25T13:13:35.001Z,A1,item_1130,legitimate,1789401415144,retired,,,
2026-09-25T13:13:35.001Z,A1,item_1131,legitimate,1789400966336,retired,,,
2026-09-25T13:13:35.001Z,A1,item_1134,legitimate,1789400909627,retired,,,
2026-09-25T13:13:35.001Z,A1,item_1136,legitimate,1789400857747,retired,,,
2026-09-25T13:13:35.001Z,A1,item_1137,legitimate,1789401082744,retired,,,
2026-09-25T13:13:35.001Z,A1,item_1138,legitimate,1789400726519,retired,,,
2026-09-25T13:13:35.001Z,A1,item_1146,legitimate,1789400701055,retired,,,
2026-09-25T13:13:35.001Z,A1,item_1148,legitimate,1789401260121,retired,,,
2026-09-25T13:13:35.001Z,A1,item_1149,legitimate,1789401370569,retired,,,
2026-09-25T13:13:35.001Z,A1,item_115,legitimate,1789391321175,retired,,,
2026-09-25T13:13:35.001Z,A1,item_1150,legitimate,1789400852847,retired,,,
2026-09-25T13:13:35.001Z,A1,item_1153,unsure,1789401024667,retired,,,
2026-09-25T13:13:35.001Z,A1,item_1154,legitimate,1789400948312,retired,,,
2026-09-25T13:13:35.001Z,A1,item_1155,legitimate,1789400746735,retired,,,
2026-09-25T13:13:35.001Z,A1,item_1156,legitimate,1789400955288,retired,,,
2026-09-25T13:13:35.001Z,A1,item_1157,legitimate,1789401107236,retired,,,
2026-09-25T13:13:35.001Z,A1,item_1158,legitimate,1789401076928,retired,,,
2026-09-25T13:13:35.001Z,A1,item_1160,legitimate,1789401071816,retired,,,
2026-09-25T13:13:35.001Z,A1,item_1161,legitimate,1789401120424,retired,,,
2026-09-25T13:13:35.001Z,A1,item_1163,unsure,1789400788823,retired,,,
2026-09-25T13:13:35.001Z,A1,item_1164,legitimate,1789400958268,retired,,,
2026-09-25T13:13:35.001Z,A1,item_1165,legitimate,1789400923187,retired,,,
2026-09-25T13:13:35.001Z,A1,item_1166,legitimate,1789401039608,retired,,,
2026-09-25T13:13:35.001Z,A1,item_1167,legitimate,1789400874143,retired,,,
2026-09-25T13:13:35.001Z,A1,item_117,legitimate,1789391428624,retired,,,
2026-09-25T13:13:35.001Z,A1,item_1170,legitimate,1789400942760,retired,,,
2026-09-25T13:13:35.001Z,A1,item_1173,legitimate,1789400980752,retired,,,
2026-09-25T13:13:35.001Z,A1,item_1174,legitimate,1789400999968,retired,,,
2026-09-25T13:13:35.001Z,A1,item_1175,annoying,1789401203660,retired,,,
2026-09-25T13:13:35.001Z,A1,item_1176,legitimate,1789401400541,retired,,,
2026-09-25T13:13:35.001Z,A1,item_1179,legitimate,1789401185569,retired,,,
2026-09-25T13:13:35.001Z,A1,item_1180,legitimate,1789400972379,retired,,,
2026-09-25T13:13:35.001Z,A1,item_1184,legitimate,1789401390232,retired,,,
2026-09-25T13:13:35.001Z,A1,item_1186,legitimate,1789400861523,retired,,,
2026-09-25T13:13:35.001Z,A1,item_1188,legitimate,1789400715603,retired,,,
2026-09-25T13:13:35.001Z,A1,item_1191,legitimate,1789400920492,retired,,,
2026-09-25T13:13:35.001Z,A1,item_1192,unsure,1789401425541,retired,,,
2026-09-25T13:13:35.001Z,A1,item_1193,legitimate,1789401150636,retired,,,
2026-09-25T13:13:35.001Z,A1,item_1194,legitimate,1789401251613,retired,,,
2026-09-25T13:13:35.001Z,A1,item_1197,legitimate,1789401379029,retired,,,
2026-09-25T13:13:35.001Z,A1,item_1198,legitimate,1789400835149,retired,,,
2026-09-25T13:13:35.001Z,A1,item_1199,legitimate,1789400993604,retired,,,
2026-09-25T13:13:35.001Z,A1,item_120,legitimate,1789392253578,retired,,,
2026-09-25T13:13:35.001Z,A1,item_1200,legitimate,1789400741563,retired,,,
2026-09-25T13:13:35.001Z,A1,item_1202,legitimate,1789400775743,retired,,,
2026-09-25T13:13:35.001Z,A1,item_1203,annoying,1789401126996,retired,,,
2026-09-25T13:13:35.001Z,A1,item_1208,legitimate,1789400674215,retired,,,
2026-09-25T13:13:35.001Z,A1,item_1210,legitimate,1789401386309,retired,,,
2026-09-25T13:13:35.001Z,A1,item_1213,legitimate,1789400869635,main,,,
2026-09-25T13:13:35.001Z,A1,item_1214,legitimate,1789493333355,main,,,
2026-09-25T13:13:35.001Z,A1,item_1215,garbled,1789401169348,main,,,
2026-09-25T13:13:35.001Z,A1,item_1216,legitimate,1789490860975,main,,,
2026-09-25T13:13:35.001Z,A1,item_1217,legitimate,1789401175352,main,,,
2026-09-25T13:13:35.001Z,A1,item_1218,legitimate,1789400754654,main,,,
2026-09-25T13:13:35.001Z,A1,item_1219,legitimate,1790271151148,main,,,
2026-09-25T13:13:35.001Z,A1,item_122,legitimate,1789392249378,retired,,,
2026-09-25T13:13:35.001Z,A1,item_1220,legitimate,1790270407143,main,,,
2026-09-25T13:13:35.001Z,A1,item_1221,legitimate,1789401246180,main,,,
2026-09-25T13:13:35.001Z,A1,item_1222,legitimate,1790272955455,main,,,
2026-09-25T13:13:35.001Z,A1,item_1223,unsure,1789490808207,main,,,
2026-09-25T13:13:35.001Z,A1,item_1224,legitimate,1789400749031,main,,,
2026-09-25T13:13:35.001Z,A1,item_1225,legitimate,1789400721023,main,,,
2026-09-25T13:13:35.001Z,A1,item_1226,legitimate,1790259708791,main,,,
2026-09-25T13:13:35.001Z,A1,item_1227,legitimate,1789490792123,main,,,
2026-09-25T13:13:35.001Z,A1,item_1228,legitimate,1789400709102,main,,,
2026-09-25T13:13:35.001Z,A1,item_1229,legitimate,1790258871768,main,,,
2026-09-25T13:13:35.001Z,A1,item_1230,legitimate,1789560803349,main,,,
2026-09-25T13:13:35.001Z,A1,item_1231,legitimate,1790273042783,main,,,
2026-09-25T13:13:35.001Z,A1,item_1232,legitimate,1790259896635,main,,,
2026-09-25T13:13:35.001Z,A1,item_1233,legitimate,1790258977054,main,,,
2026-09-25T13:13:35.001Z,A1,item_1234,legitimate,1789400694291,main,,,
2026-09-25T13:13:35.001Z,A1,item_1235,legitimate,1790272659583,main,,,
2026-09-25T13:13:35.001Z,A1,item_1236,legitimate,1789487973704,main,,,
2026-09-25T13:13:35.001Z,A1,item_1237,legitimate,1789400968379,main,,,
2026-09-25T13:13:35.001Z,A1,item_1238,legitimate,1789490911091,main,,,
2026-09-25T13:13:35.001Z,A1,item_1239,legitimate,1790271531672,main,,,
2026-09-25T13:13:35.001Z,A1,item_1240,legitimate,1789401407977,main,,,
2026-09-25T13:13:35.001Z,A1,item_1241,legitimate,1789400906607,main,,,
2026-09-25T13:13:35.001Z,A1,item_1242,legitimate,1789400952712,main,,,
2026-09-25T13:13:35.001Z,A1,item_1243,legitimate,1789400764270,main,,,
2026-09-25T13:13:35.001Z,A1,item_1244,legitimate,1789490863800,main,,,
2026-09-25T13:13:35.001Z,A1,item_1245,legitimate,1790328115876,main,,,
2026-09-25T13:13:35.001Z,A1,item_1246,legitimate,1790327159951,main,,,
2026-09-25T13:13:35.001Z,A1,item_1247,legitimate,1790259872261,main,,,
2026-09-25T13:13:35.001Z,A1,item_1248,garbled,1790326010398,main,,,
2026-09-25T13:13:35.001Z,A1,item_1249,legitimate,1790260141671,main,,,
2026-09-25T13:13:35.001Z,A1,item_125,legitimate,1789391665533,retired,,,
2026-09-25T13:13:35.001Z,A1,item_1250,legitimate,1790258826989,main,,,
2026-09-25T13:13:35.001Z,A1,item_1251,legitimate,1790259769166,main,,,
2026-09-25T13:13:35.001Z,A1,item_1252,legitimate,1790326241433,main,,,
2026-09-25T13:13:35.001Z,A1,item_1253,legitimate,1790272079692,main,,,
2026-09-25T13:13:35.001Z,A1,item_1254,legitimate,1789490789623,main,,,
2026-09-25T13:13:35.001Z,A1,item_1255,legitimate,1790317159062,main,,,
2026-09-25T13:13:35.001Z,A1,item_1256,legitimate,1790273039070,main,,,
2026-09-25T13:13:35.001Z,A1,item_1257,legitimate,1790258030839,main,,,
2026-09-25T13:13:35.001Z,A1,item_1258,legitimate,1789489528928,main,,,
2026-09-25T13:13:35.001Z,A1,item_1259,legitimate,1789821056218,main,,,
2026-09-25T13:13:35.001Z,A1,item_1260,legitimate,1789560773909,main,,,
2026-09-25T13:13:35.001Z,A1,item_1261,legitimate,1790270226195,main,,,
2026-09-25T13:13:35.001Z,A1,item_1262,legitimate,1789820920662,main,,,
2026-09-25T13:13:35.001Z,A1,item_1263,legitimate,1790258719467,main,,,
2026-09-25T13:13:35.001Z,A1,item_1264,legitimate,1789489512809,main,,,
2026-09-25T13:13:35.001Z,A1,item_1265,legitimate,1789493439119,main,,,
2026-09-25T13:13:35.001Z,A1,item_1266,legitimate,1789487219296,main,,,
2026-09-25T13:13:35.001Z,A1,item_1267,unsure,1790258966043,main,,,
2026-09-25T13:13:35.001Z,A1,item_1268,legitimate,1790260016215,main,,,
2026-09-25T13:13:35.001Z,A1,item_1269,legitimate,1789493345271,main,,,
2026-09-25T13:13:35.001Z,A1,item_1270,legitimate,1789560807197,main,,,
2026-09-25T13:13:35.001Z,A1,item_1271,legitimate,1789487214760,main,,,
2026-09-25T13:13:35.001Z,A1,item_1272,legitimate,1789821083181,main,,,
2026-09-25T13:13:35.001Z,A1,item_1273,legitimate,1790326132918,main,,,
2026-09-25T13:13:35.001Z,A1,item_1274,legitimate,1790260199148,main,,,
2026-09-25T13:13:35.001Z,A1,item_1275,legitimate,1789487159513,main,,,
2026-09-25T13:13:35.001Z,A1,item_1276,legitimate,1790326368526,main,,,
2026-09-25T13:13:35.001Z,A1,item_1277,legitimate,1789493416115,main,,,
2026-09-25T13:13:35.001Z,A1,item_1278,legitimate,1789487205420,main,,,
2026-09-25T13:13:35.001Z,A1,item_1279,garbled,1790258610149,main,,,
2026-09-25T13:13:35.001Z,A1,item_128,legitimate,1789392690803,retired,,,
2026-09-25T13:13:35.001Z,A1,item_1280,legitimate,1789490879008,main,,,
2026-09-25T13:13:35.001Z,A1,item_1281,unsure,1790271360223,main,,,
2026-09-25T13:13:35.001Z,A1,item_1282,legitimate,1790317289670,main,,,
2026-09-25T13:13:35.001Z,A1,item_1283,legitimate,1790326156011,main,,,
2026-09-25T13:13:35.001Z,A1,item_1284,legitimate,1789493289079,main,,,
2026-09-25T13:13:35.001Z,A1,item_1285,legitimate,1789487960760,main,,,
2026-09-25T13:13:35.001Z,A1,item_1286,legitimate,1790271596472,main,,,
2026-09-25T13:13:35.001Z,A1,item_133,legitimate,1789392400030,retired,,,
2026-09-25T13:13:35.001Z,A1,item_140,legitimate,1789392682935,retired,,,
2026-09-25T13:13:35.001Z,A1,item_141,legitimate,1789391332439,retired,,,
2026-09-25T13:13:35.001Z,A1,item_143,legitimate,1789392454434,retired,,,
2026-09-25T13:13:35.001Z,A1,item_153,legitimate,1789392643814,retired,,,
2026-09-25T13:13:35.001Z,A1,item_156,legitimate,1789391348619,retired,,,
2026-09-25T13:13:35.001Z,A1,item_159,garbled,1789392237426,retired,,,
2026-09-25T13:13:35.001Z,A1,item_160,legitimate,1789393088828,retired,,,
2026-09-25T13:13:35.001Z,A1,item_167,legitimate,1789393160036,retired,,,
2026-09-25T13:13:35.001Z,A1,item_1722,legitimate,1790259621970,main,,,
2026-09-25T13:13:35.001Z,A1,item_1723,unsure,1789487188801,main,,,
2026-09-25T13:13:35.001Z,A1,item_1724,legitimate,1790258906454,main,,,
2026-09-25T13:13:35.001Z,A1,item_1725,legitimate,1790317132915,main,,,
2026-09-25T13:13:35.001Z,A1,item_1726,legitimate,1790259650808,main,,,
2026-09-25T13:13:35.001Z,A1,item_1727,unsure,1790324882465,main,,,
2026-09-25T13:13:35.001Z,A1,item_1728,legitimate,1790271549223,main,,,
2026-09-25T13:13:35.001Z,A1,item_1729,legitimate,1789493442942,main,,,
2026-09-25T13:13:35.001Z,A1,item_173,legitimate,1789391447552,retired,,,
2026-09-25T13:13:35.001Z,A1,item_1730,unsure,1790328003625,main,,,
2026-09-25T13:13:35.001Z,A1,item_1731,legitimate,1790258852698,main,,,
2026-09-25T13:13:35.001Z,A1,item_1732,legitimate,1789493258255,main,,,
2026-09-25T13:13:35.001Z,A1,item_1733,legitimate,1789493330075,main,,,
2026-09-25T13:13:50.426Z,A1,item_1734,legitimate,1789487981020,main,,,
2026-09-25T13:13:50.426Z,A1,item_1735,legitimate,1789490796019,main,,,
2026-09-25T13:13:50.426Z,A1,item_1736,legitimate,1789821569461,main,,,
2026-09-25T13:13:50.426Z,A1,item_1737,legitimate,1789821802193,main,,,
2026-09-25T13:13:50.426Z,A1,item_1738,legitimate,1790317401821,main,,,
2026-09-25T13:13:50.426Z,A1,item_1739,legitimate,1789490856144,main,,,
2026-09-25T13:13:50.426Z,A1,item_174,legitimate,1789391226729,retired,,,
2026-09-25T13:13:50.426Z,A1,item_1740,legitimate,1790326274777,main,,,
2026-09-25T13:13:50.426Z,A1,item_1741,legitimate,1790259915511,main,,,
2026-09-25T13:13:50.426Z,A1,item_1742,legitimate,1789560762465,main,,,
2026-09-25T13:13:50.426Z,A1,item_1743,legitimate,1790271145122,main,,,
2026-09-25T13:13:50.426Z,A1,item_1744,legitimate,1790259868759,main,,,
2026-09-25T13:13:50.426Z,A1,item_1745,annoying,1790259603054,main,,,
2026-09-25T13:13:50.426Z,A1,item_1746,legitimate,1790325951938,main,,,
2026-09-25T13:13:50.426Z,A1,item_1747,legitimate,1789493419487,main,,,
2026-09-25T13:13:50.426Z,A1,item_1748,legitimate,1789490905120,main,,,
2026-09-25T13:13:50.426Z,A1,item_1749,legitimate,1789487968695,main,,,
2026-09-25T13:13:50.426Z,A1,item_1750,legitimate,1790259655689,main,,,
2026-09-25T13:13:50.426Z,A1,item_1751,unsure,1790273904289,main,,,
2026-09-25T13:13:50.426Z,A1,item_1752,legitimate,1789560855485,main,,,
2026-09-25T13:13:50.426Z,A1,item_1753,legitimate,1790272615728,main,,,
2026-09-25T13:13:50.426Z,A1,item_1754,legitimate,1790260011926,main,,,
2026-09-25T13:13:50.426Z,A1,item_1755,legitimate,1789493127290,main,,,
2026-09-25T13:13:50.426Z,A1,item_1756,legitimate,1790258818338,main,,,
2026-09-25T13:13:50.426Z,A1,item_1757,legitimate,1789489409068,main,,,
2026-09-25T13:13:50.426Z,A1,item_1758,legitimate,1790271805710,main,,,
2026-09-25T13:13:50.426Z,A1,item_1759,legitimate,1789560768937,main,,,
2026-09-25T13:13:50.426Z,A1,item_1760,legitimate,1790325766926,main,,,
2026-09-25T13:13:50.426Z,A1,item_1761,annoying,1790270648657,main,,,
2026-09-25T13:13:50.426Z,A1,item_1762,legitimate,1789487852623,main,,,
2026-09-25T13:13:50.426Z,A1,item_1763,annoying,1790325849056,main,,,
2026-09-25T13:13:50.426Z,A1,item_1764,annoying,1789487994384,main,,,
2026-09-25T13:13:50.426Z,A1,item_1765,legitimate,1790259976040,main,,,
2026-09-25T13:13:50.426Z,A1,item_1766,legitimate,1790325594799,main,,,
2026-09-25T13:13:50.426Z,A1,item_1767,legitimate,1789489551457,main,,,
2026-09-25T13:13:50.426Z,A1,item_1768,legitimate,1789560800489,main,,,
2026-09-25T13:13:50.426Z,A1,item_1769,unsure,1789489545020,main,,,
2026-09-25T13:13:50.426Z,A1,item_1770,legitimate,1790272366997,main,,,
2026-09-25T13:13:50.426Z,A1,item_1771,legitimate,1790271034706,main,,,
2026-09-25T13:13:50.426Z,A1,item_1772,legitimate,1789489487356,main,,,
2026-09-25T13:13:50.426Z,A1,item_1773,legitimate,1790258632647,main,,,
2026-09-25T13:13:50.426Z,A1,item_1774,legitimate,1790258055184,main,,,
2026-09-25T13:13:50.426Z,A1,item_1775,legitimate,1789493319983,main,,,
2026-09-25T13:13:50.426Z,A1,item_1776,legitimate,1790259436769,main,,,
2026-09-25T13:13:50.426Z,A1,item_1777,legitimate,1790272730918,main,,,
2026-09-25T13:13:50.426Z,A1,item_1778,annoying,1790272950844,main,,,
2026-09-25T13:13:50.426Z,A1,item_1779,legitimate,1789560852781,main,,,
2026-09-25T13:13:50.426Z,A1,item_178,legitimate,1789391466620,retired,,,
2026-09-25T13:13:50.426Z,A1,item_1780,legitimate,1789490841292,main,,,
2026-09-25T13:13:50.426Z,A1,item_1781,unsure,1790325812873,main,,,
2026-09-25T13:13:50.426Z,A1,item_1782,unsure,1790326120806,main,,,
2026-09-25T13:13:50.426Z,A1,item_1783,legitimate,1790259956881,main,,,
2026-09-25T13:13:50.426Z,A1,item_1784,legitimate,1789821612196,main,,,
2026-09-25T13:13:50.426Z,A1,item_1785,legitimate,1790272072946,main,,,
2026-09-25T13:13:50.426Z,A1,item_1786,legitimate,1790271008986,main,,,
2026-09-25T13:13:50.426Z,A1,item_1787,legitimate,1789493301275,main,,,
2026-09-25T13:13:50.426Z,A1,item_1788,annoying,1789487871547,main,,,
2026-09-25T13:13:50.426Z,A1,item_1789,legitimate,1790260115616,main,,,
2026-09-25T13:13:50.426Z,A1,item_1790,legitimate,1789490895515,main,,,
2026-09-25T13:13:50.426Z,A1,item_1791,annoying,1790271417757,main,,,
2026-09-25T13:13:50.426Z,A1,item_1792,annoying,1790271177507,main,,,
2026-09-25T13:13:50.426Z,A1,item_1793,legitimate,1790258921341,main,,,
2026-09-25T13:13:50.426Z,A1,item_1794,unsure,1789821726869,main,,,
2026-09-25T13:13:50.426Z,A1,item_1795,legitimate,1789821757832,main,,,
2026-09-25T13:13:50.426Z,A1,item_1796,legitimate,1789820916680,main,,,
2026-09-25T13:13:50.426Z,A1,item_1797,legitimate,1790327042111,main,,,
2026-09-25T13:13:50.426Z,A1,item_1798,legitimate,1789560787937,main,,,
2026-09-25T13:13:50.426Z,A1,item_1799,legitimate,1790272975701,main,,,
2026-09-25T13:13:50.426Z,A1,item_1800,legitimate,1789493172194,main,,,
2026-09-25T13:13:50.426Z,A1,item_1801,legitimate,1790258038867,main,,,
2026-09-25T13:13:50.426Z,A1,item_1802,legitimate,1790271058673,main,,,
2026-09-25T13:13:50.426Z,A1,item_1803,legitimate,1789487957208,main,,,
2026-09-25T13:13:50.426Z,A1,item_1804,legitimate,1790259851879,main,,,
2026-09-25T13:13:50.426Z,A1,item_1805,legitimate,1790327311729,main,,,
2026-09-25T13:13:50.426Z,A1,item_1806,legitimate,1789489522504,main,,,
2026-09-25T13:13:50.426Z,A1,item_1807,legitimate,1789493336447,main,,,
2026-09-25T13:13:50.426Z,A1,item_1808,legitimate,1790272826327,main,,,
2026-09-25T13:13:50.426Z,A1,item_1809,annoying,1790329672741,main,,,
2026-09-25T13:13:50.426Z,A1,item_1810,annoying,1790273076515,main,,,
2026-09-25T13:13:50.426Z,A1,item_1811,legitimate,1790273981642,main,,,
2026-09-25T13:13:50.426Z,A1,item_1812,legitimate,1790325826292,main,,,
2026-09-25T13:13:50.426Z,A1,item_1813,legitimate,1790270936427,main,,,
2026-09-25T13:13:50.426Z,A1,item_1814,legitimate,1789493413431,main,,,
2026-09-25T13:13:50.426Z,A1,item_1815,legitimate,1790259166927,main,,,
2026-09-25T13:13:50.426Z,A1,item_1816,legitimate,1790259911580,main,,,
2026-09-25T13:13:50.426Z,A1,item_1817,legitimate,1790327084343,main,,,
2026-09-25T13:13:50.426Z,A1,item_1818,legitimate,1790258735318,main,,,
2026-09-25T13:13:50.426Z,A1,item_1819,legitimate,1790270931663,main,,,
2026-09-25T13:13:50.426Z,A1,item_1820,unsure,1789489399192,main,,,
2026-09-25T13:13:50.426Z,A1,item_1821,legitimate,1789487155498,main,,,
2026-09-25T13:13:50.426Z,A1,item_1822,annoying,1790258017071,main,,,
2026-09-25T13:13:50.426Z,A1,item_1823,legitimate,1790326775518,main,,,
2026-09-25T13:13:50.426Z,A1,item_1824,unsure,1789493434927,main,,,
2026-09-25T13:13:50.426Z,A1,item_1825,legitimate,1789489414820,main,,,
2026-09-25T13:13:50.426Z,A1,item_1826,legitimate,1790272711197,main,,,
2026-09-25T13:13:50.426Z,A1,item_1827,legitimate,1790272049324,main,,,
2026-09-25T13:13:50.426Z,A1,item_1828,legitimate,1790258912334,main,,,
2026-09-25T13:13:50.426Z,A1,item_1829,annoying,1790314800343,main,,,
2026-09-25T13:13:50.426Z,A1,item_1830,annoying,1789493465370,main,,,
2026-09-25T13:13:50.426Z,A1,item_1831,legitimate,1790270988313,main,,,
2026-09-25T13:13:50.426Z,A1,item_1832,legitimate,1789493452331,main,,,
2026-09-25T13:13:50.426Z,A1,item_1833,annoying,1789487197141,main,,,
2026-09-25T13:13:50.426Z,A1,item_1834,legitimate,1790317054776,main,,,
2026-09-25T13:13:50.426Z,A1,item_1835,legitimate,1789493167342,main,,,
2026-09-25T13:13:50.426Z,A1,item_1836,legitimate,1790260151585,main,,,
2026-09-25T13:13:50.426Z,A1,item_1837,legitimate,1790319322146,main,,,
2026-09-25T13:13:50.426Z,A1,item_1838,legitimate,1789490849956,main,,,
2026-09-25T13:13:50.426Z,A1,item_1839,legitimate,1790327970260,main,,,
2026-09-25T13:13:50.426Z,A1,item_1840,legitimate,1789489504184,main,,,
2026-09-25T13:13:50.426Z,A1,item_1841,legitimate,1789821075083,main,,,
2026-09-25T13:13:50.426Z,A1,item_1842,unsure,1789488007351,main,,,
2026-09-25T13:13:50.426Z,A1,item_1843,legitimate,1790273132153,main,,,
2026-09-25T13:13:50.426Z,A1,item_1844,legitimate,1790258340243,main,,,
2026-09-25T13:13:50.426Z,A1,item_1845,legitimate,1790326256940,main,,,
2026-09-25T13:13:50.426Z,A1,item_1846,legitimate,1790317046204,main,,,
2026-09-25T13:13:50.426Z,A1,item_1847,unsure,1790272136621,main,,,
2026-09-25T13:13:50.426Z,A1,item_1848,legitimate,1790317023817,main,,,
2026-09-25T13:13:50.426Z,A1,item_1849,legitimate,1790270631341,main,,,
2026-09-25T13:13:50.426Z,A1,item_1850,legitimate,1789487834751,main,,,
2026-09-25T13:13:50.426Z,A1,item_1851,legitimate,1790259904746,main,,,
2026-09-25T13:13:50.426Z,A1,item_1852,annoying,1790270453506,main,,,
2026-09-25T13:13:50.426Z,A1,item_1853,legitimate,1790258865392,main,,,
2026-09-25T13:13:50.426Z,A1,item_1854,legitimate,1789489501395,main,,,
2026-09-25T13:13:50.426Z,A1,item_1855,legitimate,1790257987499,main,,,
2026-09-25T13:13:50.426Z,A1,item_1856,annoying,1790325956902,main,,,
2026-09-25T13:13:50.426Z,A1,item_1857,legitimate,1789493342558,main,,,
2026-09-25T13:13:50.426Z,A1,item_1858,legitimate,1789493130590,main,,,
2026-09-25T13:13:50.426Z,A1,item_1859,legitimate,1789489433320,main,,,
2026-09-25T13:13:50.426Z,A1,item_186,legitimate,1789391266355,retired,,,
2026-09-25T13:13:50.426Z,A1,item_1860,legitimate,1789493142502,main,,,
2026-09-25T13:13:50.426Z,A1,item_1861,legitimate,1789821565562,main,,,
2026-09-25T13:13:50.426Z,A1,item_1862,legitimate,1789821021347,main,,,
2026-09-25T13:13:50.426Z,A1,item_1863,legitimate,1790270719424,main,,,
2026-09-25T13:13:50.426Z,A1,item_1864,legitimate,1789560782621,main,,,
2026-09-25T13:13:50.426Z,A1,item_1865,legitimate,1789821626539,main,,,
2026-09-25T13:13:50.426Z,A1,item_1866,legitimate,1790259054677,main,,,
2026-09-25T13:13:50.426Z,A1,item_1867,legitimate,1789489480772,main,,,
2026-09-25T13:13:50.426Z,A1,item_1868,unsure,1789493157266,main,,,
2026-09-25T13:13:50.426Z,A1,item_1869,legitimate,1789490888548,main,,,
2026-09-25T13:13:50.426Z,A1,item_1870,legitimate,1789493448727,main,,,
2026-09-25T13:13:50.426Z,A1,item_1871,unsure,1789490775795,main,,,
2026-09-25T13:13:50.426Z,A1,item_1872,legitimate,1790259181948,main,,,
2026-09-25T13:13:50.426Z,A1,item_1873,legitimate,1790326981526,main,,,
2026-09-25T13:13:50.426Z,A1,item_1874,legitimate,1789490901508,main,,,
2026-09-25T13:13:50.426Z,A1,item_1875,legitimate,1790271054070,main,,,
2026-09-25T13:13:50.426Z,A1,item_1876,legitimate,1790272683109,main,,,
2026-09-25T13:13:50.426Z,A1,item_1877,unsure,1789493277050,main,,,
2026-09-25T13:13:50.426Z,A1,item_1878,legitimate,1789493305455,main,,,
2026-09-25T13:13:50.426Z,A1,item_1879,legitimate,1790326067112,main,,,
2026-09-25T13:13:50.426Z,A1,item_188,legitimate,1789392522674,retired,,,
2026-09-25T13:13:50.426Z,A1,item_1880,annoying,1790270670822,main,,,
2026-09-25T13:13:50.426Z,A1,item_1881,legitimate,1790271401936,main,,,
2026-09-25T13:13:50.426Z,A1,item_1882,annoying,1790272345100,main,,,
2026-09-25T13:13:50.426Z,A1,item_1883,legitimate,1790326468136,main,,,
2026-09-25T13:13:50.426Z,A1,item_1884,annoying,1789493206686,main,,,
2026-09-25T13:13:50.426Z,A1,item_1885,legitimate,1790258893702,main,,,
2026-09-25T13:13:50.426Z,A1,item_1886,legitimate,1790259071942,main,,,
2026-09-25T13:13:50.426Z,A1,item_1887,legitimate,1790326455927,main,,,
2026-09-25T13:13:50.426Z,A1,item_1888,legitimate,1790326267525,main,,,
2026-09-25T13:13:50.426Z,A1,item_1889,legitimate,1790259645942,main,,,
2026-09-25T13:13:50.426Z,A1,item_1890,legitimate,1789489556725,main,,,
2026-09-25T13:13:50.426Z,A1,item_1891,legitimate,1790325800208,main,,,
2026-09-25T13:13:50.426Z,A1,item_1892,legitimate,1789487977560,main,,,
2026-09-25T13:13:50.426Z,A1,item_1893,legitimate,1790271042827,main,,,
2026-09-25T13:13:50.426Z,A1,item_1894,legitimate,1790259763476,main,,,
2026-09-25T13:13:50.426Z,A1,item_1895,legitimate,1789490881908,main,,,
2026-09-25T13:13:50.426Z,A1,item_1896,annoying,1790326444898,main,,,
2026-09-25T13:13:50.426Z,A1,item_1897,legitimate,1789821764356,main,,,
2026-09-25T13:13:50.426Z,A1,item_1898,legitimate,1790260026293,main,,,
2026-09-25T13:13:50.426Z,A1,item_1899,legitimate,1790270200978,main,,,
2026-09-25T13:13:50.426Z,A1,item_1900,legitimate,1790260139087,main,,,
2026-09-25T13:13:50.426Z,A1,item_1901,legitimate,1790259429282,main,,,
2026-09-25T13:13:50.426Z,A1,item_1902,legitimate,1789489493956,main,,,
2026-09-25T13:13:50.426Z,A1,item_1903,legitimate,1789493298447,main,,,
2026-09-25T13:13:50.426Z,A1,item_1904,legitimate,1789489419856,main,,,
2026-09-25T13:13:50.426Z,A1,item_1905,legitimate,1790271379893,main,,,
2026-09-25T13:13:50.426Z,A1,item_1906,unsure,1789489470669,main,,,
2026-09-25T13:13:50.426Z,A1,item_1907,legitimate,1789821692568,main,,,
2026-09-25T13:13:50.426Z,A1,item_1908,unsure,1790325608841,main,,,
2026-09-25T13:13:50.426Z,A1,item_1909,legitimate,1790270403844,main,,,
2026-09-25T13:13:50.426Z,A1,item_191,legitimate,1789392413010,retired,,,
2026-09-25T13:13:50.426Z,A1,item_1910,legitimate,1790259106538,main,,,
2026-09-25T13:13:50.426Z,A1,item_1911,legitimate,1790260020267,main,,,
2026-09-25T13:13:50.426Z,A1,item_1912,legitimate,1789487193338,main,,,
2026-09-25T13:13:50.426Z,A1,item_1913,legitimate,1790272766381,main,,,
2026-09-25T13:13:50.426Z,A1,item_1914,legitimate,1790271933790,main,,,
2026-09-25T13:13:50.426Z,A1,item_1915,unsure,1790259951015,main,,,
2026-09-25T13:13:50.426Z,A1,item_1916,legitimate,1790259190998,main,,,
2026-09-25T13:13:50.426Z,A1,item_1917,legitimate,1789489564273,main,,,
2026-09-25T13:13:50.426Z,A1,item_1918,legitimate,1790274011748,main,,,
2026-09-25T13:13:50.426Z,A1,item_1919,legitimate,1789821768859,main,,,
2026-09-25T13:13:50.426Z,A1,item_1920,legitimate,1790317770365,main,,,
2026-09-25T13:13:50.426Z,A1,item_1921,legitimate,1789821783572,main,,,
2026-09-25T13:13:50.426Z,A1,item_1922,annoying,1789489445052,main,,,
2026-09-25T13:13:50.426Z,A1,item_1923,unsure,1790326770982,main,,,
2026-09-25T13:13:50.426Z,A1,item_1924,legitimate,1790258064181,main,,,
2026-09-25T13:13:50.426Z,A1,item_1925,legitimate,1790271928979,main,,,
2026-09-25T13:13:50.426Z,A1,item_1926,legitimate,1790271383460,main,,,
2026-09-25T13:13:50.426Z,A1,item_1927,annoying,1790270815130,main,,,
2026-09-25T13:13:50.426Z,A1,item_1928,legitimate,1789489439708,main,,,
2026-09-25T13:13:50.426Z,A1,item_1929,annoying,1789487989792,main,,,
2026-09-25T13:13:50.426Z,A1,item_193,legitimate,1789392048534,retired,,,
2026-09-25T13:13:50.426Z,A1,item_1930,legitimate,1790272983473,main,,,
2026-09-25T13:13:50.426Z,A1,item_1931,legitimate,1790271575471,main,,,
2026-09-25T13:13:50.426Z,A1,item_1932,legitimate,1789487878804,main,,,
2026-09-25T13:13:50.426Z,A1,item_1933,legitimate,1790259186513,main,,,
2026-09-25T13:13:50.426Z,A1,item_1934,legitimate,1790271637789,main,,,
2026-09-25T13:13:50.426Z,A1,item_1935,legitimate,1790258664564,main,,,
2026-09-25T13:13:50.426Z,A1,item_1936,unsure,1790270251867,main,,,
2026-09-25T13:13:50.426Z,A1,item_1937,annoying,1790274033618,main,,,
2026-09-25T13:13:50.426Z,A1,item_1938,legitimate,1789487813614,main,,,
2026-09-25T13:13:50.426Z,A1,item_1939,legitimate,1790259884229,main,,,
2026-09-25T13:13:50.426Z,A1,item_1940,legitimate,1790259201028,main,,,
2026-09-25T13:13:50.426Z,A1,item_1941,annoying,1789493195378,main,,,
2026-09-25T13:13:50.426Z,A1,item_1942,legitimate,1790260002346,main,,,
2026-09-25T13:13:50.426Z,A1,item_1943,legitimate,1790317285758,main,,,
2026-09-25T13:13:50.426Z,A1,item_1944,legitimate,1790325291813,main,,,
2026-09-25T13:13:50.426Z,A1,item_1945,legitimate,1789490785518,main,,,
2026-09-25T13:13:50.426Z,A1,item_1946,legitimate,1789493138846,main,,,
2026-09-25T13:13:50.426Z,A1,item_1947,legitimate,1789489447757,main,,,
2026-09-25T13:13:50.426Z,A1,item_1948,legitimate,1790258845015,main,,,
2026-09-25T13:13:50.426Z,A1,item_1949,legitimate,1790258902340,main,,,
2026-09-25T13:13:50.426Z,A1,item_195,legitimate,1789391439112,retired,,,
2026-09-25T13:13:50.426Z,A1,item_1950,legitimate,1790273140928,main,,,
2026-09-25T13:13:50.426Z,A1,item_1951,legitimate,1790328102111,main,,,
2026-09-25T13:13:50.426Z,A1,item_1952,legitimate,1790271924635,main,,,
2026-09-25T13:13:50.426Z,A1,item_1953,legitimate,1790274019154,main,,,
2026-09-25T13:13:50.426Z,A1,item_1954,legitimate,1790328051253,main,,,
2026-09-25T13:13:50.426Z,A1,item_1955,legitimate,1790273104156,main,,,
2026-09-25T13:13:50.426Z,A1,item_1956,legitimate,1790272702600,main,,,
2026-09-25T13:13:50.426Z,A1,item_1957,legitimate,1790319301259,main,,,
2026-09-25T13:13:50.426Z,A1,item_1958,legitimate,1790327095043,main,,,
2026-09-25T13:13:50.426Z,A1,item_1959,legitimate,1790270214738,main,,,
2026-09-25T13:13:50.426Z,A1,item_1960,legitimate,1790258595543,main,,,
2026-09-25T13:13:50.426Z,A1,item_1961,legitimate,1790260162999,main,,,
2026-09-25T13:13:50.426Z,A1,item_1962,legitimate,1790327241748,main,,,
2026-09-25T13:13:50.426Z,A1,item_1963,legitimate,1790271615600,main,,,
2026-09-25T13:13:50.426Z,A1,item_1964,legitimate,1790271166006,main,,,
2026-09-25T13:13:50.426Z,A1,item_1965,legitimate,1790259880046,main,,,
2026-09-25T13:13:50.426Z,A1,item_1966,legitimate,1790270399959,main,,,
2026-09-25T13:13:50.426Z,A1,item_1967,legitimate,1790272790138,main,,,
2026-09-25T13:13:50.426Z,A1,item_1968,legitimate,1790325968975,main,,,
2026-09-25T13:13:50.426Z,A1,item_1969,legitimate,1790259160581,main,,,
2026-09-25T13:13:50.426Z,A1,item_1970,legitimate,1790317748678,main,,,
2026-09-25T13:13:50.426Z,A1,item_1971,legitimate,1790328013947,main,,,
2026-09-25T13:13:50.426Z,A1,item_1972,legitimate,1790271404440,main,,,
2026-09-25T13:13:50.426Z,A1,item_1973,unsure,1790270577766,main,,,
2026-09-25T13:13:50.426Z,A1,item_1974,legitimate,1790259068091,main,,,
2026-09-25T13:13:50.426Z,A1,item_1975,legitimate,1790270711086,main,,,
2026-09-25T13:13:50.426Z,A1,item_1976,unsure,1790270782878,main,,,
2026-09-25T13:13:50.426Z,A1,item_1977,legitimate,1790270686049,main,,,
2026-09-25T13:13:50.426Z,A1,item_1978,unsure,1790274081054,main,,,
2026-09-25T13:13:50.426Z,A1,item_1979,unsure,1790258372873,main,,,
2026-09-25T13:13:50.426Z,A1,item_1980,legitimate,1790270634183,main,,,
2026-09-25T13:13:50.426Z,A1,item_1981,garbled,1790270481904,main,,,
2026-09-25T13:13:50.426Z,A1,item_1982,unsure,1790271572585,main,,,
2026-09-25T13:13:50.426Z,A1,item_1983,legitimate,1790329652513,main,,,
2026-09-25T13:13:50.426Z,A1,item_1984,unsure,1790273923093,main,,,
2026-09-25T13:13:50.426Z,A1,item_1985,legitimate,1790259050261,main,,,
2026-09-25T13:13:50.426Z,A1,item_1986,legitimate,1790259138709,main,,,
2026-09-25T13:13:50.426Z,A1,item_1987,legitimate,1790273098623,main,,,
2026-09-25T13:13:50.426Z,A1,item_1988,legitimate,1790260144714,main,,,
2026-09-25T13:13:50.426Z,A1,item_1989,legitimate,1790259360232,main,,,
2026-09-25T13:13:50.426Z,A1,item_1990,legitimate,1790259801496,main,,,
2026-09-25T13:13:50.426Z,A1,item_1991,legitimate,1790272721812,main,,,
2026-09-25T13:13:50.426Z,A1,item_1992,unsure,1790270620218,main,,,
2026-09-25T13:13:50.426Z,A1,item_1993,legitimate,1790325841877,main,,,
2026-09-25T13:13:50.426Z,A1,item_1994,legitimate,1790326029427,main,,,
2026-09-25T13:13:50.426Z,A1,item_1995,legitimate,1790314819171,main,,,
2026-09-25T13:13:50.426Z,A1,item_1996,legitimate,1790327108576,main,,,
2026-09-25T13:13:50.426Z,A1,item_1997,legitimate,1790273136862,main,,,
2026-09-25T13:13:50.426Z,A1,item_1998,legitimate,1790272627139,main,,,
2026-09-25T13:13:50.426Z,A1,item_1999,legitimate,1790270259351,main,,,
2026-09-25T13:13:50.426Z,A1,item_2000,legitimate,1790258781930,main,,,
2026-09-25T13:13:50.426Z,A1,item_2001,legitimate,1790258829865,main,,,
2026-09-25T13:13:50.426Z,A1,item_2002,garbled,1790326997903,main,,,
2026-09-25T13:13:50.426Z,A1,item_2003,legitimate,1790272755254,main,,,
2026-09-25T13:13:50.426Z,A1,item_2004,legitimate,1790272673542,main,,,
2026-09-25T13:13:50.426Z,A1,item_2005,legitimate,1790325831209,main,,,
2026-09-25T13:13:50.426Z,A1,item_2006,legitimate,1790326570835,main,,,
2026-09-25T13:13:50.426Z,A1,item_2007,legitimate,1790317753320,main,,,
2026-09-25T13:13:50.426Z,A1,item_2008,legitimate,1790327228152,main,,,
2026-09-25T13:13:50.426Z,A1,item_2009,legitimate,1790258752647,main,,,
2026-09-25T13:13:50.426Z,A1,item_2010,legitimate,1790259841912,main,,,
2026-09-25T13:13:50.426Z,A1,item_2011,legitimate,1790259672341,main,,,
2026-09-25T13:13:50.426Z,A1,item_2012,legitimate,1790325820680,main,,,
2026-09-25T13:13:50.426Z,A1,item_2013,legitimate,1790259146842,main,,,
2026-09-25T13:13:50.426Z,A1,item_2014,legitimate,1790272917188,main,,,
2026-09-25T13:13:50.426Z,A1,item_2015,legitimate,1790270413972,main,,,
2026-09-25T13:13:50.426Z,A1,item_2016,legitimate,1790272187693,main,,,
2026-09-25T13:13:50.426Z,A1,item_2017,legitimate,1790326527822,main,,,
2026-09-25T13:13:50.426Z,A1,item_2018,legitimate,1790272158515,main,,,
2026-09-25T13:13:50.426Z,A1,item_2019,legitimate,1790274024662,main,,,
2026-09-25T13:13:50.426Z,A1,item_2020,legitimate,1790270262072,main,,,
2026-09-25T13:13:50.426Z,A1,item_2021,legitimate,1790272774936,main,,,
2026-09-25T13:13:50.426Z,A1,item_2022,annoying,1790325859942,main,,,
2026-09-25T13:13:50.426Z,A1,item_2023,legitimate,1790260181252,main,,,
2026-09-25T13:13:50.426Z,A1,item_2024,unsure,1790272042080,main,,,
2026-09-25T13:13:50.426Z,A1,item_2025,legitimate,1790259676440,main,,,
2026-09-25T13:13:50.426Z,A1,item_2026,legitimate,1790260170244,main,,,
2026-09-25T13:14:20.180Z,A1,item_2027,legitimate,1790317060445,main,,,
2026-09-25T13:14:20.180Z,A1,item_2028,legitimate,1790259745427,main,,,
2026-09-25T13:14:20.180Z,A1,item_2029,legitimate,1790259965815,main,,,
2026-09-25T13:14:20.180Z,A1,item_203,garbled,1789391311807,retired,,,
2026-09-25T13:14:20.180Z,A1,item_2030,legitimate,1790258625412,main,,,
2026-09-25T13:14:20.180Z,A1,item_2031,annoying,1790270583727,main,,,
2026-09-25T13:14:20.180Z,A1,item_2032,legitimate,1790270916222,main,,,
2026-09-25T13:14:20.180Z,A1,item_2033,legitimate,1790270209263,main,,,
2026-09-25T13:14:20.180Z,A1,item_2034,legitimate,1790326140035,main,,,
2026-09-25T13:14:20.180Z,A1,item_2035,annoying,1790271788577,main,,,
2026-09-25T13:14:20.180Z,A1,item_2036,legitimate,1790257962462,main,,,
2026-09-25T13:14:20.180Z,A1,item_2037,legitimate,1790259697773,main,,,
2026-09-25T13:14:20.180Z,A1,item_2038,legitimate,1790258399855,main,,,
2026-09-25T13:14:20.180Z,A1,item_2039,legitimate,1790272095738,main,,,
2026-09-25T13:14:20.180Z,A1,item_2040,unsure,1790273030948,main,,,
2026-09-25T13:14:20.180Z,A1,item_2041,legitimate,1790271160178,main,,,
2026-09-25T13:14:20.180Z,A1,item_2042,annoying,1790325639724,main,,,
2026-09-25T13:14:20.180Z,A1,item_2043,legitimate,1790270465710,main,,,
2026-09-25T13:14:20.180Z,A1,item_2044,legitimate,1790272966569,main,,,
2026-09-25T13:14:20.180Z,A1,item_2045,legitimate,1790328143972,main,,,
2026-09-25T13:14:20.180Z,A1,item_2046,legitimate,1790272903729,main,,,
2026-09-25T13:14:20.180Z,A1,item_2047,unsure,1790271392182,main,,,
2026-09-25T13:14:20.180Z,A1,item_2048,legitimate,1790260130570,main,,,
2026-09-25T13:14:20.180Z,A1,item_2049,legitimate,1790259443370,main,,,
2026-09-25T13:14:20.180Z,A1,item_2050,legitimate,1790258897422,main,,,
2026-09-25T13:14:20.180Z,A1,item_2051,legitimate,1790260103319,main,,,
2026-09-25T13:14:20.180Z,A1,item_2052,legitimate,1790259918861,main,,,
2026-09-25T13:14:20.180Z,A1,item_2053,legitimate,1790272090253,main,,,
2026-09-25T13:14:20.180Z,A1,item_2054,legitimate,1790272192847,main,,,
2026-09-25T13:14:20.180Z,A1,item_2055,legitimate,1790270679850,main,,,
2026-09-25T13:14:20.180Z,A1,item_2056,legitimate,1790271945276,main,,,
2026-09-25T13:14:20.180Z,A1,item_2057,legitimate,1790270625226,main,,,
2026-09-25T13:14:20.180Z,A1,item_2058,legitimate,1790271365443,main,,,
2026-09-25T13:14:20.180Z,A1,item_2059,legitimate,1790258381531,main,,,
2026-09-25T13:14:20.180Z,A1,item_2060,legitimate,1790270597118,main,,,
2026-09-25T13:14:20.180Z,A1,item_2061,legitimate,1790326557401,main,,,
2026-09-25T13:14:20.180Z,A1,item_2062,annoying,1790272745984,main,,,
2026-09-25T13:14:20.180Z,A1,item_2063,legitimate,1790324900264,main,,,
2026-09-25T13:14:20.180Z,A1,item_2064,legitimate,1790326176616,main,,,
2026-09-25T13:14:20.180Z,A1,item_2065,legitimate,1790260157533,main,,,
2026-09-25T13:14:20.180Z,A1,item_2066,legitimate,1790326718260,main,,,
2026-09-25T13:14:20.180Z,A1,item_2067,annoying,1790270489579,main,,,
2026-09-25T13:14:20.180Z,A1,item_2068,legitimate,1790272609249,main,,,
2026-09-25T13:14:20.180Z,A1,item_2069,legitimate,1790272102000,main,,,
2026-09-25T13:14:20.180Z,A1,item_207,legitimate,1789392042770,retired,,,
2026-09-25T13:14:20.180Z,A1,item_2070,legitimate,1790271046668,main,,,
2026-09-25T13:14:20.180Z,A1,item_2071,legitimate,1790259833777,main,,,
2026-09-25T13:14:20.180Z,A1,item_2072,legitimate,1790272180601,main,,,
2026-09-25T13:14:20.180Z,A1,item_2073,legitimate,1790260097336,main,,,
2026-09-25T13:14:20.180Z,A1,item_2074,legitimate,1790270396322,main,,,
2026-09-25T13:14:20.180Z,A1,item_2075,legitimate,1790327060184,main,,,
2026-09-25T13:14:20.180Z,A1,item_2076,legitimate,1790258043718,main,,,
2026-09-25T13:14:20.180Z,A1,item_2077,unsure,1790326226058,main,,,
2026-09-25T13:14:20.180Z,A1,item_2078,annoying,1790325583810,main,,,
2026-09-25T13:14:20.180Z,A1,item_2079,legitimate,1790273047841,main,,,
2026-09-25T13:14:20.180Z,A1,item_2080,legitimate,1790272025658,main,,,
2026-09-25T13:14:20.180Z,A1,item_2081,annoying,1790329530308,main,,,
2026-09-25T13:14:20.180Z,A1,item_2082,legitimate,1790319307531,main,,,
2026-09-25T13:14:20.180Z,A1,item_2083,legitimate,1790271953350,main,,,
2026-09-25T13:14:20.180Z,A1,item_2084,legitimate,1790259353729,main,,,
2026-09-25T13:14:20.180Z,A1,item_2085,legitimate,1790260069513,main,,,
2026-09-25T13:14:20.180Z,A1,item_2086,legitimate,1790326055540,main,,,
2026-09-25T13:14:20.180Z,A1,item_2087,legitimate,1790329470250,main,,,
2026-09-25T13:14:20.180Z,A1,item_2088,unsure,1790271586664,main,,,
2026-09-25T13:14:20.180Z,A1,item_2089,legitimate,1790329503359,main,,,
2026-09-25T13:14:20.180Z,A1,item_2090,legitimate,1790259687070,main,,,
2026-09-25T13:14:20.180Z,A1,item_2091,legitimate,1790270802342,main,,,
2026-09-25T13:14:20.180Z,A1,item_2092,legitimate,1790259823504,main,,,
2026-09-25T13:14:20.180Z,A1,item_2093,legitimate,1790259063263,main,,,
2026-09-25T13:14:20.180Z,A1,item_2094,annoying,1790271963047,main,,,
2026-09-25T13:14:20.180Z,A1,item_2095,annoying,1790258075432,main,,,
2026-09-25T13:14:20.180Z,A1,item_2096,unsure,1790272206948,main,,,
2026-09-25T13:14:20.180Z,A1,item_2097,legitimate,1790326484767,main,,,
2026-09-25T13:14:20.180Z,A1,item_2098,legitimate,1790259175198,main,,,
2026-09-25T13:14:20.180Z,A1,item_2099,legitimate,1790317143896,main,,,
2026-09-25T13:14:20.180Z,A1,item_210,legitimate,1789393094384,retired,,,
2026-09-25T13:14:20.180Z,A1,item_2100,annoying,1790326579970,main,,,
2026-09-25T13:14:20.180Z,A1,item_2101,legitimate,1790259969319,main,,,
2026-09-25T13:14:20.180Z,A1,item_2102,annoying,1790259733072,main,,,
2026-09-25T13:14:20.180Z,A1,item_2103,legitimate,1790327302456,main,,,
2026-09-25T13:14:20.180Z,A1,item_2104,unsure,1790260088851,main,,,
2026-09-25T13:14:20.180Z,A1,item_2105,legitimate,1790271949094,main,,,
2026-09-25T13:14:20.180Z,A1,item_2106,legitimate,1790272604469,main,,,
2026-09-25T13:14:20.180Z,A1,item_2107,legitimate,1790258832767,main,,,
2026-09-25T13:14:20.180Z,A1,item_2108,legitimate,1790260175215,main,,,
2026-09-25T13:14:20.180Z,A1,item_2109,legitimate,1790272593379,main,,,
2026-09-25T13:14:20.180Z,A1,item_211,legitimate,1789392497010,retired,,,
2026-09-25T13:14:20.180Z,A1,item_2110,legitimate,1790259170364,main,,,
2026-09-25T13:14:20.180Z,A1,item_2111,annoying,1790272836912,main,,,
2026-09-25T13:14:20.180Z,A1,item_2112,legitimate,1790258356163,main,,,
2026-09-25T13:14:20.180Z,A1,item_2113,legitimate,1790258798566,main,,,
2026-09-25T13:14:20.180Z,A1,item_2114,legitimate,1790319319303,main,,,
2026-09-25T13:14:20.180Z,A1,item_2115,legitimate,1790324911521,main,,,
2026-09-25T13:14:20.180Z,A1,item_2116,legitimate,1790258745857,main,,,
2026-09-25T13:14:20.180Z,A1,item_2117,legitimate,1790325890397,main,,,
2026-09-25T13:14:20.180Z,A1,item_2118,unsure,1790259349614,main,,,
2026-09-25T13:14:20.180Z,A1,item_2119,unsure,1790319286012,main,,,
2026-09-25T13:14:20.180Z,A1,item_212,legitimate,1789391489600,retired,,,
2026-09-25T13:14:20.180Z,A1,item_2120,legitimate,1790258839633,main,,,
2026-09-25T13:14:20.180Z,A1,item_2121,legitimate,1790270203397,main,,,
2026-09-25T13:14:20.180Z,A1,item_2122,annoying,1790259132776,main,,,
2026-09-25T13:14:20.180Z,A1,item_2123,legitimate,1790325548660,main,,,
2026-09-25T13:14:20.180Z,A1,item_2124,legitimate,1790326235233,main,,,
2026-09-25T13:14:20.180Z,A1,item_2125,legitimate,1790314823387,main,,,
2026-09-25T13:14:20.180Z,A1,item_2126,unsure,1790325719199,main,,,
2026-09-25T13:14:20.180Z,A1,item_2127,legitimate,1790258348235,main,,,
2026-09-25T13:14:20.180Z,A1,item_2128,legitimate,1790325524318,main,,,
2026-09-25T13:14:20.180Z,A1,item_2129,legitimate,1790260134546,main,,,
2026-09-25T13:14:20.180Z,A1,item_213,legitimate,1789392501430,retired,,,
2026-09-25T13:14:20.180Z,A1,item_2130,unsure,1790258712663,main,,,
2026-09-25T13:14:20.180Z,A1,item_2131,legitimate,1790271777744,main,,,
2026-09-25T13:14:20.180Z,A1,item_2132,legitimate,1790325536872,main,,,
2026-09-25T13:14:20.180Z,A1,item_2133,legitimate,1790257980516,main,,,
2026-09-25T13:14:20.180Z,A1,item_2134,annoying,1790259611390,main,,,
2026-09-25T13:14:20.180Z,A1,item_2135,legitimate,1790259986861,main,,,
2026-09-25T13:14:20.180Z,A1,item_2136,legitimate,1790273144967,main,,,
2026-09-25T13:14:20.180Z,A1,item_2137,legitimate,1790328130686,main,,,
2026-09-25T13:14:20.180Z,A1,item_2138,annoying,1790270608614,main,,,
2026-09-25T13:14:20.180Z,A1,item_2139,unsure,1790270774325,main,,,
2026-09-25T13:14:20.180Z,A1,item_2140,legitimate,1790258679469,main,,,
2026-09-25T13:14:20.180Z,A1,item_2141,unsure,1790327281500,main,,,
2026-09-25T13:14:20.180Z,A1,item_2142,legitimate,1790271919953,main,,,
2026-09-25T13:14:20.180Z,A1,item_2143,unsure,1790328042219,main,,,
2026-09-25T13:14:20.180Z,A1,item_2144,legitimate,1790272584797,main,,,
2026-09-25T13:14:20.180Z,A1,item_2145,unsure,1790328183668,main,,,
2026-09-25T13:14:20.180Z,A1,item_2146,legitimate,1790326522304,main,,,
2026-09-25T13:14:20.180Z,A1,item_2147,unsure,1790258698596,main,,,
2026-09-25T13:14:20.180Z,A1,item_2148,legitimate,1790326802638,retired,,,
2026-09-25T13:14:20.180Z,A1,item_2149,annoying,1790326282973,retired,,,
2026-09-25T13:14:20.180Z,A1,item_2150,legitimate,1790327965189,retired,,,
2026-09-25T13:14:20.180Z,A1,item_2151,unsure,1790326198175,retired,,,
2026-09-25T13:14:20.180Z,A1,item_2152,legitimate,1790326364337,retired,,,
2026-09-25T13:14:20.180Z,A1,item_2153,legitimate,1790325925347,retired,,,
2026-09-25T13:14:20.180Z,A1,item_2154,unsure,1790327296862,retired,,,
2026-09-25T13:14:20.180Z,A1,item_2155,legitimate,1790326475677,retired,,,
2026-09-25T13:14:20.180Z,A1,item_2156,legitimate,1790317395791,retired,,,
2026-09-25T13:14:20.180Z,A1,item_2157,legitimate,1790328022722,retired,,,
2026-09-25T13:14:20.180Z,A1,item_2158,unsure,1790328191547,retired,,,
2026-09-25T13:14:20.180Z,A1,item_2159,legitimate,1790318580050,retired,,,
2026-09-25T13:14:20.180Z,A1,item_2160,annoying,1790327339115,retired,,,
2026-09-25T13:14:20.180Z,A1,item_2161,legitimate,1790328216578,retired,,,
2026-09-25T13:14:20.180Z,A1,item_2162,legitimate,1790325751474,retired,,,
2026-09-25T13:14:20.180Z,A1,item_2163,legitimate,1790327264597,retired,,,
2026-09-25T13:14:20.180Z,A1,item_2164,legitimate,1790325902545,retired,,,
2026-09-25T13:14:20.180Z,A1,item_2165,legitimate,1790326502798,retired,,,
2026-09-25T13:14:20.180Z,A1,item_2166,legitimate,1790326020224,retired,,,
2026-09-25T13:14:20.180Z,A1,item_2167,legitimate,1790327145133,retired,,,
2026-09-25T13:14:20.180Z,A1,item_2168,unsure,1790328248527,retired,,,
2026-09-25T13:14:20.180Z,A1,item_2169,legitimate,1790326144782,retired,,,
2026-09-25T13:14:20.180Z,A1,item_2170,legitimate,1790327121625,retired,,,
2026-09-25T13:14:20.180Z,A1,item_2171,annoying,1790325493348,retired,,,
2026-09-25T13:14:20.180Z,A1,item_2172,legitimate,1790325918899,retired,,,
2026-09-25T13:14:20.180Z,A1,item_2173,legitimate,1790329496916,retired,,,
2026-09-25T13:14:20.180Z,A1,item_2174,unsure,1790328078676,retired,,,
2026-09-25T13:14:20.180Z,A1,item_2175,legitimate,1790326514215,retired,,,
2026-09-25T13:14:20.180Z,A1,item_2176,legitimate,1790326244846,retired,,,
2026-09-25T13:14:20.180Z,A1,item_2177,legitimate,1790328159131,retired,,,
2026-09-25T13:14:20.180Z,A1,item_2178,legitimate,1790327130395,retired,,,
2026-09-25T13:14:20.180Z,A1,item_2179,legitimate,1790327952999,retired,,,
2026-09-25T13:14:20.180Z,A1,item_2180,legitimate,1790327988752,retired,,,
2026-09-25T13:14:20.180Z,A1,item_2181,legitimate,1790325572377,retired,,,
2026-09-25T13:14:20.180Z,A1,item_2182,legitimate,1790325644496,retired,,,
2026-09-25T13:14:20.180Z,A1,item_2183,legitimate,1790329666539,retired,,,
2026-09-25T13:14:20.180Z,A1,item_2184,legitimate,1790327956315,retired,,,
2026-09-25T13:14:20.180Z,A1,item_2185,legitimate,1790325783360,retired,,,
2026-09-25T13:14:20.180Z,A1,item_2186,legitimate,1790325742580,retired,,,
2026-09-25T13:14:20.180Z,A1,item_2187,unsure,1790325692274,retired,,,
2026-09-25T13:14:20.180Z,A1,item_220,legitimate,1789391661190,retired,,,
2026-09-25T13:14:20.180Z,A1,item_221,garbled,1789392510270,retired,,,
2026-09-25T13:14:20.180Z,A1,item_222,legitimate,1789392449918,retired,,,
2026-09-25T13:14:20.180Z,A1,item_224,legitimate,1789392278646,retired,,,
2026-09-25T13:14:20.180Z,A1,item_227,legitimate,1789392458350,retired,,,
2026-09-25T13:14:20.180Z,A1,item_230,legitimate,1789392657994,retired,,,
2026-09-25T13:14:20.180Z,A1,item_231,legitimate,1789392685491,retired,,,
2026-09-25T13:14:20.180Z,A1,item_237,legitimate,1789392650998,retired,,,
2026-09-25T13:14:20.180Z,A1,item_243,legitimate,1789392260566,retired,,,
2026-09-25T13:14:20.180Z,A1,item_245,legitimate,1789391403135,retired,,,
2026-09-25T13:14:20.180Z,A1,item_248,annoying,1789392442458,retired,,,
2026-09-25T13:14:20.180Z,A1,item_255,legitimate,1789392038890,retired,,,
2026-09-25T13:14:20.180Z,A1,item_256,legitimate,1789392667615,retired,,,
2026-09-25T13:14:20.180Z,A1,item_257,legitimate,1789391480448,retired,,,
2026-09-25T13:14:20.180Z,A1,item_259,legitimate,1789391656845,retired,,,
2026-09-25T13:14:20.180Z,A1,item_265,legitimate,1789391261399,retired,,,
2026-09-25T13:14:20.180Z,A1,item_270,legitimate,1789392274014,retired,,,
2026-09-25T13:14:20.180Z,A1,item_275,legitimate,1789391508952,retired,,,
2026-09-25T13:14:20.180Z,A1,item_281,garbled,1789391500355,retired,,,
2026-09-25T13:14:20.180Z,A1,item_282,legitimate,1789391421971,retired,,,
2026-09-25T13:14:20.180Z,A1,item_285,legitimate,1789391341939,retired,,,
2026-09-25T13:14:20.180Z,A1,item_291,legitimate,1789391287531,retired,,,
2026-09-25T13:14:20.180Z,A1,item_294,legitimate,1789392648830,retired,,,
2026-09-25T13:14:20.180Z,A1,item_298,legitimate,1789392382161,retired,,,
2026-09-25T13:14:20.180Z,A1,item_299,legitimate,1789392499286,retired,,,
2026-09-25T13:14:20.180Z,A1,item_300,legitimate,1789391650305,retired,,,
2026-09-25T13:18:24.727Z,zz-test-claude,item_2117,legitimate,1790342303626,main,,,
2026-09-25T13:18:28.434Z,zz-test-claude,item_2142,annoying,1790342307675,main,,,
2026-09-25T13:18:44.454Z,zz-test-claude,rev_0065,legitimate,1790342323755,revision,,,
2026-09-25T13:20:37.929Z,zz-test-claude,item_2078,legitimate,1790342437186,main,,,
2026-09-25T13:20:42.050Z,zz-test-claude,item_2078,legitimate,1790342437186,main,,,
2026-09-25T13:20:42.050Z,zz-test-claude,item_1245,annoying,1790342441234,main,,,
2026-09-25T13:21:22.266Z,zz-test-claude,rev_0065,legitimate,1790342481523,revision,,,
2026-09-25T13:21:36.213Z,zz-test-claude,item_2117,unsure,1790342490870,main,,,
2026-09-25T13:21:36.213Z,zz-test-claude,item_2142,legitimate,1790342494901,main,,,
2026-09-25T13:24:22.643Z,zz-test-claude,item_1908,legitimate,1790342661621,main,,,
2026-09-25T13:24:28.636Z,zz-test-claude,item_1908,legitimate,1790342661621,main,,,
2026-09-25T13:24:28.636Z,zz-test-claude,item_1756,annoying,1790342667657,main,,,
2026-09-25T13:24:52.773Z,zz-test-claude,rev_0095,legitimate,1790342691067,revision,,,
2026-09-25T13:25:06.458Z,zz-test-claude,item_2123,unsure,1790342702498,main,,,
2026-09-25T13:25:06.458Z,zz-test-claude,item_1734,legitimate,1790342705529,main,,,
2026-09-25T13:27:18.354Z,test,item_2003,legitimate,1790342837286,main,,,
2026-09-25T13:27:24.912Z,test,item_1989,legitimate,1790342844227,main,,,
2026-09-25T13:28:47.449Z,test,item_2049,unsure,1790342926164,main,,,
2026-09-25T13:29:00.115Z,test,item_2045,legitimate,1790342939011,main,,,
2026-09-25T13:29:09.370Z,test,item_1842,legitimate,1790342948349,main,,,
2026-09-25T13:31:17.629Z,Test,item_1931,legitimate,1790343076333,main,,,
2026-09-25T13:31:26.396Z,Test,item_1264,legitimate,1790343085084,main,,,
2026-09-25T13:37:27.202Z,A5,item_1237,legitimate,1790343446175,main,,,
2026-09-25T13:37:33.094Z,A5,item_1237,legitimate,1790343446175,main,,,
2026-09-25T13:37:33.094Z,A5,item_2077,legitimate,1790343452005,main,,,
2026-09-25T13:37:40.224Z,A5,item_1237,legitimate,1790343446175,main,,,
2026-09-25T13:37:40.224Z,A5,item_2077,legitimate,1790343452005,main,,,
2026-09-25T13:37:40.224Z,A5,item_2003,annoying,1790343459491,main,,,
2026-09-25T13:37:46.712Z,A5,item_1237,legitimate,1790343446175,main,,,
2026-09-25T13:37:46.712Z,A5,item_2077,legitimate,1790343452005,main,,,
2026-09-25T13:37:46.712Z,A5,item_2003,annoying,1790343459491,main,,,
2026-09-25T13:37:46.712Z,A5,item_1879,annoying,1790343465962,main,,,
2026-09-25T13:37:53.348Z,A5,item_1237,legitimate,1790343446175,main,,,
2026-09-25T13:37:53.348Z,A5,item_2077,legitimate,1790343452005,main,,,
2026-09-25T13:37:53.348Z,A5,item_2003,annoying,1790343459491,main,,,
2026-09-25T13:37:53.348Z,A5,item_1879,annoying,1790343465962,main,,,
2026-09-25T13:37:53.348Z,A5,item_1970,annoying,1790343472406,main,,,
2026-09-25T13:38:17.867Z,A5,item_1805,annoying,1790343496151,main,,,
2026-09-25T13:38:20.760Z,A5,item_2050,annoying,1790343500124,main,,,
2026-09-25T13:38:25.944Z,A5,item_2078,annoying,1790343505343,main,,,
2026-09-25T13:38:37.542Z,A5,item_1962,annoying,1790343516416,main,,,
2026-09-25T13:38:40.575Z,A5,item_1962,annoying,1790343516416,main,,,
2026-09-25T13:38:40.575Z,A5,item_1739,annoying,1790343519895,main,,,
2026-09-25T13:38:46.999Z,A5,item_1762,annoying,1790343525889,main,,,
2026-09-25T13:38:50.972Z,A5,item_1890,annoying,1790343530342,main,,,
2026-09-25T13:39:02.438Z,A5,item_2110,annoying,1790343541704,main,,,
2026-09-25T13:39:14.608Z,A5,item_2066,annoying,1790343554100,main,,,
2026-09-25T13:39:20.646Z,A5,item_2066,annoying,1790343554100,main,,,
2026-09-25T13:39:20.646Z,A5,item_1226,legitimate,1790343559958,main,,,
2026-09-25T13:39:27.524Z,A5,item_2066,annoying,1790343554100,main,,,
2026-09-25T13:39:27.524Z,A5,item_1226,legitimate,1790343559958,main,,,
2026-09-25T13:39:27.524Z,A5,item_1973,annoying,1790343566422,main,,,
2026-09-25T13:39:47.790Z,A5,item_1925,annoying,1790343587103,main,,,
2026-09-25T13:39:54.219Z,A5,item_1925,annoying,1790343587103,main,,,
2026-09-25T13:39:54.219Z,A5,item_1831,legitimate,1790343592753,main,,,
2026-09-25T13:39:58.972Z,A5,item_1761,annoying,1790343598403,main,,,
2026-09-25T13:40:14.076Z,A5,item_1817,annoying,1790343613422,main,,,
2026-09-25T13:40:19.037Z,A5,item_1817,annoying,1790343613422,main,,,
2026-09-25T13:40:19.037Z,A5,item_2044,annoying,1790343618319,main,,,
2026-09-25T13:40:25.899Z,A5,item_1817,annoying,1790343613422,main,,,
2026-09-25T13:40:25.899Z,A5,item_2044,annoying,1790343618319,main,,,
2026-09-25T13:40:25.899Z,A5,item_2045,legitimate,1790343624218,main,,,
2026-09-25T13:40:33.145Z,A5,item_2002,annoying,1790343632496,main,,,
2026-09-25T13:40:37.939Z,A5,item_2030,annoying,1790343636091,main,,,
2026-09-25T13:40:41.536Z,A5,item_1955,annoying,1790343640880,main,,,
2026-09-25T13:40:52.781Z,A5,item_1878,legitimate,1790343651608,main,,,
2026-09-25T13:40:57.901Z,A5,item_1284,annoying,1790343657054,main,,,
2026-09-25T13:41:03.854Z,A5,item_2069,annoying,1790343663119,main,,,
2026-09-25T13:41:08.699Z,A5,item_2069,annoying,1790343663119,main,,,
2026-09-25T13:41:08.699Z,A5,item_1842,annoying,1790343668119,main,,,
2026-09-25T13:41:55.885Z,A5,item_1840,annoying,1790343715114,main,,,
2026-09-25T13:42:01.282Z,A5,item_2138,annoying,1790343720637,main,,,
2026-09-25T13:42:04.311Z,A5,item_2138,annoying,1790343720637,main,,,
2026-09-25T13:42:04.311Z,A5,item_1984,annoying,1790343723526,main,,,
2026-09-25T13:42:11.795Z,A5,item_1749,legitimate,1790343730749,main,,,
2026-09-25T13:42:17.832Z,A5,item_2068,unsure,1790343737106,main,,,
2026-09-25T13:42:23.479Z,A5,item_1935,legitimate,1790343742576,main,,,
2026-09-25T13:42:33.036Z,A5,item_1796,unsure,1790343752304,main,,,
2026-09-25T13:42:59.984Z,A5,item_2125,annoying,1790343778745,main,,,
2026-09-25T13:43:02.883Z,A5,item_2125,annoying,1790343778745,main,,,
2026-09-25T13:43:02.883Z,A5,item_1967,legitimate,1790343782175,main,,,
2026-09-25T13:43:06.793Z,A5,item_2125,annoying,1790343778745,main,,,
2026-09-25T13:43:06.793Z,A5,item_1967,legitimate,1790343782175,main,,,
2026-09-25T13:43:06.793Z,A5,item_1742,legitimate,1790343785896,main,,,
2026-09-25T13:43:15.241Z,A5,item_2064,unsure,1790343794748,main,,,
2026-09-25T14:28:03.472Z,A2,item_1933,legitimate,1790346478600,main,,,
2026-09-25T14:28:36.465Z,A2,item_2118,annoying,1790346512642,main,,,
2026-09-25T14:29:51.663Z,A2,item_2058,legitimate,1790346590832,main,,,
2026-09-25T14:30:54.190Z,A2,item_1861,annoying,1790346652337,main,,,
2026-09-25T14:31:08.378Z,A2,item_1255,legitimate,1790346666386,main,,,
2026-09-25T14:34:21.124Z,A2,item_1874,legitimate,1790346857396,main,,,
2026-09-25T14:34:27.740Z,A2,item_2138,legitimate,1790346864036,main,,,
2026-09-25T14:34:30.240Z,A2,item_2138,legitimate,1790346864036,main,,,
2026-09-25T14:34:30.240Z,A2,item_1976,legitimate,1790346866865,main,,,
2026-09-25T14:34:44.344Z,A2,item_1807,legitimate,1790346880566,main,,,
2026-09-25T14:34:52.377Z,A1,sm:dev:item_1216,not_strawman,1790337700729,strawman-dev,,,
2026-09-25T14:34:52.377Z,A1,sm:dev:item_1219,not_strawman,1790337528999,strawman-dev,,,
2026-09-25T14:34:52.377Z,A1,sm:dev:item_1220,not_strawman,1790337573618,strawman-dev,,,
2026-09-25T14:34:52.377Z,A1,sm:dev:item_1221,not_strawman,1790337678987,strawman-dev,,,
2026-09-25T14:34:52.377Z,A1,sm:dev:item_1241,strawman,1790337606196,strawman-dev,,,
2026-09-25T14:34:52.377Z,A1,sm:dev:item_1272,not_strawman,1790337525205,strawman-dev,,,
2026-09-25T14:34:52.377Z,A1,sm:dev:item_1275,not_strawman,1790337636205,strawman-dev,,,
2026-09-25T14:34:52.377Z,A1,sm:dev:item_1723,not_strawman,1790337474643,strawman-dev,,,
2026-09-25T14:34:52.377Z,A1,sm:dev:item_1751,not_strawman,1790337721920,strawman-dev,,,
2026-09-25T14:34:52.377Z,A1,sm:dev:item_1769,strawman,1790337689973,strawman-dev,,,
2026-09-25T14:34:52.377Z,A1,sm:dev:item_1782,unsure,1790337454955,strawman-dev,,,
2026-09-25T14:34:52.377Z,A1,sm:dev:item_1794,not_strawman,1790337407265,strawman-dev,,,
2026-09-25T14:34:52.377Z,A1,sm:dev:item_1820,not_strawman,1790337582130,strawman-dev,,,
2026-09-25T14:34:52.377Z,A1,sm:dev:item_1868,not_strawman,1790337668467,strawman-dev,,,
2026-09-25T14:34:52.377Z,A1,sm:dev:item_1871,not_strawman,1790337716566,strawman-dev,,,
2026-09-25T14:34:52.377Z,A1,sm:dev:item_1877,strawman,1790337621452,strawman-dev,,,
2026-09-25T14:34:52.377Z,A1,sm:dev:item_1906,not_strawman,1790337418219,strawman-dev,,,
2026-09-25T14:34:52.377Z,A1,sm:dev:item_1908,not_strawman,1790337318184,strawman-dev,,,
2026-09-25T14:34:52.377Z,A1,sm:dev:item_1963,not_strawman,1790337728030,strawman-dev,,,
2026-09-25T14:34:52.377Z,A1,sm:dev:item_1987,not_strawman,1790337390616,strawman-dev,,,
2026-09-25T14:34:52.377Z,A1,sm:dev:item_1999,not_strawman,1790337693238,strawman-dev,,,
2026-09-25T14:34:52.377Z,A1,sm:dev:item_2024,not_strawman,1790337661055,strawman-dev,,,
2026-09-25T14:34:52.377Z,A1,sm:dev:item_2040,unsure,1790337569018,strawman-dev,,,
2026-09-25T14:34:52.377Z,A1,sm:dev:item_2088,not_strawman,1790337645419,strawman-dev,,,
2026-09-25T14:34:52.377Z,A1,sm:dev:item_2096,not_strawman,1790337382297,strawman-dev,,,
2026-09-25T14:34:52.377Z,A1,sm:dev:item_2104,strawman,1790337402079,strawman-dev,,,
2026-09-25T14:34:52.377Z,A1,sm:dev:item_2119,not_strawman,1790337277037,strawman-dev,,,
2026-09-25T14:34:52.377Z,A1,sm:dev:item_2126,not_strawman,1790337369925,strawman-dev,,,
2026-09-25T14:34:52.377Z,A1,sm:dev:item_2139,not_strawman,1790337461791,strawman-dev,,,
2026-09-25T14:34:52.377Z,A1,sm:dev:item_2147,not_strawman,1790337360875,strawman-dev,,,
2026-09-25T14:34:52.377Z,A1,sm:test:item_1732,not_strawman,1790346456030,strawman-test,,,
2026-09-25T14:34:52.377Z,A1,sm:test:item_1733,not_strawman,1790343588857,strawman-test,,,
2026-09-25T14:34:52.377Z,A1,sm:test:item_1736,not_strawman,1790345093170,strawman-test,,,
2026-09-25T14:34:52.377Z,A1,sm:test:item_1739,not_strawman,1790338752048,strawman-test,,,
2026-09-25T14:34:52.377Z,A1,sm:test:item_1745,not_strawman,1790337995950,strawman-test,,,
2026-09-25T14:34:52.377Z,A1,sm:test:item_1748,not_strawman,1790343751678,strawman-test,,,
2026-09-25T14:34:52.377Z,A1,sm:test:item_1754,strawman,1790338241740,strawman-test,,,
2026-09-25T14:34:52.377Z,A1,sm:test:item_1761,strawman,1790346345316,strawman-test,,,
2026-09-25T14:34:52.377Z,A1,sm:test:item_1763,strawman,1790343775002,strawman-test,,,
2026-09-25T14:34:52.377Z,A1,sm:test:item_1764,strawman,1790346499904,strawman-test,,,
2026-09-25T14:34:52.377Z,A1,sm:test:item_1772,not_strawman,1790345178463,strawman-test,,,
2026-09-25T14:34:52.377Z,A1,sm:test:item_1774,not_strawman,1790338303640,strawman-test,,,
2026-09-25T14:34:52.377Z,A1,sm:test:item_1775,strawman,1790346421050,strawman-test,,,
2026-09-25T14:34:52.377Z,A1,sm:test:item_1778,not_strawman,1790345232324,strawman-test,,,
2026-09-25T14:34:52.377Z,A1,sm:test:item_1780,not_strawman,1790346406334,strawman-test,,,
2026-09-25T14:34:52.377Z,A1,sm:test:item_1785,strawman,1790345388987,strawman-test,,,
2026-09-25T14:34:52.377Z,A1,sm:test:item_1788,strawman,1790345149975,strawman-test,,,
2026-09-25T14:34:52.377Z,A1,sm:test:item_1791,not_strawman,1790345251302,strawman-test,,,
2026-09-25T14:34:52.377Z,A1,sm:test:item_1792,strawman,1790346496427,strawman-test,,,
2026-09-25T14:34:52.377Z,A1,sm:test:item_1800,not_strawman,1790338803411,strawman-test,,,
2026-09-25T14:34:52.377Z,A1,sm:test:item_1801,not_strawman,1790344716878,strawman-test,,,
2026-09-25T14:34:52.377Z,A1,sm:test:item_1809,strawman,1790346569936,strawman-test,,,
2026-09-25T14:34:52.377Z,A1,sm:test:item_1810,strawman,1790338229667,strawman-test,,,
2026-09-25T14:34:52.377Z,A1,sm:test:item_1813,not_strawman,1790345243588,strawman-test,,,
2026-09-25T14:34:52.377Z,A1,sm:test:item_1818,not_strawman,1790346367030,strawman-test,,,
2026-09-25T14:34:52.377Z,A1,sm:test:item_1819,not_strawman,1790344643525,strawman-test,,,
2026-09-25T14:34:52.377Z,A1,sm:test:item_1822,not_strawman,1790345074157,strawman-test,,,
2026-09-25T14:34:52.377Z,A1,sm:test:item_1829,not_strawman,1790343671368,strawman-test,,,
2026-09-25T14:34:52.377Z,A1,sm:test:item_1830,strawman,1790346538507,strawman-test,,,
2026-09-25T14:34:52.377Z,A1,sm:test:item_1833,strawman,1790338603778,strawman-test,,,
2026-09-25T14:34:52.377Z,A1,sm:test:item_1840,not_strawman,1790345048541,strawman-test,,,
2026-09-25T14:34:52.377Z,A1,sm:test:item_1841,not_strawman,1790337919807,strawman-test,,,
2026-09-25T14:34:52.377Z,A1,sm:test:item_1843,not_strawman,1790346446928,strawman-test,,,
2026-09-25T14:34:52.377Z,A1,sm:test:item_1849,not_strawman,1790338839561,strawman-test,,,
2026-09-25T14:34:52.377Z,A1,sm:test:item_1852,not_strawman,1790338781931,strawman-test,,,
2026-09-25T14:34:52.377Z,A1,sm:test:item_1853,strawman,1790342760198,strawman-test,,,
2026-09-25T14:34:52.377Z,A1,sm:test:item_1856,strawman,1790344015685,strawman-test,,,
2026-09-25T14:34:52.377Z,A1,sm:test:item_1857,not_strawman,1790345163091,strawman-test,,,
2026-09-25T14:34:52.377Z,A1,sm:test:item_1859,not_strawman,1790345198873,strawman-test,,,
2026-09-25T14:34:52.377Z,A1,sm:test:item_1863,not_strawman,1790344053169,strawman-test,,,
2026-09-25T14:34:52.377Z,A1,sm:test:item_1864,not_strawman,1790342748212,strawman-test,,,
2026-09-25T14:34:52.377Z,A1,sm:test:item_1870,not_strawman,1790337869027,strawman-test,,,
2026-09-25T14:34:52.377Z,A1,sm:test:item_1872,strawman,1790345503339,strawman-test,,,
2026-09-25T14:34:52.377Z,A1,sm:test:item_1873,not_strawman,1790345096081,strawman-test,,,
2026-09-25T14:34:52.377Z,A1,sm:test:item_1875,not_strawman,1790338596087,strawman-test,,,
2026-09-25T14:34:52.377Z,A1,sm:test:item_1879,not_strawman,1790344040851,strawman-test,,,
2026-09-25T14:34:52.377Z,A1,sm:test:item_1880,strawman,1790345266898,strawman-test,,,
2026-09-25T14:34:52.377Z,A1,sm:test:item_1882,strawman,1790343650475,strawman-test,,,
2026-09-25T14:34:52.377Z,A1,sm:test:item_1883,not_strawman,1790345041734,strawman-test,,,
2026-09-25T14:34:52.377Z,A1,sm:test:item_1884,strawman,1790338253957,strawman-test,,,
2026-09-25T14:34:52.377Z,A1,sm:test:item_1885,not_strawman,1790344043686,strawman-test,,,
2026-09-25T14:34:52.377Z,A1,sm:test:item_1886,not_strawman,1790338296612,strawman-test,,,
2026-09-25T14:34:52.377Z,A1,sm:test:item_1887,not_strawman,1790345031164,strawman-test,,,
2026-09-25T14:34:52.377Z,A1,sm:test:item_1890,unsure,1790342740470,strawman-test,,,
2026-09-25T14:34:52.377Z,A1,sm:test:item_1896,not_strawman,1790344984075,strawman-test,,,
2026-09-25T14:34:52.377Z,A1,sm:test:item_1898,not_strawman,1790345214856,strawman-test,,,
2026-09-25T14:34:52.377Z,A1,sm:test:item_1907,not_strawman,1790344010321,strawman-test,,,
2026-09-25T14:34:52.377Z,A1,sm:test:item_1910,not_strawman,1790345342057,strawman-test,,,
2026-09-25T14:34:52.377Z,A1,sm:test:item_1911,not_strawman,1790337968269,strawman-test,,,
2026-09-25T14:34:52.377Z,A1,sm:test:item_1918,not_strawman,1790345004934,strawman-test,,,
2026-09-25T14:34:52.377Z,A1,sm:test:item_1922,strawman,1790345157307,strawman-test,,,
2026-09-25T14:34:52.377Z,A1,sm:test:item_1927,strawman,1790344935781,strawman-test,,,
2026-09-25T14:34:52.377Z,A1,sm:test:item_1929,strawman,1790345223392,strawman-test,,,
2026-09-25T14:34:52.377Z,A1,sm:test:item_1930,not_strawman,1790345080062,strawman-test,,,
2026-09-25T14:34:52.377Z,A1,sm:test:item_1935,not_strawman,1790344955864,strawman-test,,,
2026-09-25T14:34:52.377Z,A1,sm:test:item_1937,strawman,1790344977050,strawman-test,,,
2026-09-25T14:34:52.377Z,A1,sm:test:item_1938,not_strawman,1790344943755,strawman-test,,,
2026-09-25T14:34:52.377Z,A1,sm:test:item_1939,not_strawman,1790345051447,strawman-test,,,
2026-09-25T14:34:52.377Z,A1,sm:test:item_1940,not_strawman,1790344939962,strawman-test,,,
2026-09-25T14:34:52.377Z,A1,sm:test:item_1941,strawman,1790338774343,strawman-test,,,
2026-09-25T14:34:52.377Z,A1,sm:test:item_1945,not_strawman,1790345255859,strawman-test,,,
2026-09-25T14:34:52.377Z,A1,sm:test:item_2022,not_strawman,1790343786707,strawman-test,,,
2026-09-25T14:34:52.377Z,A1,sm:test:item_2023,unsure,1790337886133,strawman-test,,,
2026-09-25T14:34:52.377Z,A1,sm:test:item_2025,not_strawman,1790338835596,strawman-test,,,
2026-09-25T14:34:52.377Z,A1,sm:test:item_2027,not_strawman,1790346409145,strawman-test,,,
2026-09-25T14:34:52.377Z,A1,sm:test:item_2029,not_strawman,1790345046781,strawman-test,,,
2026-09-25T14:34:52.377Z,A1,sm:test:item_2031,strawman,1790343928989,strawman-test,,,
2026-09-25T14:34:52.377Z,A1,sm:test:item_2033,not_strawman,1790338612777,strawman-test,,,
2026-09-25T14:34:52.377Z,A1,sm:test:item_2034,not_strawman,1790344631231,strawman-test,,,
2026-09-25T14:34:52.377Z,A1,sm:test:item_2035,strawman,1790338849480,strawman-test,,,
2026-09-25T14:34:52.377Z,A1,sm:test:item_2037,strawman,1790345315185,strawman-test,,,
2026-09-25T14:34:52.377Z,A1,sm:test:item_2042,not_strawman,1790338747881,strawman-test,,,
2026-09-25T14:34:52.377Z,A1,sm:test:item_2048,not_strawman,1790343607811,strawman-test,,,
2026-09-25T14:34:52.377Z,A1,sm:test:item_2049,not_strawman,1790345329829,strawman-test,,,
2026-09-25T14:34:52.377Z,A1,sm:test:item_2054,not_strawman,1790345526517,strawman-test,,,
2026-09-25T14:34:52.377Z,A1,sm:test:item_2057,strawman,1790346476577,strawman-test,,,
2026-09-25T14:34:52.377Z,A1,sm:test:item_2062,strawman,1790346487942,strawman-test,,,
2026-09-25T14:34:52.377Z,A1,sm:test:item_2063,not_strawman,1790337891074,strawman-test,,,
2026-09-25T14:34:52.377Z,A1,sm:test:item_2064,not_strawman,1790344640295,strawman-test,,,
2026-09-25T14:34:52.377Z,A1,sm:test:item_2067,strawman,1790345137447,strawman-test,,,
2026-09-25T14:34:52.377Z,A1,sm:test:item_2068,not_strawman,1790344895283,strawman-test,,,
2026-09-25T14:34:52.377Z,A1,sm:test:item_2070,not_strawman,1790345321798,strawman-test,,,
2026-09-25T14:34:52.377Z,A1,sm:test:item_2076,not_strawman,1790345516043,strawman-test,,,
2026-09-25T14:34:52.377Z,A1,sm:test:item_2078,strawman,1790338005515,strawman-test,,,
2026-09-25T14:34:52.377Z,A1,sm:test:item_2079,not_strawman,1790338248433,strawman-test,,,
2026-09-25T14:34:52.377Z,A1,sm:test:item_2081,strawman,1790346567454,strawman-test,,,
2026-09-25T14:34:52.377Z,A1,sm:test:item_2084,not_strawman,1790345024199,strawman-test,,,
2026-09-25T14:34:52.377Z,A1,sm:test:item_2089,unsure,1790346564490,strawman-test,,,
2026-09-25T14:34:52.377Z,A1,sm:test:item_2090,not_strawman,1790345141608,strawman-test,,,
2026-09-25T14:34:52.377Z,A1,sm:test:item_2091,not_strawman,1790346428083,strawman-test,,,
2026-09-25T14:34:52.377Z,A1,sm:test:item_2094,strawman,1790346441464,strawman-test,,,
2026-09-25T14:34:52.377Z,A1,sm:test:item_2095,strawman,1790337833312,strawman-test,,,
2026-09-25T14:34:52.377Z,A1,sm:test:item_2098,not_strawman,1790345523088,strawman-test,,,
2026-09-25T14:34:52.377Z,A1,sm:test:item_2100,strawman,1790345089925,strawman-test,,,
2026-09-25T14:34:52.377Z,A1,sm:test:item_2102,strawman,1790338032428,strawman-test,,,
2026-09-25T14:34:52.377Z,A1,sm:test:item_2108,strawman,1790345378397,strawman-test,,,
2026-09-25T14:34:52.377Z,A1,sm:test:item_2109,not_strawman,1790338795140,strawman-test,,,
2026-09-25T14:34:52.377Z,A1,sm:test:item_2111,not_strawman,1790346351716,strawman-test,,,
2026-09-25T14:34:52.377Z,A1,sm:test:item_2112,strawman,1790346549359,strawman-test,,,
2026-09-25T14:34:52.377Z,A1,sm:test:item_2115,not_strawman,1790337894221,strawman-test,,,
2026-09-25T14:34:52.377Z,A1,sm:test:item_2116,not_strawman,1790345519606,strawman-test,,,
2026-09-25T14:34:52.377Z,A1,sm:test:item_2120,not_strawman,1790345057211,strawman-test,,,
2026-09-25T14:34:52.377Z,A1,sm:test:item_2122,not_strawman,1790344888600,strawman-test,,,2548
2026-09-25T14:34:52.377Z,A1,sm:test:item_2123,not_strawman,1790337987827,strawman-test,,,
2026-09-25T14:34:52.377Z,A1,sm:test:item_2124,not_strawman,1790344650203,strawman-test,,,
2026-09-25T14:34:52.377Z,A1,sm:test:item_2128,not_strawman,1790337925318,strawman-test,,,
2026-09-25T14:34:52.377Z,A1,sm:test:item_2129,not_strawman,1790337933532,strawman-test,,,
2026-09-25T14:34:52.377Z,A1,sm:test:item_2132,not_strawman,1790337973733,strawman-test,,,
2026-09-25T14:34:52.377Z,A1,sm:test:item_2134,not_strawman,1790338827318,strawman-test,,,
2026-09-25T14:34:52.377Z,A1,sm:test:item_2138,strawman,1790346391552,strawman-test,,,
2026-09-25T14:34:52.377Z,A1,sm:test:item_2142,not_strawman,1790343920377,strawman-test,,,
2026-09-25T14:35:01.583Z,A2,item_1730,legitimate,1790346898121,main,,,
2026-09-25T14:35:12.341Z,A2,item_1990,legitimate,1790346908858,main,,,
2026-09-25T14:35:44.520Z,A2,item_1934,unsure,1790346940400,main,,,
2026-09-25T14:35:49.008Z,A2,item_2100,legitimate,1790346945237,main,,,
2026-09-25T14:35:55.156Z,A2,item_2111,legitimate,1790346951734,main,,,
2026-09-25T14:36:31.568Z,zz-test-claude,sm:dev:item_1908,strawman,1790346990556,strawman-dev,,,
2026-09-25T14:36:31.568Z,zz-test-claude,smnote:dev:item_1908,test note,1790346990556,strawman-dev,,,
2026-09-25T14:36:39.035Z,zz-test-claude,sm:dev:item_1769,not_strawman,1790346996588,strawman-dev,,,
2026-09-25T14:36:50.381Z,zz-test-claude,sm:test:item_2142,unsure,1790347009600,strawman-test,,,
2026-09-25T14:36:57.855Z,A2,item_2068,annoying,1790347013981,main,,,
2026-09-25T14:37:09.341Z,A2,item_1810,legitimate,1790347025806,main,,,
2026-09-25T14:37:15.561Z,A2,item_1836,legitimate,1790347031927,main,,,
2026-09-25T14:37:20.525Z,A2,item_1999,legitimate,1790347037089,main,,,
2026-09-25T14:37:30.088Z,A2,item_1969,unsure,1790347046626,main,,,
2026-09-25T14:37:38.363Z,A2,item_1969,unsure,1790347046626,main,,,
2026-09-25T14:37:38.363Z,A2,item_1906,legitimate,1790347054686,main,,,
2026-09-25T14:37:45.034Z,A2,item_1969,unsure,1790347046626,main,,,
2026-09-25T14:37:45.034Z,A2,item_1906,legitimate,1790347054686,main,,,
2026-09-25T14:37:45.034Z,A2,item_1888,unsure,1790347057537,main,,,
2026-09-25T14:42:45.673Z,zz-test-claude,sm:test:item_2078,strawman,1790347363153,strawman-test,,,
2026-09-25T14:44:45.450Z,A2,item_2031,unsure,1790347481812,main,,,
2026-09-25T14:49:32.170Z,A2,item_1269,legitimate,1790347768255,main,,,
2026-09-25T14:50:13.069Z,A2,item_1223,unsure,1790347809500,main,,,
2026-09-25T14:50:17.899Z,A2,item_1223,unsure,1790347809500,main,,,
2026-09-25T14:50:17.899Z,A2,item_1222,legitimate,1790347814386,main,,,
2026-09-25T14:50:36.206Z,A2,item_1741,legitimate,1790347829640,main,,,
2026-09-25T14:50:55.991Z,A2,item_1818,unsure,1790347852342,main,,,
2026-09-25T14:51:06.009Z,A2,item_1757,legitimate,1790347862279,main,,,
2026-09-25T14:51:13.686Z,A2,item_2127,legitimate,1790347870280,main,,,
2026-09-25T14:51:46.497Z,A2,item_2081,legitimate,1790347902595,main,,,
2026-09-25T14:51:56.023Z,A2,item_1824,legitimate,1790347912656,main,,,
2026-09-25T14:52:17.466Z,A2,item_1965,unsure,1790347934128,main,,,
2026-09-25T14:52:36.135Z,A2,item_1785,legitimate,1790347952209,main,,,
2026-09-25T14:53:21.136Z,A2,item_1793,unsure,1790347997450,main,,,
2026-09-25T14:53:25.710Z,A2,item_1763,legitimate,1790348001681,main,,,
2026-09-25T14:53:29.799Z,A2,item_1253,legitimate,1790348006208,main,,,
2026-09-25T14:53:37.356Z,A2,item_1800,legitimate,1790348013898,main,,,
2026-09-25T14:53:44.179Z,A2,item_1847,legitimate,1790348020573,main,,,
2026-09-25T14:53:49.450Z,A2,item_1847,legitimate,1790348020573,main,,,
2026-09-25T14:53:49.450Z,A2,item_1847,legitimate,1790348026134,main,,,
2026-09-25T14:54:05.221Z,A2,item_2067,unsure,1790348041608,main,,,
2026-09-25T14:54:15.617Z,A2,item_1781,legitimate,1790348049785,main,,,
2026-09-25T14:54:19.064Z,A2,item_1781,legitimate,1790348049785,main,,,
2026-09-25T14:54:19.064Z,A2,item_1240,legitimate,1790348055374,main,,,
2026-09-25T14:54:21.966Z,A2,item_2021,legitimate,1790348058441,main,,,
2026-09-25T14:56:44.464Z,A2,item_1862,annoying,1790348200524,main,,,
2026-09-25T14:58:25.333Z,A2,item_1814,unsure,1790348301414,main,,,
2026-09-25T14:58:30.598Z,A2,item_1243,legitimate,1790348307031,main,,,
2026-09-25T14:58:40.557Z,A2,item_2084,legitimate,1790348317034,main,,,
2026-09-25T14:58:49.580Z,A2,item_1803,legitimate,1790348325896,main,,,
2026-09-25T14:59:00.363Z,A2,item_1727,unsure,1790348333441,main,,,
2026-09-25T14:59:04.653Z,A2,item_1727,unsure,1790348333441,main,,,
2026-09-25T14:59:04.653Z,A2,item_1901,legitimate,1790348341256,main,,,
2026-09-25T15:00:21.632Z,A2,item_2145,annoying,1790348417921,main,,,
2026-09-25T15:00:24.760Z,A2,item_1929,legitimate,1790348420908,main,,,
2026-09-25T15:00:43.141Z,A2,item_2099,legitimate,1790348439470,main,,,
2026-09-25T15:00:51.746Z,A2,item_2055,legitimate,1790348448146,main,,,
2026-09-25T15:01:00.786Z,A2,item_2123,legitimate,1790348457469,main,,,
2026-09-25T15:01:13.856Z,A2,item_1904,legitimate,1790348469578,main,,,
2026-09-25T15:02:30.949Z,A2,item_1904,legitimate,1790348469578,main,,,
2026-09-25T15:02:30.949Z,A2,item_1970,legitimate,1790348547227,main,,,
2026-09-25T15:02:42.052Z,A2,item_1904,legitimate,1790348469578,main,,,
2026-09-25T15:02:42.052Z,A2,item_1970,legitimate,1790348547227,main,,,
2026-09-25T15:02:42.052Z,A2,item_1849,legitimate,1790348558278,main,,,
2026-09-25T15:03:41.097Z,A2,item_1904,legitimate,1790348469578,main,,,
2026-09-25T15:03:41.097Z,A2,item_1970,legitimate,1790348547227,main,,,
2026-09-25T15:03:41.097Z,A2,item_1849,legitimate,1790348558278,main,,,
2026-09-25T15:03:41.097Z,A2,item_1771,legitimate,1790348617685,main,,,
2026-09-25T15:04:15.393Z,A2,item_2114,legitimate,1790348650907,main,,,
2026-09-25T15:04:21.865Z,A2,item_1962,legitimate,1790348658357,main,,,
2026-09-25T15:04:34.971Z,A2,item_1962,legitimate,1790348658357,main,,,
2026-09-25T15:04:34.971Z,A2,item_1214,legitimate,1790348671697,main,,,
2026-09-25T15:05:01.880Z,A2,item_1896,legitimate,1790348698335,main,,,
2026-09-25T15:05:31.849Z,A2,item_1732,unsure,1790348724509,main,,,
2026-09-25T15:05:33.374Z,A2,item_1732,unsure,1790348724509,main,,,
2026-09-25T15:05:33.374Z,A2,item_1789,legitimate,1790348729229,main,,,
2026-09-25T15:05:43.959Z,A2,item_2033,legitimate,1790348740377,main,,,
2026-09-25T15:06:12.609Z,A2,item_1238,unsure,1790348768931,main,,,
2026-09-25T15:06:18.690Z,A2,item_1238,unsure,1790348768931,main,,,
2026-09-25T15:06:18.690Z,A2,item_1257,legitimate,1790348775316,main,,,
2026-09-25T15:06:43.334Z,A2,item_1238,unsure,1790348768931,main,,,
2026-09-25T15:06:43.334Z,A2,item_1257,legitimate,1790348775316,main,,,
2026-09-25T15:06:43.334Z,A2,item_1997,unsure,1790348799731,main,,,
2026-09-25T15:06:49.236Z,A2,item_1238,unsure,1790348768931,main,,,
2026-09-25T15:06:49.236Z,A2,item_1257,legitimate,1790348775316,main,,,
2026-09-25T15:06:49.236Z,A2,item_1997,unsure,1790348799731,main,,,
2026-09-25T15:06:49.236Z,A2,item_2103,legitimate,1790348805590,main,,,
2026-09-25T15:07:18.753Z,A2,item_1873,unsure,1790348835181,main,,,
2026-09-25T15:07:24.638Z,A2,item_1254,legitimate,1790348841061,main,,,
2026-09-25T15:07:27.461Z,A2,item_1217,legitimate,1790348843998,main,,,
2026-09-25T15:07:37.590Z,A2,item_2015,legitimate,1790348853941,main,,,
2026-09-25T15:08:51.320Z,A2,item_2092,unsure,1790348926907,main,,,
2026-09-25T15:08:57.426Z,A2,item_1229,legitimate,1790348933898,main,,,
2026-09-25T15:09:03.130Z,A2,item_1229,legitimate,1790348933898,main,,,
2026-09-25T15:09:03.130Z,A2,item_2006,legitimate,1790348939529,main,,,
2026-09-25T15:09:11.938Z,A2,item_2013,legitimate,1790348948049,main,,,
2026-09-25T15:09:15.462Z,A2,item_1264,legitimate,1790348952134,main,,,
2026-09-25T15:09:23.896Z,A2,item_1992,unsure,1790348960171,main,,,
2026-09-25T15:09:34.693Z,A2,item_2001,legitimate,1790348971026,main,,,
2026-09-25T15:09:39.745Z,A2,item_1764,legitimate,1790348976260,main,,,
2026-09-25T15:10:11.178Z,A2,item_1801,legitimate,1790349007541,main,,,
2026-09-25T15:10:20.706Z,A2,item_1913,legitimate,1790349017096,main,,,
2026-09-25T15:10:33.880Z,A2,item_1875,legitimate,1790349028369,main,,,
2026-09-25T15:10:37.837Z,A2,item_2122,legitimate,1790349034330,main,,,
2026-09-25T15:12:00.820Z,A2,item_1923,unsure,1790349116705,main,,,
2026-09-25T15:12:06.606Z,A2,item_1923,unsure,1790349116705,main,,,
2026-09-25T15:12:06.606Z,A2,item_1271,legitimate,1790349123130,main,,,
2026-09-25T15:12:14.143Z,A2,item_2135,legitimate,1790349127817,main,,,
2026-09-25T15:12:18.069Z,A2,item_2135,legitimate,1790349127817,main,,,
2026-09-25T15:12:18.069Z,A2,item_1886,legitimate,1790349134320,main,,,
2026-09-25T15:12:25.507Z,A2,item_1940,legitimate,1790349141649,main,,,
2026-09-25T15:12:29.503Z,A2,item_1940,legitimate,1790349141649,main,,,
2026-09-25T15:12:29.503Z,A2,item_2106,legitimate,1790349146075,main,,,
2026-09-25T15:13:17.448Z,A2,item_2049,annoying,1790349192418,main,,,
2026-09-25T15:13:29.070Z,A2,item_2049,annoying,1790349192418,main,,,
2026-09-25T15:13:29.070Z,A2,item_2048,legitimate,1790349205210,main,,,
2026-09-25T15:13:45.674Z,A2,item_2049,annoying,1790349192418,main,,,
2026-09-25T15:13:45.674Z,A2,item_2048,legitimate,1790349205210,main,,,
2026-09-25T15:13:45.674Z,A2,item_1845,unsure,1790349222075,main,,,
2026-09-25T15:13:53.850Z,A2,item_2049,annoying,1790349192418,main,,,
2026-09-25T15:13:53.850Z,A2,item_2048,legitimate,1790349205210,main,,,
2026-09-25T15:13:53.850Z,A2,item_1845,unsure,1790349222075,main,,,
2026-09-25T15:13:53.850Z,A2,item_1939,legitimate,1790349230610,main,,,
2026-09-25T15:14:15.610Z,A2,item_1879,legitimate,1790349252199,main,,,
2026-09-25T15:16:46.246Z,A2,item_1891,legitimate,1790349405231,main,,,
2026-09-25T15:16:54.954Z,A2,item_1921,legitimate,1790349414163,main,,,
2026-09-25T15:17:15.027Z,A2,item_1902,legitimate,1790349434127,main,,,
2026-09-25T15:17:22.000Z,A2,item_1902,legitimate,1790349434127,main,,,
2026-09-25T15:17:22.000Z,A2,item_2019,legitimate,1790349441158,main,,,
2026-09-25T15:17:41.788Z,A2,item_1724,legitimate,1790349460960,main,,,
2026-09-25T15:17:52.561Z,A2,item_1724,legitimate,1790349460960,main,,,
2026-09-25T15:17:52.561Z,A2,item_2011,legitimate,1790349470511,main,,,
2026-09-25T15:18:37.003Z,A2,item_1724,legitimate,1790349460960,main,,,
2026-09-25T15:18:37.003Z,A2,item_2011,legitimate,1790349470511,main,,,
2026-09-25T15:18:41.676Z,A2,item_1724,legitimate,1790349460960,main,,,
2026-09-25T15:18:41.676Z,A2,item_2011,legitimate,1790349470511,main,,,
2026-09-25T15:18:41.676Z,A2,item_1778,annoying,1790349520793,main,,,
2026-09-25T15:18:55.508Z,A2,item_2094,legitimate,1790349534683,main,,,
2026-09-25T15:19:14.343Z,A2,item_1844,legitimate,1790349553284,main,,,
2026-09-25T15:19:27.915Z,A2,item_1251,unsure,1790349567049,main,,,
2026-09-25T15:19:39.377Z,A2,item_1784,legitimate,1790349577862,main,,,
2026-09-25T15:19:49.449Z,A2,item_1876,legitimate,1790349588662,main,,,
2026-09-25T15:20:15.645Z,A2,item_2108,unsure,1790349614853,main,,,
2026-09-25T15:20:21.783Z,A2,item_1988,legitimate,1790349620901,main,,,
2026-09-25T15:20:26.200Z,A2,item_2085,legitimate,1790349625621,main,,,
2026-09-25T15:20:36.720Z,A2,item_2101,legitimate,1790349635980,main,,,
2026-09-25T15:20:44.924Z,A2,item_2110,legitimate,1790349643997,main,,,
2026-09-25T15:21:05.236Z,A2,item_1772,legitimate,1790349664545,main,,,
2026-09-25T15:21:16.269Z,A2,item_1938,legitimate,1790349674776,main,,,
2026-09-25T15:21:22.590Z,A2,item_1968,legitimate,1790349681827,main,,,
2026-09-25T15:21:32.040Z,A2,item_1917,legitimate,1790349691347,main,,,
2026-09-25T15:21:37.664Z,A2,item_1917,legitimate,1790349691347,main,,,
2026-09-25T15:21:37.664Z,A2,item_1787,legitimate,1790349696778,main,,,
2026-09-25T15:21:45.669Z,A2,item_1955,legitimate,1790349704788,main,,,
2026-09-25T15:21:52.206Z,A2,item_2117,legitimate,1790349711429,main,,,
2026-09-25T15:22:02.505Z,A2,item_1944,legitimate,1790349721441,main,,,
2026-09-25T15:22:07.775Z,A2,item_1944,legitimate,1790349721441,main,,,
2026-09-25T15:22:07.775Z,A2,item_2087,legitimate,1790349727182,main,,,
2026-09-25T15:22:21.887Z,A2,item_1733,unsure,1790349741073,main,,,
2026-09-25T15:22:32.420Z,A2,item_1893,legitimate,1790349751693,main,,,
2026-09-25T15:22:42.433Z,A2,item_2041,legitimate,1790349761633,main,,,
2026-09-25T15:22:50.391Z,A2,item_2056,legitimate,1790349769672,main,,,
2026-09-25T15:22:56.212Z,A2,item_1869,legitimate,1790349775316,main,,,
2026-09-25T15:23:03.499Z,A2,item_1869,legitimate,1790349775316,main,,,
2026-09-25T15:23:03.499Z,A2,item_1912,legitimate,1790349782569,main,,,
2026-09-25T15:23:26.353Z,A2,item_1869,legitimate,1790349775316,main,,,
2026-09-25T15:23:26.353Z,A2,item_1912,legitimate,1790349782569,main,,,
2026-09-25T15:23:26.353Z,A2,item_1748,unsure,1790349805454,main,,,
2026-09-25T15:23:44.544Z,A2,item_1900,legitimate,1790349823516,main,,,
2026-09-25T15:23:50.740Z,A2,item_1900,legitimate,1790349823516,main,,,
2026-09-25T15:23:50.740Z,A2,item_1854,legitimate,1790349830025,main,,,
2026-09-25T15:24:05.362Z,A2,item_2061,legitimate,1790349844590,main,,,
2026-09-25T15:24:17.464Z,A2,item_1808,legitimate,1790349856484,main,,,
2026-09-25T15:24:49.740Z,A2,item_1966,unsure,1790349888834,main,,,
2026-09-25T15:24:59.816Z,A2,item_1898,legitimate,1790349899113,main,,,
2026-09-25T15:25:11.308Z,A2,item_1975,legitimate,1790349910219,main,,,
2026-09-25T15:25:15.627Z,A2,item_1262,legitimate,1790349915015,main,,,
2026-09-25T15:25:27.335Z,A2,item_1270,unsure,1790349925879,main,,,
2026-09-25T15:25:57.804Z,A2,item_1241,legitimate,1790349956872,main,,,
2026-09-25T15:27:43.962Z,A2,item_2028,legitimate,1790350063084,main,,,
2026-09-25T15:27:54.492Z,A2,item_1959,legitimate,1790350073826,main,,,
2026-09-25T15:28:03.567Z,A2,item_1959,legitimate,1790350073826,main,,,
2026-09-25T15:28:03.567Z,A2,item_1233,legitimate,1790350082675,main,,,
2026-09-25T15:28:12.625Z,A2,item_1835,legitimate,1790350091716,main,,,
2026-09-25T15:28:28.915Z,A2,item_1213,legitimate,1790350107975,main,,,
2026-09-25T15:28:35.268Z,A2,item_2078,legitimate,1790350114346,main,,,
2026-09-25T15:28:39.162Z,A2,item_1231,legitimate,1790350118346,main,,,
2026-09-25T15:28:57.004Z,A2,item_1825,legitimate,1790350135808,main,,,
2026-09-25T15:29:04.203Z,A2,item_1897,legitimate,1790350143224,main,,,
2026-09-25T15:29:11.048Z,A2,item_1797,legitimate,1790350150162,main,,,
2026-09-25T15:29:26.014Z,A2,item_2063,legitimate,1790350164991,main,,,
2026-09-25T15:29:52.708Z,A2,item_2063,legitimate,1790350164991,main,,,
2026-09-25T15:29:52.708Z,A2,item_1756,legitimate,1790350191844,main,,,
2026-09-25T15:29:56.440Z,A2,item_1218,legitimate,1790350195757,main,,,
2026-09-25T15:30:03.597Z,A2,item_1960,legitimate,1790350202976,main,,,
2026-09-25T15:30:12.261Z,A2,item_1961,legitimate,1790350211557,main,,,
2026-09-25T15:30:17.367Z,A2,item_1961,legitimate,1790350211557,main,,,
2026-09-25T15:30:17.367Z,A2,item_1924,legitimate,1790350216443,main,,,
2026-09-25T15:30:40.625Z,A2,item_2115,unsure,1790350239449,main,,,
2026-09-25T15:30:48.055Z,A2,item_2115,unsure,1790350239449,main,,,
2026-09-25T15:30:48.055Z,A2,item_1858,legitimate,1790350247431,main,,,
2026-09-25T15:31:03.495Z,A2,item_2115,unsure,1790350239449,main,,,
2026-09-25T15:31:03.495Z,A2,item_1858,legitimate,1790350247431,main,,,
2026-09-25T15:31:03.495Z,A2,item_1985,unsure,1790350262372,main,,,
2026-09-25T15:31:28.968Z,A2,item_2098,legitimate,1790350287643,main,,,
2026-09-25T15:31:37.534Z,A2,item_1899,legitimate,1790350296767,main,,,
2026-09-25T15:31:50.816Z,A2,item_1984,legitimate,1790350309461,main,,,
2026-09-25T15:31:58.617Z,A2,item_1819,legitimate,1790350317848,main,,,
2026-09-25T15:32:05.215Z,A2,item_1750,legitimate,1790350324526,main,,,
2026-09-25T15:32:23.245Z,A2,item_1822,unsure,1790350342310,main,,,
2026-09-25T15:32:34.701Z,A2,item_1794,legitimate,1790350353764,main,,,
2026-09-25T15:32:56.952Z,A2,item_1792,legitimate,1790350375895,main,,,
2026-09-25T15:33:27.409Z,A2,item_2054,legitimate,1790350405820,main,,,
2026-09-25T15:33:42.313Z,A2,item_1945,legitimate,1790350418283,main,,,
2026-09-25T15:34:13.763Z,A2,item_1945,legitimate,1790350418283,main,,,
2026-09-25T15:34:21.438Z,A2,item_1228,unsure,1790350460487,main,,,
2026-09-25T15:34:33.041Z,A2,item_1950,legitimate,1790350472322,main,,,
2026-09-25T15:35:27.093Z,A2,item_2040,annoying,1790350525754,main,,,
2026-09-25T15:35:37.585Z,A2,item_1920,legitimate,1790350536670,main,,,
2026-09-25T15:36:18.007Z,A2,item_1895,annoying,1790350576108,main,,,
2026-09-25T15:36:46.403Z,A2,item_1979,legitimate,1790350605388,main,,,
2026-09-25T15:37:01.006Z,A2,item_1890,unsure,1790350619476,main,,,
2026-09-25T15:37:13.517Z,A2,item_1749,legitimate,1790350632675,main,,,
2026-09-25T15:37:36.649Z,A2,item_2043,unsure,1790350654911,main,,,
2026-09-25T15:37:53.668Z,A2,item_2043,unsure,1790350654911,main,,,
2026-09-25T15:37:53.668Z,A2,item_1751,legitimate,1790350672276,main,,,
2026-09-25T15:38:03.303Z,A2,item_1834,legitimate,1790350682263,main,,,
2026-09-25T15:38:11.482Z,A2,item_1982,legitimate,1790350690617,main,,,
2026-09-25T15:38:36.072Z,A2,item_1723,legitimate,1790350715145,main,,,
2026-09-25T15:38:49.402Z,A2,item_2008,legitimate,1790350728303,main,,,
2026-09-25T15:39:02.528Z,A2,item_2008,legitimate,1790350728303,main,,,
2026-09-25T15:39:02.528Z,A2,item_1827,legitimate,1790350741667,main,,,
2026-09-25T15:39:31.477Z,A2,item_1884,annoying,1790350770647,main,,,
2026-09-25T15:39:47.492Z,A2,item_1884,annoying,1790350770647,main,,,
2026-09-25T15:39:47.492Z,A2,item_1907,legitimate,1790350786704,main,,,
2026-09-25T15:40:01.155Z,A2,item_1884,annoying,1790350770647,main,,,
2026-09-25T15:40:01.155Z,A2,item_1907,legitimate,1790350786704,main,,,
2026-09-25T15:40:01.155Z,A2,item_1915,legitimate,1790350800359,main,,,
2026-09-25T15:40:08.879Z,A2,item_2089,legitimate,1790350808106,main,,,
2026-09-25T15:40:25.039Z,A2,item_1903,legitimate,1790350823608,main,,,
2026-09-25T15:40:35.912Z,A2,item_2142,legitimate,1790350834800,main,,,
2026-09-25T15:40:47.284Z,A2,item_2142,legitimate,1790350834800,main,,,
2026-09-25T15:40:47.284Z,A2,item_1846,legitimate,1790350846747,main,,,
2026-09-25T15:40:53.949Z,A2,item_1864,legitimate,1790350853071,main,,,
2026-09-25T15:41:06.145Z,A2,item_1930,legitimate,1790350865325,main,,,
2026-09-25T15:41:29.380Z,A2,item_2020,legitimate,1790350887756,main,,,
2026-09-25T15:41:54.902Z,A2,item_1853,unsure,1790350913964,main,,,
2026-09-25T15:42:07.414Z,A2,item_2062,legitimate,1790350926517,main,,,
2026-09-25T15:42:25.796Z,A2,item_1946,legitimate,1790350945042,main,,,
2026-09-25T15:42:37.327Z,A2,item_1927,legitimate,1790350956452,main,,,
2026-09-25T15:42:46.242Z,A2,item_2037,legitimate,1790350965543,main,,,
2026-09-25T15:42:54.140Z,A2,item_1848,legitimate,1790350973495,main,,,
2026-09-25T15:43:07.059Z,A2,item_1796,legitimate,1790350986118,main,,,
2026-09-25T15:43:44.409Z,A2,item_1973,unsure,1790351023651,main,,,
2026-09-25T15:44:27.271Z,A2,item_1981,garbled,1790351065258,main,,,
2026-09-25T15:44:44.931Z,A2,item_2075,legitimate,1790351084028,main,,,
2026-09-25T15:45:03.500Z,A2,item_1215,legitimate,1790351102568,main,,,
2026-09-25T15:45:09.033Z,A2,item_1215,legitimate,1790351102568,main,,,
2026-09-25T15:45:09.033Z,A2,item_1857,legitimate,1790351108210,main,,,
2026-09-25T15:45:21.562Z,A2,item_2128,legitimate,1790351120800,main,,,
2026-09-25T15:46:39.705Z,A2,item_2128,legitimate,1790351120800,main,,,
2026-09-25T15:46:39.705Z,A2,item_1833,annoying,1790351198236,main,,,
2026-09-25T15:47:03.731Z,A2,item_1995,legitimate,1790351222872,main,,,
2026-09-25T15:47:12.195Z,A2,item_1989,legitimate,1790351230900,main,,,
2026-09-25T15:47:26.803Z,A2,item_1989,legitimate,1790351230900,main,,,
2026-09-25T15:47:26.803Z,A2,item_2003,legitimate,1790351244140,main,,,
2026-09-25T15:53:35.301Z,A2,item_1989,legitimate,1790351230900,main,,,
2026-09-25T15:53:35.301Z,A2,item_2003,legitimate,1790351244140,main,,,
2026-09-25T15:53:35.321Z,A2,item_1989,legitimate,1790351230900,main,,,
2026-09-25T15:53:47.763Z,A2,item_1735,annoying,1790351626779,main,,,
2026-09-25T15:54:08.417Z,A2,item_1865,unsure,1790351647519,main,,,
2026-09-25T15:54:20.853Z,A2,item_2091,legitimate,1790351660213,main,,,
2026-09-25T15:54:32.117Z,A2,item_2124,legitimate,1790351671230,main,,,
2026-09-25T15:54:40.680Z,A2,item_2124,legitimate,1790351671230,main,,,
2026-09-25T15:54:40.680Z,A2,item_2053,legitimate,1790351679969,main,,,
2026-09-25T15:54:50.519Z,A2,item_1738,legitimate,1790351689406,main,,,
2026-09-25T15:55:04.450Z,A2,item_1738,legitimate,1790351689406,main,,,
2026-09-25T15:55:04.450Z,A2,item_1839,legitimate,1790351701696,main,,,
2026-09-25T15:55:54.989Z,A2,item_1776,annoying,1790351753617,main,,,
2026-09-25T15:56:04.586Z,A2,item_1776,annoying,1790351753617,main,,,
2026-09-25T15:56:04.586Z,A2,item_1286,legitimate,1790351763855,main,,,
2026-09-25T15:56:12.219Z,A2,item_1776,annoying,1790351753617,main,,,
2026-09-25T15:56:12.219Z,A2,item_1286,legitimate,1790351763855,main,,,
2026-09-25T15:56:12.219Z,A2,item_1783,legitimate,1790351771381,main,,,
2026-09-25T15:56:18.678Z,A2,item_1776,annoying,1790351753617,main,,,
2026-09-25T15:56:18.678Z,A2,item_1286,legitimate,1790351763855,main,,,
2026-09-25T15:56:18.678Z,A2,item_1783,legitimate,1790351771381,main,,,
2026-09-25T15:56:18.678Z,A2,item_1935,legitimate,1790351777491,main,,,
2026-09-25T15:56:31.496Z,A2,item_1776,annoying,1790351753617,main,,,
2026-09-25T15:56:31.496Z,A2,item_1286,legitimate,1790351763855,main,,,
2026-09-25T15:56:31.496Z,A2,item_1783,legitimate,1790351771381,main,,,
2026-09-25T15:56:31.496Z,A2,item_1935,legitimate,1790351777491,main,,,
2026-09-25T15:56:31.496Z,A2,item_2112,legitimate,1790351790178,main,,,
2026-09-25T15:56:49.883Z,A2,item_1744,unsure,1790351809057,main,,,
2026-09-25T15:56:58.778Z,A2,item_1943,legitimate,1790351818009,main,,,
2026-09-25T15:57:26.434Z,A2,item_2113,unsure,1790351845340,main,,,
2026-09-25T15:57:37.078Z,A2,item_2113,unsure,1790351845340,main,,,
2026-09-25T15:57:37.078Z,A2,item_2141,legitimate,1790351855961,main,,,
2026-09-25T15:57:47.450Z,A2,item_1851,legitimate,1790351866794,main,,,
2026-09-25T15:57:53.160Z,A2,item_1275,legitimate,1790351872509,main,,,
2026-09-25T15:58:09.111Z,A2,item_2097,legitimate,1790351888153,main,,,
2026-09-25T15:58:18.781Z,A2,item_2027,legitimate,1790351896877,main,,,
2026-09-25T15:58:25.515Z,A2,item_1823,legitimate,1790351904630,main,,,
2026-09-25T15:58:38.734Z,A2,item_2069,unsure,1790351917957,main,,,
2026-09-25T15:58:47.323Z,A2,item_1261,legitimate,1790351926150,main,,,
2026-09-25T15:58:59.055Z,A2,item_2030,legitimate,1790351938110,main,,,
2026-09-25T15:59:23.647Z,A2,item_1885,legitimate,1790351962468,main,,,
2026-09-25T15:59:28.819Z,A2,item_1885,legitimate,1790351962468,main,,,
2026-09-25T15:59:28.819Z,A2,item_1281,legitimate,1790351968061,main,,,
2026-09-25T15:59:35.126Z,A2,item_2024,legitimate,1790351974147,main,,,
2026-09-25T15:59:38.907Z,A2,item_2024,legitimate,1790351974147,main,,,
2026-09-25T15:59:38.907Z,A2,item_1777,legitimate,1790351978083,main,,,
2026-09-25T15:59:46.411Z,A2,item_1957,legitimate,1790351985653,main,,,
2026-09-25T16:00:04.737Z,A2,item_1284,legitimate,1790352003954,main,,,
2026-09-25T16:00:24.555Z,A2,item_2132,legitimate,1790352023637,main,,,
2026-09-25T16:00:32.248Z,A2,item_1774,legitimate,1790352031416,main,,,
2026-09-25T16:00:39.155Z,A2,item_1774,legitimate,1790352031416,main,,,
2026-09-25T16:00:39.155Z,A2,item_1883,legitimate,1790352037218,main,,,
2026-09-25T16:00:48.964Z,A2,item_1919,legitimate,1790352047974,main,,,
2026-09-25T16:01:00.923Z,A2,item_1993,legitimate,1790352060139,main,,,
2026-09-25T16:01:08.014Z,A2,item_1993,legitimate,1790352060139,main,,,
2026-09-25T16:01:08.014Z,A2,item_1226,legitimate,1790352067248,main,,,
2026-09-25T16:01:13.761Z,A2,item_1993,legitimate,1790352060139,main,,,
2026-09-25T16:01:13.761Z,A2,item_1226,legitimate,1790352067248,main,,,
2026-09-25T16:01:13.761Z,A2,item_2140,legitimate,1790352073057,main,,,
2026-09-25T16:01:21.763Z,A2,item_1993,legitimate,1790352060139,main,,,
2026-09-25T16:01:21.763Z,A2,item_1226,legitimate,1790352067248,main,,,
2026-09-25T16:01:21.763Z,A2,item_2140,legitimate,1790352073057,main,,,
2026-09-25T16:01:21.763Z,A2,item_2131,legitimate,1790352080729,main,,,
2026-09-25T16:01:34.276Z,A2,item_2120,legitimate,1790352092973,main,,,
2026-09-25T16:02:07.831Z,A2,item_2023,annoying,1790352126697,main,,,
2026-09-25T16:02:19.874Z,A2,item_2000,legitimate,1790352138819,main,,,
2026-09-25T16:02:30.571Z,A2,rep__item_1836,legitimate,1790352149458,main,,,
2026-09-25T16:02:39.940Z,A2,item_1232,legitimate,1790352155034,main,,,
2026-09-25T16:02:46.956Z,A2,item_1769,legitimate,1790352165966,main,,,
2026-09-25T16:03:05.959Z,A2,item_1980,legitimate,1790352185116,main,,,
2026-09-25T16:03:09.580Z,A2,item_1916,legitimate,1790352188857,main,,,
2026-09-25T16:03:16.851Z,A2,rep__item_1886,legitimate,1790352196042,main,,,
2026-09-25T16:03:39.920Z,A2,item_1928,legitimate,1790352219253,main,,,
2026-09-25T16:03:47.717Z,A2,rep__item_2006,legitimate,1790352224623,main,,,
2026-09-25T16:03:59.521Z,A2,item_2139,legitimate,1790352238676,main,,,
2026-09-25T16:04:05.193Z,A2,item_2139,legitimate,1790352238676,main,,,
2026-09-25T16:04:05.193Z,A2,item_1887,legitimate,1790352244315,main,,,
2026-09-25T16:04:10.609Z,A2,item_1931,legitimate,1790352249703,main,,,
2026-09-25T16:04:19.386Z,A2,item_1996,legitimate,1790352258431,main,,,
2026-09-25T16:04:29.130Z,A2,item_2025,legitimate,1790352268115,main,,,
2026-09-25T16:04:35.123Z,A2,item_1225,legitimate,1790352274111,main,,,
2026-09-25T16:18:26.505Z,A2,item_2005,legitimate,1790353102211,main,,,
2026-09-25T16:18:33.661Z,A2,item_1952,legitimate,1790353109956,main,,,
2026-09-25T16:18:39.957Z,A2,item_1987,legitimate,1790353116100,main,,,
2026-09-25T16:18:45.343Z,A2,item_1221,legitimate,1790353121636,main,,,
2026-09-25T16:18:51.135Z,A2,item_2050,legitimate,1790353127092,main,,,
2026-09-25T16:18:58.743Z,A2,item_1954,legitimate,1790353135010,main,,,
2026-09-25T16:19:02.315Z,A2,item_2044,legitimate,1790353138470,main,,,
2026-09-25T16:19:14.413Z,A2,item_1239,unsure,1790353150516,main,,,
2026-09-25T16:19:47.914Z,A2,rep__item_2049,annoying,1790353183731,main,,,
2026-09-25T16:19:56.853Z,A2,item_1259,legitimate,1790353193106,main,,,
2026-09-25T16:54:25.398Z,A5,item_1241,legitimate,1790355264168,main,,,
2026-09-25T16:56:25.030Z,A5,item_1784,annoying,1790355384199,main,,,
2026-09-25T16:56:28.923Z,A5,item_1784,annoying,1790355384199,main,,,
2026-09-25T16:56:28.923Z,A5,item_1844,annoying,1790355388114,main,,,
2026-09-25T16:56:32.584Z,A5,item_1784,annoying,1790355384199,main,,,
2026-09-25T16:56:32.584Z,A5,item_1844,annoying,1790355388114,main,,,
2026-09-25T16:56:32.584Z,A5,item_2043,annoying,1790355391610,main,,,
2026-09-25T16:56:34.950Z,A5,item_1784,annoying,1790355384199,main,,,
2026-09-25T16:56:34.950Z,A5,item_1844,annoying,1790355388114,main,,,
2026-09-25T16:56:34.950Z,A5,item_2043,annoying,1790355391610,main,,,
2026-09-25T16:56:34.950Z,A5,item_2109,annoying,1790355394001,main,,,
2026-09-25T16:56:39.081Z,A5,item_1784,annoying,1790355384199,main,,,
2026-09-25T16:56:39.081Z,A5,item_1844,annoying,1790355388114,main,,,
2026-09-25T16:56:39.081Z,A5,item_2043,annoying,1790355391610,main,,,
2026-09-25T16:56:39.081Z,A5,item_2109,annoying,1790355394001,main,,,
2026-09-25T16:56:39.081Z,A5,item_1232,annoying,1790355398617,main,,,
2026-09-25T16:56:47.213Z,A5,item_1750,annoying,1790355406314,main,,,
2026-09-25T16:56:49.925Z,A5,item_1750,annoying,1790355406314,main,,,
2026-09-25T16:56:49.925Z,A5,item_1963,annoying,1790355409110,main,,,
2026-09-25T16:56:54.256Z,A5,item_2012,annoying,1790355413678,main,,,
2026-09-25T16:56:57.528Z,A5,item_2012,annoying,1790355413678,main,,,
2026-09-25T16:56:57.528Z,A5,item_1242,annoying,1790355416808,main,,,
2026-09-25T16:57:07.307Z,A5,item_2095,legitimate,1790355426930,main,,,
2026-09-25T21:13:34.964Z,A2,item_1867,annoying,1790370814228,main,,,
2026-09-25T21:13:42.481Z,A2,item_1821,legitimate,1790370821910,main,,,
2026-09-25T21:13:55.109Z,A2,item_1956,legitimate,1790370834269,main,,,
2026-09-25T21:14:09.331Z,A2,item_2080,legitimate,1790370848250,main,,,
2026-09-25T21:14:25.925Z,A2,item_1224,legitimate,1790370865284,main,,,
2026-09-25T21:14:43.493Z,A2,item_1237,legitimate,1790370882665,main,,,
2026-09-25T21:15:17.719Z,A2,rep__item_1243,legitimate,1790370916545,main,,,
2026-09-25T21:15:26.708Z,A2,item_1247,legitimate,1790370925999,main,,,
2026-09-25T21:15:38.730Z,A2,item_1249,legitimate,1790370937937,main,,,
2026-09-25T21:15:51.451Z,A2,item_1840,legitimate,1790370950703,main,,,
2026-09-25T21:16:06.365Z,A2,item_1958,legitimate,1790370965817,main,,,
2026-09-25T21:16:17.390Z,A2,rep__item_1999,legitimate,1790370976698,main,,,
2026-09-25T21:16:35.007Z,A2,item_2065,unsure,1790370993945,main,,,
2026-09-25T21:16:40.036Z,A2,item_2065,unsure,1790370993945,main,,,
2026-09-25T21:16:40.036Z,A2,item_2064,legitimate,1790370999177,main,,,
2026-09-25T21:17:12.586Z,A2,item_1812,unsure,1790371031811,main,,,
2026-09-25T21:17:18.805Z,A2,item_1765,legitimate,1790371037908,main,,,
2026-09-25T21:17:24.780Z,A2,item_1926,legitimate,1790371043913,main,,,
2026-09-25T21:17:29.165Z,A2,item_1926,legitimate,1790371043913,main,,,
2026-09-25T21:17:29.165Z,A2,item_1282,legitimate,1790371048500,main,,,
2026-09-25T21:17:34.608Z,A2,item_1926,legitimate,1790371043913,main,,,
2026-09-25T21:17:34.608Z,A2,item_1282,legitimate,1790371048500,main,,,
2026-09-25T21:17:34.608Z,A2,item_1216,legitimate,1790371053922,main,,,
2026-09-25T21:17:41.349Z,A2,item_1926,legitimate,1790371043913,main,,,
2026-09-25T21:17:41.349Z,A2,item_1282,legitimate,1790371048500,main,,,
2026-09-25T21:17:41.349Z,A2,item_1216,legitimate,1790371053922,main,,,
2026-09-25T21:17:41.349Z,A2,item_1246,legitimate,1790371060146,main,,,
2026-09-25T21:17:49.434Z,A2,rep__item_1253,legitimate,1790371068802,main,,,
2026-09-25T21:18:13.343Z,A2,item_1843,legitimate,1790371092483,main,,,
2026-09-25T21:18:25.429Z,A2,item_1963,legitimate,1790371104663,main,,,
2026-09-25T21:18:41.837Z,A2,item_1974,legitimate,1790371121136,main,,,
2026-09-25T21:18:50.874Z,A2,item_2042,legitimate,1790371130039,main,,,
2026-09-25T21:18:58.193Z,A2,item_2119,legitimate,1790371137457,main,,,
2026-09-25T21:19:38.810Z,A2,item_1788,unsure,1790371178007,main,,,
2026-09-25T21:19:49.494Z,A2,rep__item_1904,legitimate,1790371188584,main,,,
2026-09-25T21:20:05.352Z,A2,item_1235,garbled,1790371204760,main,,,
2026-09-25T21:20:27.907Z,A2,rep__item_1896,legitimate,1790371227218,main,,,
2026-09-25T21:20:44.657Z,A2,item_1941,legitimate,1790371243791,main,,,
2026-09-25T21:20:50.500Z,A2,item_2046,legitimate,1790371249653,main,,,
2026-09-25T21:20:59.436Z,A2,item_2116,legitimate,1790371258545,main,,,
2026-09-25T21:21:06.084Z,A2,item_1905,legitimate,1790371265512,main,,,
2026-09-25T21:21:12.414Z,A2,item_2126,legitimate,1790371271910,main,,,
2026-09-25T21:21:29.064Z,A2,item_2017,unsure,1790371288138,main,,,
2026-09-25T21:21:34.409Z,A2,item_1815,legitimate,1790371293627,main,,,
2026-09-25T21:21:39.557Z,A2,rep__item_2122,legitimate,1790371298970,main,,,
2026-09-25T21:21:47.230Z,A2,rep__item_1990,legitimate,1790371306669,main,,,
2026-09-25T21:21:55.665Z,A2,item_1726,legitimate,1790371315004,main,,,
2026-09-25T21:22:05.562Z,A2,item_1734,legitimate,1790371324873,main,,,
2026-09-25T21:22:16.014Z,A2,rep__item_1810,legitimate,1790371335394,main,,,
2026-09-25T21:22:21.657Z,A2,item_1947,legitimate,1790371340971,main,,,
2026-09-25T21:22:25.452Z,A2,item_2107,legitimate,1790371344896,main,,,
2026-09-25T21:22:36.793Z,A2,rep__item_2031,legitimate,1790371356083,main,,,
2026-09-25T21:22:56.474Z,A2,item_2096,unsure,1790371375725,main,,,
2026-09-25T21:23:15.638Z,A2,rep__item_1873,legitimate,1790371394980,main,,,
2026-09-25T21:23:25.795Z,A2,item_1236,legitimate,1790371405112,main,,,
2026-09-25T21:23:37.014Z,A2,item_2045,legitimate,1790371416338,main,,,
2026-09-25T21:23:44.779Z,A2,item_2147,unsure,1790371424243,main,,,
2026-09-25T21:23:51.924Z,A2,item_1805,legitimate,1790371431128,main,,,
2026-09-25T21:24:02.325Z,A2,item_1983,legitimate,1790371441666,main,,,
2026-09-25T21:24:10.006Z,A2,item_1953,legitimate,1790371448934,main,,,
2026-09-25T21:24:18.835Z,A2,item_1273,legitimate,1790371458197,main,,,
2026-09-25T21:24:22.646Z,A2,item_1971,legitimate,1790371462077,main,,,
2026-09-25T21:24:32.334Z,A2,item_1230,legitimate,1790371471666,main,,,
2026-09-25T21:24:44.251Z,A2,item_2079,unsure,1790371483564,main,,,
2026-09-25T21:24:51.177Z,A2,item_1986,legitimate,1790371490102,main,,,
2026-09-25T21:24:56.308Z,A2,rep__item_1269,legitimate,1790371495721,main,,,
2026-09-25T21:25:04.544Z,A2,item_2014,legitimate,1790371502563,main,,,
2026-09-25T21:25:09.843Z,A2,item_1828,legitimate,1790371508477,main,,,
2026-09-25T21:25:15.043Z,A2,item_1828,legitimate,1790371508477,main,,,
2026-09-25T21:25:15.043Z,A2,rep__item_1807,legitimate,1790371514283,main,,,
2026-09-25T21:25:24.294Z,A2,item_1773,legitimate,1790371523648,main,,,
2026-09-25T21:25:28.721Z,A2,item_1265,legitimate,1790371528192,main,,,
2026-09-25T21:25:38.652Z,A2,item_1248,unsure,1790371537995,main,,,
2026-09-25T21:25:47.993Z,A2,item_1936,legitimate,1790371547345,main,,,
2026-09-25T21:25:55.038Z,A2,item_1256,legitimate,1790371554371,main,,,
2026-09-25T21:25:59.072Z,A2,rep__item_2019,legitimate,1790371558624,main,,,
2026-09-25T21:26:04.586Z,A2,item_1770,legitimate,1790371563948,main,,,
2026-09-25T21:26:13.534Z,A2,item_1742,legitimate,1790371572915,main,,,
2026-09-25T21:26:20.070Z,A2,item_2129,legitimate,1790371579456,main,,,
2026-09-25T21:26:33.650Z,A2,item_1220,legitimate,1790371592946,main,,,
2026-09-25T21:26:40.269Z,A2,item_1244,legitimate,1790371599349,main,,,
2026-09-25T21:26:44.062Z,A2,item_1998,legitimate,1790371603481,main,,,
2026-09-25T21:26:53.692Z,A2,item_1736,legitimate,1790371613002,main,,,
2026-09-25T21:26:56.903Z,A2,rep__item_1789,legitimate,1790371616440,main,,,
2026-09-25T21:27:23.270Z,A2,item_1780,garbled,1790371642550,main,,,
2026-09-25T21:27:47.698Z,A2,item_1731,unsure,1790371666895,main,,,
2026-09-25T21:27:54.845Z,A2,item_1283,legitimate,1790371674136,main,,,
2026-09-25T21:28:14.691Z,A2,item_1779,unsure,1790371693951,main,,,
2026-09-25T21:28:20.189Z,A2,item_2077,legitimate,1790371699381,main,,,
2026-09-25T21:28:24.626Z,A2,item_1932,legitimate,1790371704009,main,,,
2026-09-25T21:28:31.210Z,A2,item_1753,legitimate,1790371710551,main,,,
2026-09-25T21:28:41.953Z,A2,item_1870,legitimate,1790371721475,main,,,
2026-09-25T21:28:48.445Z,A2,item_1722,legitimate,1790371727740,main,,,
2026-09-25T21:28:52.085Z,A2,rep__item_2114,legitimate,1790371731375,main,,,
2026-09-25T21:28:57.431Z,A2,item_1260,legitimate,1790371736742,main,,,
2026-09-25T21:29:01.460Z,A2,rep__item_1824,legitimate,1790371740898,main,,,
2026-09-25T21:29:11.490Z,A2,item_1871,legitimate,1790371750674,main,,,
2026-09-25T21:29:20.986Z,A2,item_1977,legitimate,1790371760190,main,,,
2026-09-25T21:29:27.811Z,A2,item_1977,legitimate,1790371760190,main,,,
2026-09-25T21:29:27.811Z,A2,item_2034,legitimate,1790371767033,main,,,
2026-09-25T21:29:32.328Z,A2,item_2035,legitimate,1790371771810,main,,,
2026-09-25T21:29:42.409Z,A2,item_1782,legitimate,1790371781695,main,,,
2026-09-25T21:29:50.865Z,A2,item_1877,unsure,1790371790281,main,,,
2026-09-25T21:30:06.378Z,A2,item_1889,legitimate,1790371805259,main,,,
2026-09-25T21:30:20.170Z,A2,item_1889,legitimate,1790371805259,main,,,
2026-09-25T21:30:20.170Z,A2,item_1245,legitimate,1790371819499,main,,,
2026-09-25T21:31:55.984Z,A2,item_1767,annoying,1790371914222,main,,,
2026-09-25T21:32:01.078Z,A2,item_1754,legitimate,1790371920551,main,,,
2026-09-25T21:32:06.263Z,A2,item_1761,legitimate,1790371925649,main,,,
2026-09-25T21:32:09.824Z,A2,item_2016,legitimate,1790371929269,main,,,
2026-09-25T21:32:15.750Z,A2,item_2083,legitimate,1790371935234,main,,,
2026-09-25T21:32:29.505Z,A2,item_2082,legitimate,1790371948929,main,,,
2026-09-25T21:32:43.158Z,A2,item_1856,annoying,1790371962509,main,,,
2026-09-25T21:32:56.718Z,A2,item_1910,legitimate,1790371976205,main,,,
2026-09-25T21:33:02.506Z,A2,item_1267,legitimate,1790371981742,main,,,
2026-09-25T21:33:08.612Z,A2,item_1775,legitimate,1790371987980,main,,,
2026-09-25T21:33:14.754Z,A2,item_1762,legitimate,1790371994237,main,,,
2026-09-25T21:33:20.630Z,A2,item_1743,legitimate,1790372000053,main,,,
2026-09-25T21:33:27.788Z,A2,item_2029,legitimate,1790372007246,main,,,
2026-09-25T21:33:32.641Z,A2,item_1740,legitimate,1790372011732,main,,,
2026-09-25T21:33:37.197Z,A2,rep__item_2058,legitimate,1790372016381,main,,,
2026-09-25T21:34:30.635Z,A2,item_1799,annoying,1790372069416,main,,,
2026-09-25T21:34:35.916Z,A2,rep__item_2106,legitimate,1790372074909,main,,,
2026-09-25T21:34:39.618Z,A2,rep__item_1271,legitimate,1790372078828,main,,,
2026-09-25T21:40:55.419Z,A2,item_1882,legitimate,1790372454092,main,,,
2026-09-25T21:41:09.210Z,A2,item_1798,legitimate,1790372468503,main,,,
2026-09-25T21:41:21.026Z,A2,item_1816,legitimate,1790372480340,main,,,
2026-09-25T21:41:30.668Z,A2,item_1863,legitimate,1790372489980,main,,,
2026-09-25T21:42:01.626Z,A2,item_1820,annoying,1790372520851,main,,,
2026-09-25T21:42:07.585Z,A2,rep__item_1785,legitimate,1790372526776,main,,,
2026-09-25T21:42:15.922Z,A2,rep__item_1217,legitimate,1790372535269,main,,,
2026-09-25T21:42:23.194Z,A2,item_2004,legitimate,1790372542444,main,,,
2026-09-25T21:42:32.306Z,A2,item_1868,legitimate,1790372551532,main,,,
2026-09-25T21:42:41.158Z,A2,item_1868,legitimate,1790372551532,main,,,
2026-09-25T21:42:41.158Z,A2,item_2012,legitimate,1790372560388,main,,,
2026-09-25T21:42:47.634Z,A2,item_2137,legitimate,1790372566914,main,,,
2026-09-25T21:42:58.009Z,A2,item_2007,legitimate,1790372577020,main,,,
2026-09-25T21:43:01.903Z,A2,item_1908,legitimate,1790372581195,main,,,
2026-09-25T21:43:10.312Z,A2,rep__item_1255,legitimate,1790372589521,main,,,
2026-09-25T21:43:24.966Z,A2,item_1872,unsure,1790372604274,main,,,
2026-09-25T21:43:28.560Z,A2,rep__item_1976,legitimate,1790372608076,main,,,
2026-09-25T21:43:37.805Z,A2,item_1855,legitimate,1790372616888,main,,,
2026-09-25T21:44:15.430Z,A2,item_2039,annoying,1790372654552,main,,,
2026-09-25T21:44:20.829Z,A2,rep__item_1901,legitimate,1790372660160,main,,,
2026-09-25T21:44:25.581Z,A2,item_1746,legitimate,1790372664926,main,,,
2026-09-25T21:44:33.686Z,A2,rep__item_1906,legitimate,1790372673028,main,,,
2026-09-25T21:44:54.692Z,A2,item_1881,unsure,1790372694003,main,,,
2026-09-25T21:45:05.981Z,A2,item_1786,legitimate,1790372705199,main,,,
2026-09-25T21:45:20.369Z,A2,rep__item_1845,legitimate,1790372719662,main,,,
2026-09-25T21:45:32.446Z,A2,item_2104,legitimate,1790372731610,main,,,
2026-09-25T21:45:37.768Z,A2,item_2104,legitimate,1790372731610,main,,,
2026-09-25T21:45:37.768Z,A2,item_2134,legitimate,1790372737189,main,,,
2026-09-25T21:45:46.719Z,A2,item_1826,legitimate,1790372746045,main,,,
2026-09-25T21:45:58.164Z,A2,item_1766,legitimate,1790372757659,main,,,
2026-09-25T21:46:06.073Z,A2,item_1280,legitimate,1790372765420,main,,,
2026-09-25T21:50:08.550Z,A2,item_1280,legitimate,1790372765420,main,,,
2026-09-25T21:50:08.550Z,A2,item_2102,unsure,1790373006884,main,,,
2026-09-25T21:50:15.654Z,A2,item_1964,legitimate,1790373014860,main,,,
2026-09-25T21:50:22.642Z,A2,item_1759,legitimate,1790373021935,main,,,
2026-09-25T21:50:27.224Z,A2,item_2076,legitimate,1790373026332,main,,,
2026-09-25T21:51:13.826Z,A2,item_1880,annoying,1790373072935,main,,,
2026-09-25T21:51:20.695Z,A2,item_1852,legitimate,1790373079984,main,,,
2026-09-25T21:51:25.931Z,A2,item_1737,legitimate,1790373085306,main,,,
2026-09-25T21:51:33.357Z,A2,item_2052,legitimate,1790373092485,main,,,
2026-09-25T21:51:38.973Z,A2,item_2095,legitimate,1790373098222,main,,,
2026-09-25T21:51:48.313Z,A2,item_2010,legitimate,1790373107664,main,,,
2026-09-25T21:51:51.885Z,A2,rep__item_1874,legitimate,1790373111273,main,,,
2026-09-25T21:51:59.042Z,A2,item_1838,legitimate,1790373118257,main,,,
2026-09-25T21:52:02.985Z,A2,item_1909,legitimate,1790373122269,main,,,
2026-09-25T21:52:10.251Z,A2,item_1942,legitimate,1790373129758,main,,,
2026-09-25T21:52:21.197Z,A2,item_1978,legitimate,1790373140533,main,,,
2026-09-25T21:52:24.828Z,A2,item_1978,legitimate,1790373140533,main,,,
2026-09-25T21:52:24.828Z,A2,item_1242,legitimate,1790373144255,main,,,
2026-09-25T21:52:31.209Z,A2,rep__item_2084,legitimate,1790373150545,main,,,
2026-09-25T21:52:34.293Z,A2,rep__item_2084,legitimate,1790373150545,main,,,
2026-09-25T21:52:34.293Z,A2,rep__item_2103,legitimate,1790373153578,main,,,
2026-09-25T21:52:39.829Z,A2,item_2032,legitimate,1790373159244,main,,,
2026-09-25T21:52:45.875Z,A2,item_2070,legitimate,1790373165314,main,,,
2026-09-25T21:52:52.752Z,A2,item_2057,legitimate,1790373172029,main,,,
2026-09-25T21:52:58.994Z,A2,item_2090,legitimate,1790373178052,main,,,
2026-09-25T22:20:18.470Z,A2,item_1813,legitimate,1790374816681,main,,,
2026-09-25T22:20:38.935Z,A2,item_1829,annoying,1790374838209,main,,,
2026-09-25T22:20:51.737Z,A2,item_2018,legitimate,1790374850880,main,,,
2026-09-25T22:21:00.086Z,A2,item_1994,legitimate,1790374859452,main,,,
2026-09-25T22:21:06.518Z,A2,item_1948,legitimate,1790374865649,main,,,
2026-09-25T22:21:12.282Z,A2,item_2073,legitimate,1790374871597,main,,,
2026-09-25T22:21:28.540Z,A2,item_1859,unsure,1790374887881,main,,,
2026-09-25T22:21:38.408Z,A2,item_1866,legitimate,1790374897336,main,,,
2026-09-25T22:21:43.121Z,A2,item_1752,legitimate,1790374902448,main,,,
2026-09-25T22:21:47.024Z,A2,item_2009,legitimate,1790374906168,main,,,
2026-09-25T22:21:53.459Z,A2,item_2060,legitimate,1790374912818,main,,,
2026-09-25T22:22:00.212Z,A2,item_2125,legitimate,1790374919616,main,,,
2026-09-25T22:22:00.577Z,A2,item_2125,legitimate,1790374919616,main,,,
2026-09-25T22:22:00.577Z,A2,item_2125,legitimate,1790374919786,main,,,
2026-09-25T22:22:14.074Z,A2,item_2133,legitimate,1790374933523,main,,,
2026-09-25T22:22:20.415Z,A2,item_1860,legitimate,1790374939869,main,,,
2026-09-25T22:22:28.778Z,A2,item_1892,legitimate,1790374948069,main,,,
2026-09-25T22:22:37.439Z,A2,item_1951,legitimate,1790374956849,main,,,
2026-09-25T22:22:46.021Z,A2,rep__item_1913,legitimate,1790374965490,main,,,
2026-09-25T22:22:56.370Z,A2,item_2121,legitimate,1790374975555,main,,,
2026-09-25T22:23:02.580Z,A2,item_1258,legitimate,1790374982036,main,,,
2026-09-25T22:23:12.529Z,A2,item_1279,garbled,1790374991782,main,,,
2026-09-25T22:23:23.914Z,A2,item_1276,legitimate,1790375003158,main,,,
2026-09-25T22:23:34.816Z,A2,rep__item_1921,legitimate,1790375013940,main,,,
2026-09-25T22:23:43.240Z,A2,item_1760,legitimate,1790375022471,main,,,
2026-09-25T22:24:02.980Z,A2,item_1878,unsure,1790375042291,main,,,
2026-09-25T22:24:08.334Z,A2,item_2105,legitimate,1790375047689,main,,,
2026-09-25T22:24:29.661Z,A2,item_1768,unsure,1790375068664,main,,,
2026-09-25T22:24:35.187Z,A2,item_1278,legitimate,1790375074389,main,,,
2026-09-25T22:24:38.445Z,A2,item_2136,legitimate,1790375077912,main,,,
2026-09-25T22:24:48.006Z,A2,rep__item_1891,legitimate,1790375087262,main,,,
2026-09-25T22:24:58.353Z,A2,item_1842,unsure,1790375097258,main,,,
2026-09-25T22:25:09.216Z,A2,item_2066,legitimate,1790375108158,main,,,
2026-09-25T22:25:13.006Z,A2,item_1795,legitimate,1790375112021,main,,,
2026-09-25T22:25:20.028Z,A2,item_2146,legitimate,1790375119170,main,,,
2026-09-25T22:25:27.333Z,A2,item_1949,legitimate,1790375126340,main,,,
2026-09-25T22:26:22.038Z,A2,item_2074,annoying,1790375180542,main,,,
2026-09-25T22:26:37.145Z,A2,item_2088,legitimate,1790375196518,main,,,
2026-09-25T22:27:36.465Z,A2,item_1725,legitimate,1790375254769,main,,,
2026-09-25T22:27:40.491Z,A2,item_1802,legitimate,1790375260040,main,,,
2026-09-25T22:27:46.237Z,A2,item_1806,legitimate,1790375265457,main,,,
2026-09-25T22:27:51.107Z,A2,item_1841,legitimate,1790375270310,main,,,
2026-09-25T22:28:04.829Z,A2,item_1830,unsure,1790375284275,main,,,
2026-09-25T22:28:09.868Z,A2,item_1791,legitimate,1790375289226,main,,,
2026-09-25T22:28:17.286Z,A2,item_1817,legitimate,1790375296224,main,,,
2026-09-25T22:28:30.321Z,A2,item_2144,unsure,1790375309710,main,,,
2026-09-25T22:28:39.371Z,A2,item_1758,legitimate,1790375318507,main,,,
2026-09-25T22:28:44.891Z,A2,item_2026,legitimate,1790375324155,main,,,
2026-09-25T22:28:51.853Z,A2,item_1285,legitimate,1790375331185,main,,,
2026-09-25T22:29:07.748Z,A2,item_1809,annoying,1790375347030,main,,,
2026-09-25T22:29:13.560Z,A2,item_1747,legitimate,1790375352935,main,,,
2026-09-25T22:29:21.296Z,A2,item_1252,legitimate,1790375360547,main,,,
2026-09-25T22:29:29.568Z,A2,item_1227,legitimate,1790375368586,main,,,
2026-09-25T22:29:42.486Z,A2,item_1918,legitimate,1790375381636,main,,,
2026-09-25T22:29:49.367Z,A2,item_1272,legitimate,1790375388639,main,,,
2026-09-25T22:30:03.015Z,A2,item_2109,legitimate,1790375402180,main,,,
2026-09-25T22:30:46.103Z,A2,item_1755,legitimate,1790375444327,main,,,
2026-09-25T22:30:50.420Z,A2,item_2036,legitimate,1790375449645,main,,,
2026-09-25T22:30:54.930Z,A2,item_1250,legitimate,1790375454150,main,,,
2026-09-25T22:31:02.745Z,A2,item_1811,legitimate,1790375462012,main,,,
2026-09-25T22:31:09.040Z,A2,item_1925,legitimate,1790375468338,main,,,
2026-09-25T22:31:17.745Z,A2,item_1850,legitimate,1790375476988,main,,,
2026-09-25T22:31:22.863Z,A2,item_1914,legitimate,1790375482074,main,,,
2026-09-25T22:31:36.210Z,A2,item_1831,unsure,1790375495576,main,,,
2026-09-25T22:31:41.076Z,A2,item_1790,legitimate,1790375500421,main,,,
2026-09-25T22:31:47.019Z,A2,item_1234,legitimate,1790375506114,main,,,
2026-09-25T22:31:55.196Z,A2,item_1837,legitimate,1790375514361,main,,,
2026-09-25T22:32:10.670Z,A2,item_1729,legitimate,1790375529769,main,,,
2026-09-25T22:32:15.247Z,A2,item_1972,legitimate,1790375534472,main,,,
2026-09-25T22:32:20.487Z,A2,item_1728,legitimate,1790375539490,main,,,
2026-09-25T22:32:24.906Z,A2,item_2071,legitimate,1790375544130,main,,,
2026-09-25T22:32:29.762Z,A2,item_1911,legitimate,1790375548722,main,,,
2026-09-25T22:32:35.807Z,A2,item_2086,legitimate,1790375554816,main,,,
2026-09-25T22:32:47.486Z,A2,item_1745,annoying,1790375566604,main,,,
2026-09-25T22:32:53.206Z,A2,item_1991,legitimate,1790375572183,main,,,
2026-09-25T22:32:59.785Z,A2,item_1804,legitimate,1790375578986,main,,,
2026-09-25T22:33:10.203Z,A2,item_1832,legitimate,1790375589433,main,,,
2026-09-25T22:33:21.669Z,A2,item_2038,legitimate,1790375600837,main,,,
2026-09-25T22:33:26.727Z,A2,item_1277,legitimate,1790375605673,main,,,
2026-09-25T22:33:31.334Z,A2,item_2059,legitimate,1790375610555,main,,,
2026-09-25T22:33:36.260Z,A2,rep__item_1962,legitimate,1790375615320,main,,,
2026-09-25T22:33:46.734Z,A2,item_1268,legitimate,1790375625774,main,,,
2026-09-25T22:33:51.621Z,A2,item_1739,legitimate,1790375630763,main,,,
2026-09-25T22:33:59.842Z,A2,item_1922,unsure,1790375638937,main,,,
2026-09-25T22:34:13.192Z,A2,item_2022,annoying,1790375652225,main,,,
2026-09-25T22:34:24.573Z,A2,item_2072,legitimate,1790375663815,main,,,
2026-09-25T22:34:32.268Z,A2,item_1219,legitimate,1790375671397,main,,,
2026-09-25T22:34:38.642Z,A2,rep__item_1969,unsure,1790375678022,main,,,
2026-09-25T22:34:44.872Z,A2,item_2093,legitimate,1790375684311,main,,,
2026-09-25T22:34:47.783Z,A2,rep__item_2013,legitimate,1790375687148,main,,,
2026-09-25T22:34:59.856Z,A2,item_1894,legitimate,1790375699227,main,,,
2026-09-25T22:35:05.431Z,A2,item_2130,legitimate,1790375704726,main,,,
2026-09-25T22:35:10.369Z,A2,item_2051,legitimate,1790375709734,main,,,
2026-09-25T22:35:14.053Z,A2,item_2047,legitimate,1790375713607,main,,,
2026-09-25T22:35:22.235Z,A2,item_1967,legitimate,1790375721482,main,,,
2026-09-25T22:35:24.753Z,A2,rep__item_1902,legitimate,1790375724109,main,,,
2026-09-25T22:35:28.065Z,A2,item_1266,legitimate,1790375727257,main,,,
2026-09-25T22:35:33.816Z,A2,item_1274,legitimate,1790375733225,main,,,
2026-09-25T22:35:39.311Z,A2,item_1937,legitimate,1790375738597,main,,,
2026-09-25T22:35:47.503Z,A2,item_2002,garbled,1790375746780,main,,,
2026-09-25T22:35:52.288Z,A2,item_1263,legitimate,1790375751550,main,,,
2026-09-25T22:35:57.449Z,A2,item_2143,legitimate,1790375756782,main,,,
2026-09-26T10:21:00.259Z,zz-test-claude,sm:test:item_2123,unsure,1790418059233,strawman-test,,,
2026-09-26T13:31:14.247Z,A4,sm:test:item_1801,strawman,1790429473112,strawman-test,,,
2026-09-26T13:31:15.867Z,A2,sm:test:item_2138,unsure,1790429474661,strawman-test,,,
2026-09-26T13:31:24.650Z,A2,sm:test:item_2100,not_strawman,1790429483383,strawman-test,,,
2026-09-26T13:31:29.261Z,A4,sm:test:item_1857,strawman,1790429488327,strawman-test,,,
2026-09-26T13:31:32.769Z,A4,sm:test:item_1801,not_strawman,1790429491853,strawman-test,,,
2026-09-26T13:31:33.656Z,A4,sm:test:item_1801,not_strawman,1790429491853,strawman-test,,,
2026-09-26T13:31:33.656Z,A4,sm:test:item_1945,not_strawman,1790429492650,strawman-test,,,
2026-09-26T13:31:38.261Z,A2,sm:test:item_2111,not_strawman,1790429497275,strawman-test,,,
2026-09-26T13:32:06.385Z,A2,sm:test:item_2068,strawman,1790429525402,strawman-test,,,
2026-09-26T13:32:11.890Z,A2,sm:test:item_1810,not_strawman,1790429530970,strawman-test,,,
2026-09-26T13:32:18.114Z,A2,sm:dev:item_1999,not_strawman,1790429537043,strawman-dev,,,
2026-09-26T13:32:53.342Z,A4,sm:test:item_2070,not_strawman,1790429572140,strawman-test,,,
2026-09-26T13:33:01.675Z,A4,sm:test:item_2029,not_strawman,1790429580852,strawman-test,,,
2026-09-26T13:33:10.468Z,A4,sm:dev:item_1908,not_strawman,1790429589624,strawman-dev,,,
2026-09-26T13:33:16.377Z,A4,sm:test:item_1922,not_strawman,1790429595374,strawman-test,,,
2026-09-26T13:33:23.536Z,A4,sm:test:item_1841,not_strawman,1790429602488,strawman-test,,,
2026-09-26T13:38:01.832Z,A2,sm:dev:item_1906,not_strawman,1790429880752,strawman-dev,,,
2026-09-26T13:38:06.123Z,A2,sm:test:item_2031,unsure,1790429885390,strawman-test,,,
2026-09-26T13:38:18.403Z,A2,sm:test:item_1818,unsure,1790429897171,strawman-test,,,
2026-09-26T13:38:23.302Z,A2,sm:test:item_2081,not_strawman,1790429902305,strawman-test,,,
2026-09-26T13:38:28.193Z,A2,sm:test:item_1785,not_strawman,1790429907062,strawman-test,,,
2026-09-26T13:38:31.813Z,A2,sm:test:item_1763,not_strawman,1790429910603,strawman-test,,,
2026-09-26T13:38:35.529Z,A2,sm:test:item_1800,not_strawman,1790429914748,strawman-test,,,
2026-09-26T13:39:03.590Z,A2,sm:test:item_2067,not_strawman,1790429942438,strawman-test,,,
2026-09-26T13:39:09.998Z,A2,sm:test:item_2084,not_strawman,1790429949046,strawman-test,,,
2026-09-26T13:39:12.939Z,A2,sm:test:item_1929,not_strawman,1790429952047,strawman-test,,,
2026-09-26T13:39:17.466Z,A2,sm:test:item_2123,not_strawman,1790429956645,strawman-test,,,
2026-09-26T13:39:22.024Z,A2,sm:test:item_1849,not_strawman,1790429961252,strawman-test,,,
2026-09-26T13:39:26.889Z,A2,sm:test:item_1896,not_strawman,1790429966037,strawman-test,,,
2026-09-26T13:39:34.850Z,A2,sm:test:item_1732,not_strawman,1790429973752,strawman-test,,,
2026-09-26T13:39:37.941Z,A2,sm:test:item_2033,not_strawman,1790429977265,strawman-test,,,
2026-09-26T13:39:40.620Z,A2,sm:test:item_1873,not_strawman,1790429979740,strawman-test,,,
2026-09-26T13:40:27.799Z,A2,sm:test:item_1764,strawman,1790430026706,strawman-test,,,
2026-09-26T13:40:31.992Z,A2,sm:test:item_1801,not_strawman,1790430030823,strawman-test,,,
2026-09-26T13:40:49.263Z,A2,sm:test:item_1875,not_strawman,1790430048302,strawman-test,,,
2026-09-26T13:40:55.425Z,A2,sm:test:item_2122,not_strawman,1790430054624,strawman-test,,,
2026-09-26T14:49:16.650Z,A2,item_2328,legitimate,1790434155626,main,,,
2026-09-26T14:49:33.873Z,A2,item_2331,unsure,1790434172707,main,,,
2026-09-26T14:49:47.618Z,A2,item_2202,legitimate,1790434186643,main,,,
2026-09-26T14:49:55.310Z,A2,item_2465,legitimate,1790434194157,main,,,
2026-09-26T14:49:59.700Z,A2,item_2573,legitimate,1790434198817,main,,,
2026-09-26T14:50:11.124Z,A2,item_2513,legitimate,1790434210120,main,,,
2026-09-26T14:50:16.358Z,A2,item_2422,legitimate,1790434215500,main,,,
2026-09-26T14:50:24.284Z,A2,item_2285,legitimate,1790434223101,main,,,
2026-09-26T14:50:39.578Z,A2,item_2675,legitimate,1790434238385,main,,,
2026-09-26T14:50:43.950Z,A2,item_2550,legitimate,1790434243043,main,,,
2026-09-26T14:50:56.300Z,A2,item_2364,legitimate,1790434255298,main,,,
2026-09-26T14:51:01.947Z,A2,item_2454,legitimate,1790434260716,main,,,
2026-09-26T14:51:06.630Z,A2,item_2438,legitimate,1790434265806,main,,,
2026-09-26T14:51:40.610Z,A2,item_2679,annoying,1790434299397,main,,,
2026-09-26T14:51:52.032Z,A2,item_2639,legitimate,1790434310876,main,,,
2026-09-26T14:51:59.686Z,A2,item_2654,legitimate,1790434318879,main,,,
2026-09-26T14:52:11.764Z,A2,item_2545,legitimate,1790434330739,main,,,
2026-09-26T14:52:21.340Z,A2,item_2416,legitimate,1790434340121,main,,,
2026-09-26T14:52:46.496Z,A2,item_2593,legitimate,1790434365424,main,,,
2026-09-26T14:53:15.476Z,A2,item_2659,unsure,1790434394466,main,,,
2026-09-26T14:53:33.043Z,A2,item_2509,legitimate,1790434412251,main,,,
2026-09-26T14:53:39.182Z,A2,item_2273,legitimate,1790434418172,main,,,
2026-09-26T14:53:49.226Z,A2,item_2548,legitimate,1790434428305,main,,,
2026-09-26T14:53:55.322Z,A2,item_2297,legitimate,1790434434300,main,,,
2026-09-26T14:54:02.313Z,A2,item_2612,legitimate,1790434441451,main,,,
2026-09-26T14:54:12.808Z,A2,item_2378,legitimate,1790434451836,main,,,
2026-09-26T14:54:24.126Z,A2,item_2385,legitimate,1790434463249,main,,,
2026-09-26T14:54:30.911Z,A2,item_2618,legitimate,1790434469930,main,,,
2026-09-26T14:55:23.895Z,A2,item_2409,annoying,1790434522673,main,,,
2026-09-26T14:55:34.563Z,A2,item_2317,legitimate,1790434533569,main,,,
2026-09-26T14:55:44.452Z,A2,item_2308,unsure,1790434543475,main,,,
2026-09-26T14:55:49.827Z,A2,item_2407,legitimate,1790434548640,main,,,
2026-09-26T14:56:02.088Z,A2,item_2304,legitimate,1790434560860,main,,,
2026-09-26T14:56:09.298Z,A2,item_2377,legitimate,1790434568175,main,,,
2026-09-26T14:56:20.051Z,A2,item_2367,legitimate,1790434579044,main,,,
2026-09-26T14:56:25.444Z,A2,item_2225,legitimate,1790434584599,main,,,
2026-09-26T14:56:30.854Z,A2,item_2670,legitimate,1790434589594,main,,,
2026-09-26T14:56:37.595Z,A2,item_2537,legitimate,1790434596635,main,,,
2026-09-26T14:56:45.851Z,A2,item_2337,legitimate,1790434605046,main,,,
2026-09-26T14:56:49.683Z,A2,item_2411,legitimate,1790434608717,main,,,
2026-09-26T14:56:54.831Z,A2,item_2332,legitimate,1790434614095,main,,,
2026-09-26T14:57:00.117Z,A2,item_2669,legitimate,1790434619169,main,,,
2026-09-26T14:57:11.651Z,A2,item_2682,unsure,1790434630094,main,,,
2026-09-26T14:58:22.061Z,A2,item_2260,unsure,1790434701110,main,,,
2026-09-26T14:58:31.572Z,A2,item_2402,legitimate,1790434710421,main,,,
2026-09-26T14:58:58.836Z,A2,item_2497,annoying,1790434737810,main,,,
2026-09-26T14:59:05.344Z,A2,item_2526,legitimate,1790434744518,main,,,
2026-09-26T14:59:15.001Z,A2,item_2397,legitimate,1790434754094,main,,,
2026-09-26T14:59:17.600Z,A2,item_2674,legitimate,1790434756682,main,,,
2026-09-26T14:59:23.005Z,A2,item_2413,legitimate,1790434762168,main,,,
2026-09-26T14:59:28.906Z,A2,item_2615,legitimate,1790434768104,main,,,
2026-09-26T14:59:34.838Z,A2,item_2366,legitimate,1790434774073,main,,,
2026-09-26T14:59:39.434Z,A2,item_2440,legitimate,1790434778141,main,,,
2026-09-26T14:59:47.196Z,A2,item_2500,legitimate,1790434786285,main,,,
2026-09-26T14:59:54.805Z,A2,item_2591,unsure,1790434793958,main,,,
2026-09-26T15:00:01.861Z,A2,item_2261,legitimate,1790434800770,main,,,
2026-09-26T15:00:13.017Z,A2,item_2426,unsure,1790434812146,main,,,
2026-09-26T15:00:18.222Z,A2,item_2263,legitimate,1790434816818,main,,,
2026-09-26T15:00:22.265Z,A2,item_2307,legitimate,1790434821400,main,,,
2026-09-26T15:00:26.203Z,A2,item_2372,legitimate,1790434824946,main,,,
2026-09-26T15:00:32.674Z,A2,item_2286,legitimate,1790434831622,main,,,
2026-09-26T15:00:40.855Z,A2,item_2264,legitimate,1790434839809,main,,,
2026-09-26T15:00:58.180Z,A2,item_2597,unsure,1790434857215,main,,,
2026-09-26T15:01:01.565Z,A2,item_2334,legitimate,1790434860673,main,,,
2026-09-26T15:01:05.198Z,A2,item_2566,legitimate,1790434864222,main,,,
2026-09-26T15:01:09.838Z,A2,item_2562,legitimate,1790434868775,main,,,
2026-09-26T15:01:13.537Z,A2,item_2587,legitimate,1790434872589,main,,,
2026-09-26T15:01:17.285Z,A2,item_2207,legitimate,1790434876332,main,,,
2026-09-26T15:01:24.456Z,A2,item_2658,unsure,1790434883364,main,,,
2026-09-26T15:01:37.906Z,A2,item_2602,legitimate,1790434896957,main,,,
2026-09-26T15:01:44.109Z,A2,item_2579,legitimate,1790434903072,main,,,
2026-09-26T15:01:56.254Z,A2,item_2683,unsure,1790434913701,main,,,
2026-09-26T15:01:59.884Z,A2,item_2250,legitimate,1790434918886,main,,,
2026-09-26T15:02:27.971Z,A2,item_2464,annoying,1790434946780,main,,,
2026-09-26T15:02:31.362Z,A2,item_2241,legitimate,1790434950336,main,,,
2026-09-26T15:02:43.731Z,A2,item_2584,unsure,1790434962844,main,,,
2026-09-26T15:02:50.094Z,A2,item_2489,legitimate,1790434969038,main,,,
2026-09-26T15:03:14.634Z,A2,item_2296,annoying,1790434993462,main,,,
2026-09-26T15:03:23.219Z,A2,item_2640,legitimate,1790435001943,main,,,
2026-09-26T15:03:29.662Z,A2,item_2347,legitimate,1790435008714,main,,,
2026-09-26T15:04:14.171Z,A2,item_2394,annoying,1790435053063,main,,,
2026-09-26T15:04:19.062Z,A2,item_2249,legitimate,1790435057961,main,,,
2026-09-26T15:05:53.456Z,A2,item_2437,annoying,1790435152431,main,,,
2026-09-26T15:06:04.146Z,A2,item_2554,legitimate,1790435163196,main,,,
2026-09-26T15:06:29.642Z,A2,item_2588,annoying,1790435188668,main,,,
2026-09-26T15:06:52.627Z,A2,item_2481,annoying,1790435211664,main,,,
2026-09-26T15:07:41.549Z,A2,item_2322,unsure,1790435260234,main,,,
2026-09-26T15:07:52.393Z,A2,item_2630,unsure,1790435271376,main,,,
2026-09-26T15:08:15.514Z,A2,item_2607,annoying,1790435294420,main,,,
2026-09-26T15:08:26.027Z,A2,item_2472,legitimate,1790435305161,main,,,
2026-09-26T15:08:33.070Z,A2,item_2265,legitimate,1790435311860,main,,,
2026-09-26T15:08:40.227Z,A2,item_2190,legitimate,1790435319328,main,,,
2026-09-26T15:08:44.945Z,A2,item_2392,legitimate,1790435324149,main,,,
2026-09-26T15:08:50.353Z,A2,item_2427,legitimate,1790435329265,main,,,
2026-09-26T15:08:57.090Z,A2,item_2469,legitimate,1790435336145,main,,,
2026-09-26T15:09:05.872Z,A2,item_2583,legitimate,1790435345147,main,,,
2026-09-26T15:09:10.828Z,A2,item_2470,legitimate,1790435349890,main,,,
2026-09-26T15:09:18.991Z,A2,item_2592,legitimate,1790435358033,main,,,
2026-09-26T15:09:26.593Z,A2,item_2310,legitimate,1790435365757,main,,,
2026-09-26T15:09:33.627Z,A2,item_2613,legitimate,1790435372783,main,,,
2026-09-26T15:09:56.314Z,A2,item_2673,legitimate,1790435395114,main,,,
2026-09-26T15:10:03.735Z,A2,item_2656,legitimate,1790435402619,main,,,
2026-09-26T15:10:09.461Z,A2,item_2281,unsure,1790435408392,main,,,
2026-09-26T15:10:29.297Z,A2,item_2303,legitimate,1790435428252,main,,,
2026-09-26T15:10:34.107Z,A2,item_2256,legitimate,1790435433101,main,,,
2026-09-26T15:11:04.105Z,A2,item_2360,legitimate,1790435463153,main,,,
2026-09-26T15:11:12.454Z,A2,item_2208,legitimate,1790435471279,main,,,
2026-09-26T15:11:15.548Z,A2,item_2320,legitimate,1790435474422,main,,,
2026-09-26T15:11:20.444Z,A2,item_2653,legitimate,1790435479507,main,,,
2026-09-26T15:11:52.127Z,A2,item_2340,annoying,1790435510623,main,,,
2026-09-26T15:12:00.940Z,A2,item_2468,legitimate,1790435519838,main,,,
2026-09-26T15:12:35.763Z,A2,item_2512,unsure,1790435554492,main,,,
2026-09-26T15:12:41.045Z,A2,item_2299,legitimate,1790435560025,main,,,
2026-09-26T15:13:11.572Z,A2,item_2395,annoying,1790435590482,main,,,
2026-09-26T15:13:16.225Z,A2,item_2213,legitimate,1790435595233,main,,,
2026-09-26T15:13:21.902Z,A2,item_2506,legitimate,1790435600558,main,,,
2026-09-26T15:13:29.410Z,A2,item_2226,legitimate,1790435608585,main,,,
2026-09-26T15:13:33.959Z,A2,item_2687,legitimate,1790435612954,main,,,
2026-09-26T15:13:39.278Z,A2,item_2442,legitimate,1790435618111,main,,,
2026-09-26T15:13:44.661Z,A2,item_2498,legitimate,1790435623742,main,,,
2026-09-26T15:13:49.416Z,A2,item_2401,legitimate,1790435628641,main,,,
2026-09-26T15:13:59.540Z,A2,item_2626,legitimate,1790435638624,main,,,
2026-09-26T15:14:07.267Z,A2,item_2314,unsure,1790435646424,main,,,
2026-09-26T15:14:12.015Z,A2,item_2302,legitimate,1790435650948,main,,,
2026-09-26T15:14:23.119Z,A2,item_2338,unsure,1790435661945,main,,,
2026-09-26T15:14:26.151Z,A2,item_2621,legitimate,1790435665187,main,,,
2026-09-26T15:14:29.719Z,A2,item_2621,legitimate,1790435665187,main,,,
2026-09-26T15:14:29.719Z,A2,item_2627,legitimate,1790435668747,main,,,
2026-09-26T15:14:38.504Z,A2,item_2375,unsure,1790435677692,main,,,
2026-09-26T15:14:50.361Z,A2,item_2530,legitimate,1790435689398,main,,,
2026-09-26T15:14:55.249Z,A2,item_2391,legitimate,1790435694106,main,,,
2026-09-26T15:15:13.155Z,A2,item_2365,unsure,1790435712003,main,,,
2026-09-26T15:15:18.251Z,A2,item_2450,legitimate,1790435717398,main,,,
2026-09-26T15:15:25.368Z,A2,item_2274,legitimate,1790435724098,main,,,
2026-09-26T15:15:30.820Z,A2,item_2628,legitimate,1790435729742,main,,,
2026-09-26T15:15:37.347Z,A2,item_2453,legitimate,1790435735054,main,,,
2026-09-26T15:15:41.768Z,A2,item_2206,legitimate,1790435740816,main,,,
2026-09-26T15:15:47.299Z,A2,item_2495,legitimate,1790435746221,main,,,
2026-09-26T15:15:56.601Z,A2,item_2380,unsure,1790435755636,main,,,
2026-09-26T15:16:02.883Z,A2,item_2524,legitimate,1790435761833,main,,,
2026-09-26T15:16:06.085Z,A2,item_2418,legitimate,1790435765288,main,,,
2026-09-26T15:16:12.035Z,A2,item_2678,unsure,1790435771038,main,,,
2026-09-26T15:16:15.966Z,A2,item_2289,legitimate,1790435774948,main,,,
2026-09-26T15:16:20.898Z,A2,item_2619,legitimate,1790435779877,main,,,
2026-09-26T15:16:23.303Z,A2,item_2471,legitimate,1790435782605,main,,,
2026-09-26T15:16:26.920Z,A2,item_2368,legitimate,1790435785993,main,,,
2026-09-26T15:16:32.456Z,A2,item_2563,legitimate,1790435791500,main,,,
2026-09-26T15:16:38.944Z,A2,item_2571,legitimate,1790435797916,main,,,
2026-09-26T15:16:46.746Z,A2,item_2551,legitimate,1790435805786,main,,,
2026-09-26T15:17:00.260Z,A2,item_2565,annoying,1790435819299,main,,,
2026-09-26T15:18:14.210Z,A2,item_2193,legitimate,1790435892974,main,,,
2026-09-26T15:18:22.500Z,A2,item_2561,legitimate,1790435901274,main,,,
2026-09-26T15:18:26.266Z,A2,item_2321,legitimate,1790435905380,main,,,
2026-09-26T15:18:29.431Z,A2,item_2236,legitimate,1790435908118,main,,,
2026-09-26T15:18:46.055Z,A2,item_2642,unsure,1790435925324,main,,,
2026-09-26T15:18:55.661Z,A2,item_2387,legitimate,1790435934728,main,,,
2026-09-26T15:18:59.225Z,A2,item_2388,legitimate,1790435938451,main,,,
2026-09-26T15:19:04.685Z,A2,item_2369,legitimate,1790435943602,main,,,
2026-09-26T15:19:12.152Z,A2,item_2284,unsure,1790435950891,main,,,
2026-09-26T15:19:34.079Z,A2,item_2459,annoying,1790435973083,main,,,
2026-09-26T15:19:43.153Z,A2,item_2539,unsure,1790435982224,main,,,
2026-09-26T15:19:51.095Z,A2,item_2245,legitimate,1790435990243,main,,,
2026-09-26T15:19:56.237Z,A2,item_2205,legitimate,1790435995456,main,,,
2026-09-26T15:20:02.093Z,A2,item_2287,legitimate,1790436000993,main,,,
2026-09-26T15:20:07.096Z,A2,item_2494,legitimate,1790436006393,main,,,
2026-09-26T15:20:11.132Z,A2,item_2271,legitimate,1790436010408,main,,,
2026-09-26T15:20:18.144Z,A2,item_2534,legitimate,1790436017257,main,,,
2026-09-26T15:20:25.151Z,A2,item_2507,legitimate,1790436024186,main,,,
2026-09-26T15:20:33.028Z,A2,item_2487,legitimate,1790436031784,main,,,
2026-09-26T15:20:36.063Z,A2,item_2455,legitimate,1790436035143,main,,,
2026-09-26T15:21:33.138Z,A2,item_2452,annoying,1790436091940,main,,,
2026-09-26T15:21:41.348Z,A2,item_2632,legitimate,1790436100167,main,,,
2026-09-26T15:21:48.390Z,A2,item_2504,legitimate,1790436107379,main,,,
2026-09-26T15:21:59.425Z,A2,item_2505,unsure,1790436118333,main,,,
2026-09-26T15:22:05.553Z,A2,item_2248,legitimate,1790436124775,main,,,
2026-09-26T15:22:10.369Z,A2,item_2257,unsure,1790436129700,main,,,
2026-09-26T15:22:31.495Z,A2,item_2637,annoying,1790436150527,main,,,
2026-09-26T15:22:37.765Z,A2,item_2216,legitimate,1790436156892,main,,,
2026-09-26T15:22:46.026Z,A2,item_2301,legitimate,1790436164862,main,,,
2026-09-26T15:22:52.704Z,A2,item_2279,legitimate,1790436171445,main,,,
2026-09-26T15:22:59.090Z,A2,item_2390,legitimate,1790436178203,main,,,
2026-09-26T15:23:25.525Z,A2,item_2499,annoying,1790436204257,main,,,
2026-09-26T15:23:30.182Z,A2,item_2546,legitimate,1790436209166,main,,,
2026-09-26T15:23:35.039Z,A2,item_2564,legitimate,1790436214023,main,,,
2026-09-26T15:23:46.082Z,A2,item_2384,unsure,1790436224767,main,,,
2026-09-26T15:23:53.793Z,A2,item_2611,legitimate,1790436232619,main,,,
2026-09-26T15:24:00.427Z,A2,item_2253,legitimate,1790436239669,main,,,
2026-09-26T15:24:28.168Z,A2,item_2503,annoying,1790436267011,main,,,
2026-09-26T15:24:35.023Z,A2,item_2559,legitimate,1790436271101,main,,,
2026-09-26T15:24:36.888Z,A2,item_2559,legitimate,1790436271101,main,,,
2026-09-26T15:24:36.888Z,A2,item_2663,legitimate,1790436276088,main,,,
2026-09-26T15:24:41.835Z,A2,item_2645,legitimate,1790436280918,main,,,
2026-09-26T15:24:53.373Z,A2,item_2482,unsure,1790436292147,main,,,
2026-09-26T15:25:02.583Z,A2,item_2277,legitimate,1790436301669,main,,,
2026-09-26T15:25:11.060Z,A2,item_2638,legitimate,1790436309968,main,,,
2026-09-26T15:25:16.549Z,A2,item_2294,unsure,1790436315647,main,,,
2026-09-26T15:25:21.622Z,A2,item_2430,legitimate,1790436320811,main,,,
2026-09-26T15:25:30.564Z,A2,item_2686,legitimate,1790436329682,main,,,
2026-09-26T15:25:36.054Z,A2,item_2496,legitimate,1790436335296,main,,,
2026-09-26T15:25:44.109Z,A2,item_2578,legitimate,1790436342983,main,,,
2026-09-26T15:25:55.993Z,A2,item_2223,legitimate,1790436354797,main,,,
2026-09-26T15:26:16.059Z,A2,item_2511,annoying,1790436375080,main,,,
2026-09-26T15:26:39.030Z,A2,item_2272,legitimate,1790436397837,main,,,
2026-09-26T15:29:08.344Z,A2,item_2405,legitimate,1790436547014,main,,,
2026-09-26T15:29:14.937Z,A2,item_2405,legitimate,1790436547014,main,,,
2026-09-26T15:29:14.937Z,A2,item_2266,legitimate,1790436553650,main,,,
2026-09-26T15:29:22.746Z,A2,item_2655,legitimate,1790436561827,main,,,
2026-09-26T15:29:33.634Z,A2,item_2655,legitimate,1790436561827,main,,,
2026-09-26T15:29:33.634Z,A2,item_2475,legitimate,1790436572418,main,,,
2026-09-26T15:29:38.608Z,A2,item_2655,legitimate,1790436561827,main,,,
2026-09-26T15:29:38.608Z,A2,item_2475,legitimate,1790436572418,main,,,
2026-09-26T15:29:38.608Z,A2,item_2634,legitimate,1790436577497,main,,,
2026-09-26T15:29:43.536Z,A2,item_2567,legitimate,1790436582258,main,,,
2026-09-26T15:29:46.894Z,A2,item_2324,legitimate,1790436586064,main,,,
2026-09-26T15:29:57.248Z,A2,item_2339,unsure,1790436596227,main,,,
2026-09-26T15:30:11.398Z,A2,item_2339,unsure,1790436610434,main,,,
2026-09-26T15:30:20.514Z,A2,item_2514,legitimate,1790436619519,main,,,
2026-09-26T15:30:25.324Z,A2,item_2419,legitimate,1790436624371,main,,,
2026-09-26T15:30:43.184Z,A2,item_2410,legitimate,1790436642105,main,,,
2026-09-26T15:30:55.759Z,A2,item_2212,legitimate,1790436654735,main,,,
2026-09-26T15:31:04.462Z,A2,item_2234,legitimate,1790436663377,main,,,
2026-09-26T15:31:09.427Z,A2,item_2531,legitimate,1790436668603,main,,,
2026-09-26T15:31:16.674Z,A2,item_2204,legitimate,1790436675208,main,,,
2026-09-26T15:31:20.196Z,A2,item_2549,legitimate,1790436679143,main,,,
2026-09-26T15:31:26.538Z,A2,item_2521,legitimate,1790436685530,main,,,
2026-09-26T15:31:32.388Z,A2,item_2283,legitimate,1790436691338,main,,,
2026-09-26T15:31:41.111Z,A2,item_2420,unsure,1790436700242,main,,,
2026-09-26T15:31:47.860Z,A2,item_2574,legitimate,1790436706867,main,,,
2026-09-26T15:31:56.003Z,A2,item_2386,legitimate,1790436715047,main,,,
2026-09-26T15:32:00.874Z,A2,item_2330,legitimate,1790436719861,main,,,
2026-09-26T15:32:15.261Z,A2,item_2351,unsure,1790436734106,main,,,
2026-09-26T15:32:23.948Z,A2,item_2298,unsure,1790436742988,main,,,
2026-09-26T15:32:32.120Z,A2,item_2555,legitimate,1790436751084,main,,,
2026-09-26T15:32:35.866Z,A2,item_2359,legitimate,1790436754851,main,,,
2026-09-26T15:32:40.960Z,A2,item_2444,legitimate,1790436759436,main,,,
2026-09-26T15:32:49.132Z,A2,item_2483,legitimate,1790436768253,main,,,
2026-09-26T15:32:57.844Z,A2,item_2457,legitimate,1790436776860,main,,,
2026-09-26T15:33:04.847Z,A2,item_2652,legitimate,1790436783735,main,,,
2026-09-26T15:33:10.972Z,A2,item_2412,legitimate,1790436790005,main,,,
2026-09-26T15:33:14.288Z,A2,item_2604,legitimate,1790436793069,main,,,
2026-09-26T15:33:20.108Z,A2,item_2232,legitimate,1790436799203,main,,,
2026-09-26T15:33:24.694Z,A2,item_2227,legitimate,1790436803681,main,,,
2026-09-26T15:33:28.256Z,A2,item_2576,legitimate,1790436807434,main,,,
2026-09-26T15:33:34.840Z,A2,item_2350,legitimate,1790436813940,main,,,
2026-09-26T15:33:45.581Z,A2,item_2192,legitimate,1790436824550,main,,,
2026-09-26T15:33:48.802Z,A2,item_2199,legitimate,1790436827893,main,,,
2026-09-26T15:33:55.283Z,A2,item_2541,legitimate,1790436834224,main,,,
2026-09-26T15:34:00.537Z,A2,item_2660,legitimate,1790436839539,main,,,
2026-09-26T15:34:08.836Z,A2,item_2194,unsure,1790436848011,main,,,
2026-09-26T15:34:14.478Z,A2,item_2417,legitimate,1790436853451,main,,,
2026-09-26T15:34:21.780Z,A2,item_2393,legitimate,1790436860729,main,,,
2026-09-26T15:34:25.066Z,A2,item_2458,legitimate,1790436864131,main,,,
2026-09-26T15:34:34.912Z,A2,item_2477,unsure,1790436874069,main,,,
2026-09-26T15:34:48.114Z,A2,item_2676,legitimate,1790436887065,main,,,
2026-09-26T15:34:52.352Z,A2,item_2349,legitimate,1790436891257,main,,,
2026-09-26T15:34:56.474Z,A2,item_2219,legitimate,1790436895445,main,,,
2026-09-26T15:35:02.250Z,A2,item_2306,legitimate,1790436901295,main,,,
2026-09-26T15:35:07.749Z,A2,rep__item_2241,legitimate,1790436906399,main,,,
2026-09-26T15:35:37.810Z,A2,item_2293,annoying,1790436936365,main,,,
2026-09-26T15:35:59.700Z,A2,item_2336,legitimate,1790436958837,main,,,
2026-09-26T15:36:05.926Z,A2,rep__item_2639,legitimate,1790436964623,main,,,
2026-09-26T15:36:12.502Z,A2,item_2312,legitimate,1790436971597,main,,,
2026-09-26T15:36:17.678Z,A2,item_2224,legitimate,1790436976537,main,,,
2026-09-26T15:36:39.855Z,A2,item_2620,annoying,1790436998659,main,,,
2026-09-26T15:37:04.945Z,A2,rep__item_2394,annoying,1790437023783,main,,,
2026-09-26T15:37:27.108Z,A2,item_2399,annoying,1790437046113,main,,,
2026-09-26T15:37:38.249Z,A2,item_2383,legitimate,1790437057106,main,,,
2026-09-26T15:37:44.752Z,A2,item_2467,legitimate,1790437063550,main,,,
2026-09-26T15:37:50.682Z,A2,item_2467,unsure,1790437069793,main,,,
2026-09-26T15:38:01.562Z,A2,item_2523,unsure,1790437080299,main,,,
2026-09-26T15:38:06.679Z,A2,item_2677,legitimate,1790437085830,main,,,
2026-09-26T15:38:17.441Z,A2,item_2577,legitimate,1790437096467,main,,,
2026-09-26T15:38:25.533Z,A2,item_2603,legitimate,1790437104507,main,,,
2026-09-26T15:38:30.642Z,A2,item_2581,legitimate,1790437109554,main,,,
2026-09-26T15:38:36.202Z,A2,item_2292,legitimate,1790437115240,main,,,
2026-09-26T15:39:01.149Z,A2,rep__item_2465,annoying,1790437139918,main,,,
2026-09-26T15:39:14.234Z,A2,item_2195,legitimate,1790437153222,main,,,
2026-09-26T15:39:21.128Z,A2,item_2510,legitimate,1790437159451,main,,,
2026-09-26T15:41:12.237Z,A2,item_2196,unsure,1790437271232,main,,,
2026-09-26T15:41:26.657Z,A2,rep__item_2422,legitimate,1790437285786,main,,,
2026-09-26T15:41:30.452Z,A2,item_2379,legitimate,1790437289218,main,,,
2026-09-26T15:42:21.174Z,A2,item_2209,unsure,1790437339904,main,,,
2026-09-26T15:42:44.995Z,A2,item_2668,legitimate,1790437363735,main,,,
2026-09-26T15:42:49.659Z,A2,item_2522,legitimate,1790437368507,main,,,
2026-09-26T15:42:56.687Z,A2,item_2315,legitimate,1790437375622,main,,,
2026-09-26T15:43:02.407Z,A2,rep__item_2402,legitimate,1790437381298,main,,,
2026-09-26T15:43:06.769Z,A2,item_2547,legitimate,1790437385542,main,,,
2026-09-26T15:43:09.357Z,A2,rep__item_2202,legitimate,1790437388361,main,,,
2026-09-26T15:43:13.919Z,A2,item_2556,legitimate,1790437393042,main,,,
2026-09-26T15:43:18.429Z,A2,item_2376,legitimate,1790437397381,main,,,
2026-09-26T15:43:22.583Z,A2,item_2461,legitimate,1790437401538,main,,,
2026-09-26T15:43:26.614Z,A2,item_2466,legitimate,1790437405853,main,,,
2026-09-26T15:43:33.507Z,A2,item_2348,legitimate,1790437412466,main,,,
2026-09-26T15:43:47.435Z,A2,item_2230,unsure,1790437426428,main,,,
2026-09-26T15:43:51.809Z,A2,item_2617,legitimate,1790437430963,main,,,
2026-09-26T15:44:01.155Z,A2,item_2267,garbled,1790437440009,main,,,
2026-09-26T15:44:05.520Z,A2,item_2291,legitimate,1790437444484,main,,,
2026-09-26T15:44:11.695Z,A2,item_2262,legitimate,1790437450654,main,,,
2026-09-26T15:44:22.933Z,A2,item_2542,legitimate,1790437461988,main,,,
2026-09-26T15:44:30.318Z,A2,item_2423,unsure,1790437469380,main,,,
2026-09-26T15:44:38.904Z,A2,rep__item_2411,legitimate,1790437477925,main,,,
2026-09-26T15:44:44.315Z,A2,item_2381,legitimate,1790437483078,main,,,
2026-09-26T15:44:49.390Z,A2,item_2197,legitimate,1790437488498,main,,,
2026-09-26T15:44:55.664Z,A2,item_2633,legitimate,1790437494690,main,,,
2026-09-26T15:45:00.355Z,A2,item_2480,legitimate,1790437499360,main,,,
2026-09-26T15:45:05.491Z,A2,item_2243,legitimate,1790437503835,main,,,
2026-09-26T15:45:07.656Z,A2,item_2644,legitimate,1790437506724,main,,,
2026-09-26T15:45:17.610Z,A2,item_2671,legitimate,1790437516453,main,,,
2026-09-26T15:45:33.102Z,A2,rep__item_2509,unsure,1790437532220,main,,,
2026-09-26T15:45:41.286Z,A2,item_2403,legitimate,1790437540242,main,,,
2026-09-26T15:45:46.102Z,A2,item_2651,legitimate,1790437544758,main,,,
2026-09-26T15:45:50.620Z,A2,rep__item_2328,legitimate,1790437549865,main,,,
2026-09-26T15:45:57.473Z,A2,item_2363,legitimate,1790437556546,main,,,
2026-09-26T15:46:02.741Z,A2,rep__item_2438,legitimate,1790437561810,main,,,
2026-09-26T15:46:13.120Z,A2,item_2254,unsure,1790437572046,main,,,
2026-09-26T15:46:18.097Z,A2,item_2221,legitimate,1790437577074,main,,,
2026-09-26T15:46:25.796Z,A2,item_2432,legitimate,1790437584932,main,,,
2026-09-26T15:46:32.321Z,A2,item_2491,legitimate,1790437591422,main,,,
2026-09-26T15:46:38.688Z,A2,item_2188,legitimate,1790437597711,main,,,
2026-09-26T15:46:47.870Z,A2,item_2222,legitimate,1790437606343,main,,,
2026-09-26T15:47:46.876Z,A2,rep__item_2437,annoying,1790437665825,main,,,
2026-09-26T15:47:54.203Z,A2,item_2311,legitimate,1790437673099,main,,,
2026-09-26T15:48:00.037Z,A2,item_2596,legitimate,1790437679118,main,,,
2026-09-26T15:48:11.135Z,A2,item_2361,legitimate,1790437690321,main,,,
2026-09-26T15:48:18.202Z,A2,item_2398,legitimate,1790437697088,main,,,
2026-09-26T15:48:29.172Z,A2,rep__item_2587,legitimate,1790437708412,main,,,
2026-09-26T15:48:37.474Z,A2,item_2672,legitimate,1790437716597,main,,,
2026-09-26T15:48:42.914Z,A2,rep__item_2583,legitimate,1790437721998,main,,,
2026-09-26T15:48:48.566Z,A2,item_2343,legitimate,1790437727800,main,,,
2026-09-26T15:48:54.695Z,A2,item_2448,legitimate,1790437733634,main,,,
2026-09-26T15:49:00.037Z,A2,item_2605,legitimate,1790437739084,main,,,
2026-09-26T15:49:06.157Z,A2,item_2598,legitimate,1790437745321,main,,,
2026-09-26T15:49:12.506Z,A2,item_2647,legitimate,1790437751046,main,,,
2026-09-26T15:49:19.990Z,A2,item_2646,legitimate,1790437759132,main,,,
2026-09-26T15:49:23.344Z,A2,item_2646,unsure,1790437762092,main,,,
2026-09-26T15:49:50.320Z,A2,rep__item_2481,annoying,1790437789325,main,,,
2026-09-26T15:49:57.799Z,A2,item_2445,legitimate,1790437796682,main,,,
2026-09-26T15:50:33.566Z,A2,item_2433,annoying,1790437832450,main,,,
2026-09-26T15:50:37.272Z,A2,item_2201,legitimate,1790437836451,main,,,
2026-09-26T15:50:46.489Z,A2,item_2601,legitimate,1790437845496,main,,,
2026-09-26T15:51:05.056Z,A2,item_2516,unsure,1790437863598,main,,,
2026-09-26T15:51:11.252Z,A2,item_2345,legitimate,1790437870277,main,,,
2026-09-26T15:51:18.840Z,A2,item_2486,legitimate,1790437878012,main,,,
2026-09-26T15:51:25.597Z,A2,rep__item_2545,legitimate,1790437884482,main,,,
2026-09-26T15:51:29.868Z,A2,item_2244,legitimate,1790437888953,main,,,
2026-09-26T15:51:35.306Z,A2,item_2476,legitimate,1790437894495,main,,,
2026-09-26T15:51:42.118Z,A2,item_2246,legitimate,1790437901272,main,,,
2026-09-26T15:51:52.475Z,A2,item_2589,legitimate,1790437911475,main,,,
2026-09-26T15:52:05.141Z,A2,item_2528,legitimate,1790437923382,main,,,
2026-09-26T15:52:09.665Z,A2,item_2629,legitimate,1790437928707,main,,,
2026-09-26T15:52:17.951Z,A2,item_2606,unsure,1790437936817,main,,,
2026-09-26T21:01:01.246Z,A2,item_2665,legitimate,1790456460475,main,,,
2026-09-26T21:01:10.430Z,A2,item_2198,legitimate,1790456469735,main,,,
2026-09-26T21:01:23.655Z,A2,item_2558,legitimate,1790456482845,main,,,
2026-09-26T21:01:34.241Z,A2,rep__item_2378,legitimate,1790456493384,main,,,
2026-09-26T21:01:43.911Z,A2,item_2490,legitimate,1790456503305,main,,,
2026-09-26T21:01:50.162Z,A2,item_2242,legitimate,1790456509215,main,,,
2026-09-26T21:02:00.202Z,A2,item_2305,legitimate,1790456519427,main,,,
2026-09-26T21:02:28.349Z,A2,item_2684,unsure,1790456547655,main,,,
2026-09-26T21:02:47.805Z,A2,item_2608,legitimate,1790456567024,main,,,
2026-09-26T21:03:10.100Z,A2,item_2354,legitimate,1790456589032,main,,,
2026-09-26T21:04:08.623Z,A2,item_2288,annoying,1790456647224,main,,,
2026-09-26T21:04:23.049Z,A2,item_2247,legitimate,1790456662236,main,,,
2026-09-26T21:04:34.921Z,A2,item_2370,legitimate,1790456674118,main,,,
2026-09-26T21:04:40.440Z,A2,item_2414,legitimate,1790456679655,main,,,
2026-09-26T21:04:49.566Z,A2,item_2313,legitimate,1790456688676,main,,,
2026-09-26T21:04:58.655Z,A2,item_2217,unsure,1790456698122,main,,,
2026-09-26T21:05:09.480Z,A2,item_2428,legitimate,1790456708841,main,,,
2026-09-26T21:05:25.331Z,A2,item_2449,unsure,1790456724542,main,,,
2026-09-26T21:05:36.161Z,A2,item_2529,legitimate,1790456735336,main,,,
2026-09-26T21:05:46.580Z,A2,item_2580,legitimate,1790456745926,main,,,
2026-09-26T21:06:08.866Z,A2,item_2456,legitimate,1790456768269,main,,,
2026-09-26T21:06:34.857Z,A2,item_2424,legitimate,1790456794081,main,,,
2026-09-26T21:06:42.423Z,A2,item_2431,legitimate,1790456801719,main,,,
2026-09-26T21:06:52.009Z,A2,rep__item_2659,legitimate,1790456811323,main,,,
2026-09-26T21:06:56.730Z,A2,item_2371,legitimate,1790456816092,main,,,
2026-09-26T21:07:05.936Z,A2,item_2662,legitimate,1790456825299,main,,,
2026-09-26T21:07:13.295Z,A2,item_2276,legitimate,1790456832517,main,,,
2026-09-26T21:07:16.372Z,A2,item_2557,legitimate,1790456835735,main,,,
2026-09-26T21:07:22.739Z,A2,item_2191,legitimate,1790456842038,main,,,
2026-09-26T21:07:38.787Z,A2,item_2258,legitimate,1790456857911,main,,,
2026-09-26T21:07:46.827Z,A2,item_2415,legitimate,1790456866103,main,,,
2026-09-26T21:07:53.106Z,A2,rep__item_2454,legitimate,1790456872102,main,,,
2026-09-26T21:07:59.041Z,A2,item_2473,legitimate,1790456878362,main,,,
2026-09-26T21:08:05.351Z,A2,rep__item_2630,legitimate,1790456884649,main,,,
2026-09-26T21:08:10.989Z,A2,rep__item_2385,legitimate,1790456890352,main,,,
2026-09-26T21:08:18.721Z,A2,rep__item_2550,legitimate,1790456897938,main,,,
2026-09-26T21:08:23.914Z,A2,item_2382,legitimate,1790456903144,main,,,
2026-09-26T21:08:31.770Z,A2,item_2238,legitimate,1790456910902,main,,,
2026-09-26T21:08:49.247Z,A2,item_2270,legitimate,1790456928446,main,,,
2026-09-26T21:09:16.833Z,A2,item_2358,annoying,1790456955898,main,,,
2026-09-26T21:10:07.044Z,A2,item_2479,annoying,1790457005341,main,,,
2026-09-26T21:11:33.763Z,A2,item_2463,annoying,1790457092581,main,,,
2026-09-26T21:11:43.561Z,A2,item_2421,legitimate,1790457102624,main,,,
2026-09-26T21:12:05.641Z,A2,item_2520,unsure,1790457124914,main,,,
2026-09-26T21:12:17.491Z,A2,item_2552,legitimate,1790457136699,main,,,
2026-09-26T21:12:32.873Z,A2,item_2251,legitimate,1790457152068,main,,,
2026-09-26T21:12:39.080Z,A2,rep__item_2332,legitimate,1790457157773,main,,,
2026-09-26T21:12:44.326Z,A2,item_2316,legitimate,1790457163586,main,,,
2026-09-26T21:12:51.616Z,A2,item_2569,legitimate,1790457170861,main,,,
2026-09-26T21:12:56.201Z,A2,item_2474,legitimate,1790457175499,main,,,
2026-09-26T21:13:01.566Z,A2,item_2585,legitimate,1790457180882,main,,,
2026-09-26T21:13:07.479Z,A2,item_2570,legitimate,1790457186890,main,,,
2026-09-26T21:14:39.648Z,A2,item_2344,annoying,1790457278266,main,,,
2026-09-26T21:15:03.073Z,A2,item_2515,legitimate,1790457302303,main,,,
2026-09-26T21:15:12.348Z,A2,item_2525,legitimate,1790457311564,main,,,
2026-09-26T21:15:20.584Z,A2,item_2616,legitimate,1790457319825,main,,,
2026-09-26T21:15:37.192Z,A2,rep__item_2413,unsure,1790457336414,main,,,
2026-09-26T21:15:59.177Z,A2,item_2268,legitimate,1790457358430,main,,,
2026-09-26T21:16:08.368Z,A2,item_2532,legitimate,1790457367706,main,,,
2026-09-26T21:16:26.049Z,A2,item_2333,legitimate,1790457385098,main,,,
2026-09-26T21:16:30.933Z,A2,rep__item_2367,legitimate,1790457390340,main,,,
2026-09-26T21:16:48.469Z,A2,rep__item_2264,legitimate,1790457407676,main,,,
2026-09-26T21:17:00.833Z,A2,item_2353,unsure,1790457420019,main,,,
2026-09-26T21:17:08.421Z,A2,item_2540,legitimate,1790457427632,main,,,
2026-09-26T21:17:14.035Z,A2,item_2252,legitimate,1790457433245,main,,,
2026-09-26T21:17:21.535Z,A2,item_2599,legitimate,1790457440866,main,,,
2026-09-26T21:17:37.847Z,A2,item_2282,unsure,1790457457082,main,,,
2026-09-26T21:49:25.673Z,A2,item_2200,legitimate,1790459364285,main,,,
2026-09-26T21:49:37.406Z,A2,item_2636,unsure,1790459376630,main,,,
2026-09-26T21:50:13.984Z,A2,item_2228,legitimate,1790459413215,main,,,
2026-09-26T21:50:22.881Z,A2,item_2255,legitimate,1790459422186,main,,,
2026-09-26T21:50:38.031Z,A2,item_2631,legitimate,1790459437427,main,,,
2026-09-26T21:51:01.703Z,A2,item_2231,legitimate,1790459460930,main,,,
2026-09-26T21:51:09.758Z,A2,item_2501,garbled,1790459469062,main,,,
2026-09-26T21:51:19.046Z,A2,item_2214,legitimate,1790459478246,main,,,
2026-09-26T21:51:24.062Z,A2,item_2237,legitimate,1790459483394,main,,,
2026-09-26T21:51:28.094Z,A2,item_2239,legitimate,1790459487296,main,,,
2026-09-26T21:51:34.653Z,A2,item_2519,unsure,1790459494136,main,,,
2026-09-26T21:51:40.926Z,A2,rep__item_2513,legitimate,1790459500296,main,,,
2026-09-26T21:51:50.965Z,A2,rep__item_2440,legitimate,1790459510396,main,,,
2026-09-26T21:51:54.857Z,A2,item_2685,legitimate,1790459514249,main,,,
2026-09-26T21:52:02.071Z,A2,item_2295,legitimate,1790459521148,main,,,
2026-09-26T21:52:19.176Z,A2,item_2300,annoying,1790459538330,main,,,
2026-09-26T21:52:59.367Z,A2,rep__item_2225,legitimate,1790459578361,main,,,
2026-09-26T21:53:02.246Z,A2,item_2325,legitimate,1790459581435,main,,,
2026-09-26T21:53:09.220Z,A2,item_2451,legitimate,1790459588471,main,,,
2026-09-26T21:53:15.414Z,A2,rep__item_2683,legitimate,1790459594760,main,,,
2026-09-26T21:53:25.682Z,A2,item_2502,legitimate,1790459605099,main,,,
2026-09-26T21:53:32.306Z,A2,item_2538,legitimate,1790459611583,main,,,
2026-09-26T21:53:38.413Z,A2,item_2323,legitimate,1790459617830,main,,,
2026-09-26T21:53:48.649Z,A2,item_2614,legitimate,1790459627830,main,,,
2026-09-26T21:54:25.445Z,A2,item_2614,annoying,1790459664723,main,,,
2026-09-26T21:54:33.068Z,A2,item_2508,legitimate,1790459672102,main,,,
2026-09-26T21:54:40.206Z,A2,item_2374,legitimate,1790459679454,main,,,
2026-09-26T21:55:10.118Z,A2,item_2568,annoying,1790459709310,main,,,
2026-09-26T21:55:14.244Z,A2,item_2439,legitimate,1790459713505,main,,,
2026-09-26T21:55:24.835Z,A2,item_2518,unsure,1790459723972,main,,,
2026-09-26T21:55:34.903Z,A2,item_2681,unsure,1790459734225,main,,,
2026-09-26T21:55:46.644Z,A2,item_2560,legitimate,1790459745895,main,,,
2026-09-26T21:55:59.100Z,A2,item_2404,legitimate,1790459758194,main,,,
2026-09-26T21:56:05.069Z,A2,item_2309,legitimate,1790459764415,main,,,
2026-09-26T21:56:15.499Z,A2,item_2389,legitimate,1790459774809,main,,,
2026-09-26T21:56:20.774Z,A2,item_2680,legitimate,1790459779838,main,,,
2026-09-26T21:56:35.083Z,A2,item_2341,unsure,1790459794228,main,,,
2026-09-26T21:56:40.236Z,A2,item_2609,legitimate,1790459799567,main,,,
2026-09-26T21:56:47.950Z,A2,item_2600,legitimate,1790459807343,main,,,
2026-09-26T21:56:57.161Z,A2,item_2447,legitimate,1790459816415,main,,,
2026-09-26T21:57:01.760Z,A2,item_2443,legitimate,1790459821123,main,,,
2026-09-26T21:57:11.389Z,A2,item_2625,legitimate,1790459830734,main,,,
2026-09-26T21:57:17.288Z,A2,item_2425,legitimate,1790459836692,main,,,
2026-09-26T21:57:27.117Z,A2,item_2586,unsure,1790459846448,main,,,
2026-09-26T21:57:36.691Z,A2,item_2527,unsure,1790459856095,main,,,
2026-09-26T21:58:13.969Z,A2,item_2527,annoying,1790459893173,main,,,
2026-09-26T21:58:20.146Z,A2,item_2533,legitimate,1790459899135,main,,,
2026-09-26T21:58:24.590Z,A2,item_2203,legitimate,1790459903804,main,,,
2026-09-26T21:58:28.125Z,A2,item_2446,legitimate,1790459907426,main,,,
2026-09-26T21:58:36.462Z,A2,item_2517,legitimate,1790459915670,main,,,
2026-09-26T21:59:08.284Z,A2,item_2318,unsure,1790459947382,main,,,
2026-09-26T21:59:57.174Z,A2,item_2661,annoying,1790459995822,main,,,
2026-09-26T22:00:01.606Z,A2,item_2622,legitimate,1790460000697,main,,,
2026-09-26T22:00:41.078Z,A2,item_2408,annoying,1790460040230,main,,,
2026-09-26T22:00:48.830Z,A2,item_2575,legitimate,1790460048076,main,,,
2026-09-26T22:01:04.884Z,A2,item_2211,unsure,1790460063978,main,,,
2026-09-26T22:01:10.000Z,A2,rep__item_2307,legitimate,1790460069352,main,,,
2026-09-26T22:01:19.590Z,A2,rep__item_2416,legitimate,1790460078671,main,,,
2026-09-26T22:01:30.050Z,A2,item_2635,legitimate,1790460089281,main,,,
2026-09-26T22:01:38.156Z,A2,item_2594,unsure,1790460097284,main,,,
2026-09-26T22:01:44.480Z,A2,item_2342,legitimate,1790460103532,main,,,
2026-09-26T22:01:53.645Z,A2,rep__item_2670,legitimate,1790460112939,main,,,
2026-09-26T22:01:59.930Z,A2,item_2641,legitimate,1790460119268,main,,,
2026-09-26T22:02:06.150Z,A2,item_2462,legitimate,1790460125334,main,,,
2026-09-26T22:02:16.405Z,A2,item_2278,legitimate,1790460135684,main,,,
2026-09-26T22:02:25.794Z,A2,item_2623,unsure,1790460144765,main,,,
2026-09-26T22:02:32.573Z,A2,item_2666,legitimate,1790460151982,main,,,
2026-09-26T22:02:42.995Z,A2,rep__item_2592,legitimate,1790460162169,main,,,
2026-09-26T22:02:54.849Z,A2,rep__item_2592,annoying,1790460174055,main,,,
2026-09-26T22:03:38.880Z,A2,item_2493,annoying,1790460217982,main,,,
2026-09-26T22:03:45.393Z,A2,item_2275,legitimate,1790460224851,main,,,
2026-09-26T22:03:53.170Z,A2,item_2215,legitimate,1790460232495,main,,,
2026-09-26T22:04:02.234Z,A2,item_2624,legitimate,1790460241483,main,,,
2026-09-26T22:04:10.992Z,A2,item_2664,unsure,1790460250216,main,,,
2026-09-26T22:04:21.704Z,A2,item_2218,unsure,1790460260884,main,,,
2026-09-26T22:04:27.270Z,A2,item_2488,legitimate,1790460266627,main,,,
2026-09-26T22:04:32.261Z,A2,item_2352,legitimate,1790460271438,main,,,
2026-09-26T22:04:37.479Z,A2,item_2326,legitimate,1790460276749,main,,,
2026-09-26T22:04:46.254Z,A2,item_2484,legitimate,1790460285558,main,,,
2026-09-26T22:04:54.083Z,A2,item_2396,unsure,1790460293391,main,,,
2026-09-26T22:04:59.441Z,A2,item_2220,legitimate,1790460298887,main,,,
2026-09-26T22:05:07.713Z,A2,item_2485,legitimate,1790460307068,main,,,
2026-09-26T22:05:16.893Z,A2,rep__item_2397,unsure,1790460315883,main,,,
2026-09-26T22:05:24.435Z,A2,item_2441,legitimate,1790460323702,main,,,
2026-09-26T22:05:38.657Z,A2,item_2553,legitimate,1790460338016,main,,,
2026-09-26T22:05:42.190Z,A2,item_2259,legitimate,1790460341392,main,,,
2026-09-26T22:06:40.355Z,A2,item_2544,annoying,1790460399134,main,,,
2026-09-26T22:06:50.120Z,A2,rep__item_2322,legitimate,1790460409428,main,,,
2026-09-26T22:06:53.150Z,A2,rep__item_2273,legitimate,1790460412527,main,,,
2026-09-26T22:07:14.686Z,A2,item_2657,annoying,1790460433782,main,,,
2026-09-26T22:07:27.190Z,A2,item_2667,unsure,1790460446483,main,,,
2026-09-26T22:07:33.673Z,A2,item_2335,legitimate,1790460452827,main,,,
2026-09-26T22:07:40.931Z,A2,item_2356,legitimate,1790460460061,main,,,
2026-09-26T22:07:50.661Z,A2,item_2319,unsure,1790460469993,main,,,
2026-09-26T22:07:57.400Z,A2,item_2269,legitimate,1790460476765,main,,,
2026-09-26T22:08:02.642Z,A2,item_2434,legitimate,1790460481960,main,,,
2026-09-26T22:08:29.782Z,A2,item_2543,unsure,1790460509055,main,,,
2026-09-26T22:08:38.142Z,A2,item_2189,legitimate,1790460517482,main,,,
2026-09-26T22:08:40.823Z,A2,item_2648,legitimate,1790460520241,main,,,
2026-09-26T22:08:49.251Z,A2,item_2590,legitimate,1790460528525,main,,,
2026-09-26T22:09:00.077Z,A2,item_2327,unsure,1790460539345,main,,,
2026-09-26T22:09:10.275Z,A2,item_2582,legitimate,1790460549558,main,,,
2026-09-26T22:09:20.667Z,A2,item_2357,unsure,1790460559828,main,,,
2026-09-26T22:09:27.123Z,A2,item_2290,legitimate,1790460566318,main,,,
2026-09-26T22:09:32.394Z,A2,item_2649,legitimate,1790460571714,main,,,
2026-09-26T22:09:36.227Z,A2,item_2329,legitimate,1790460575635,main,,,
2026-09-26T22:09:55.213Z,A2,item_2610,legitimate,1790460594039,main,,,
2026-09-26T22:10:03.032Z,A2,rep__item_2613,legitimate,1790460602056,main,,,
2026-09-26T22:10:13.997Z,A2,item_2362,legitimate,1790460613025,main,,,
2026-09-26T22:11:09.413Z,A2,item_2346,annoying,1790460668198,main,,,
2026-09-26T22:11:15.888Z,A2,item_2478,legitimate,1790460675077,main,,,
2026-09-26T22:12:03.540Z,A2,item_2572,annoying,1790460722129,main,,,
2026-09-26T22:12:09.461Z,A2,item_2280,legitimate,1790460728481,main,,,
2026-09-26T22:12:16.763Z,A2,item_2373,legitimate,1790460735967,main,,,
2026-09-26T22:12:24.865Z,A2,rep__item_2304,legitimate,1790460743738,main,,,
2026-09-26T22:12:36.185Z,A2,item_2595,legitimate,1790460755509,main,,,
2026-09-26T22:12:45.048Z,A2,item_2650,legitimate,1790460764201,main,,,
2026-09-26T22:12:57.735Z,A2,item_2210,legitimate,1790460776888,main,,,
2026-09-26T22:13:08.367Z,A2,item_2240,unsure,1790460787816,main,,,
2026-09-26T22:13:23.945Z,A2,item_2355,legitimate,1790460803334,main,,,
2026-09-26T22:13:29.300Z,A2,item_2229,legitimate,1790460808391,main,,,
2026-09-26T22:14:14.350Z,A2,item_2436,annoying,1790460853515,main,,,
2026-09-26T22:14:21.830Z,A2,item_2460,legitimate,1790460861124,main,,,
2026-09-26T22:14:28.257Z,A2,item_2235,legitimate,1790460867326,main,,,
2026-09-26T22:14:32.551Z,A2,item_2406,legitimate,1790460871952,main,,,
2026-09-26T22:14:36.736Z,A2,item_2429,legitimate,1790460876002,main,,,
2026-09-26T22:14:40.929Z,A2,item_2643,legitimate,1790460880250,main,,,
2026-09-26T22:14:44.778Z,A2,rep__item_2591,legitimate,1790460884051,main,,,
2026-09-26T22:14:55.316Z,A2,item_2435,legitimate,1790460894643,main,,,
2026-09-26T22:15:00.372Z,A2,item_2233,legitimate,1790460899653,main,,,
2026-09-26T22:15:13.603Z,A2,item_2535,unsure,1790460912939,main,,,
2026-09-26T22:15:19.673Z,A2,item_2536,legitimate,1790460919081,main,,,
2026-09-26T22:15:27.095Z,A2,item_2492,legitimate,1790460926296,main,,,
2026-09-26T22:15:38.369Z,A2,item_2400,legitimate,1790460937568,main,,,
2026-09-27T12:56:29.475Z,A1,item_2551,annoying,1790513788342,main,,,
2026-09-27T12:56:55.954Z,A1,item_2662,legitimate,1790513814925,main,,,
2026-09-27T12:57:06.881Z,A1,item_2606,legitimate,1790513826029,main,,,
2026-09-27T12:57:09.873Z,A1,item_2445,legitimate,1790513829074,main,,,
2026-09-27T12:57:21.516Z,A1,item_2468,legitimate,1790513840751,main,,,
2026-09-27T13:53:17.954Z,A1,item_2329,annoying,1790517196334,main,,,
2026-09-27T13:54:02.842Z,A1,item_2525,annoying,1790517241192,main,,,
2026-09-27T14:12:08.840Z,A1,item_2631,garbled,1790518327146,main,,,
2026-09-27T14:32:51.892Z,A1,item_2631,garbled,1790518327146,main,,,
2026-09-27T14:32:51.892Z,A1,item_2317,annoying,1790519570450,main,,,
2026-09-27T14:33:00.344Z,A1,item_2413,legitimate,1790519579251,main,,,
2026-09-27T14:33:28.153Z,A1,item_2335,annoying,1790519607152,main,,,
2026-09-27T14:33:40.859Z,A1,item_2588,annoying,1790519619821,main,,,
2026-09-27T14:34:34.195Z,A1,item_2520,legitimate,1790519672822,main,,,
2026-09-27T14:34:39.387Z,A1,item_2225,legitimate,1790519678487,main,,,
2026-09-27T14:35:26.518Z,A1,item_2460,legitimate,1790519725365,main,,,
2026-09-27T14:35:40.150Z,A1,item_2578,legitimate,1790519739331,main,,,
2026-09-27T15:18:06.366Z,A1,item_2323,legitimate,1790522284643,main,,,
2026-09-27T15:18:09.167Z,A1,item_2323,legitimate,1790522284643,main,,,
2026-09-27T15:18:09.167Z,A1,item_2648,legitimate,1790522288225,main,,,
2026-09-27T15:18:13.700Z,A1,item_2678,legitimate,1790522292817,main,,,
2026-09-27T15:18:22.708Z,A1,item_2412,legitimate,1790522301895,main,,,
2026-09-27T15:18:30.155Z,A1,item_2416,legitimate,1790522309051,main,,,
2026-09-27T16:17:56.603Z,A1,item_2620,legitimate,1790525875518,main,,,
2026-09-27T16:18:25.480Z,A1,item_2655,legitimate,1790525904687,main,,,
2026-09-27T16:18:30.540Z,A1,item_2686,legitimate,1790525909437,main,,,
2026-09-27T16:19:14.031Z,A1,item_2310,legitimate,1790525953014,main,,,
2026-09-27T16:19:22.290Z,A1,item_2556,legitimate,1790525961477,main,,,
2026-09-27T16:19:26.249Z,A1,item_2557,legitimate,1790525965464,main,,,
2026-09-27T16:19:35.640Z,A1,item_2285,legitimate,1790525974750,main,,,
2026-09-27T16:21:04.909Z,A1,item_2672,unsure,1790526063899,main,,,
2026-09-27T16:21:10.258Z,A1,item_2350,legitimate,1790526069238,main,,,
2026-09-27T16:21:19.897Z,A1,item_2524,legitimate,1790526078888,main,,,
2026-09-27T16:21:28.208Z,A1,item_2408,legitimate,1790526087325,main,,,
2026-09-27T16:21:31.282Z,A1,item_2229,legitimate,1790526090512,main,,,
2026-09-27T16:21:35.801Z,A1,item_2336,legitimate,1790526094746,main,,,
2026-09-27T16:22:02.174Z,A1,item_2298,unsure,1790526121329,main,,,
2026-09-27T16:22:11.046Z,A1,item_2659,legitimate,1790526130341,main,,,
2026-09-27T16:22:22.065Z,A1,item_2202,legitimate,1790526141207,main,,,
2026-09-27T16:22:33.585Z,A1,item_2420,legitimate,1790526152955,main,,,
2026-09-27T16:22:49.243Z,A1,item_2433,annoying,1790526168385,main,,,
2026-09-27T16:23:59.701Z,A1,item_2548,legitimate,1790526238801,main,,,
2026-09-27T16:24:06.972Z,A1,item_2353,legitimate,1790526245863,main,,,
2026-09-27T16:24:19.228Z,A1,item_2684,legitimate,1790526258427,main,,,
2026-09-27T16:24:23.458Z,A1,item_2624,legitimate,1790526262593,main,,,
2026-09-27T16:24:31.051Z,A1,item_2599,legitimate,1790526270254,main,,,
2026-09-27T16:24:55.225Z,A1,item_2512,legitimate,1790526294382,main,,,
2026-09-27T16:25:05.926Z,A1,item_2228,legitimate,1790526304974,main,,,
2026-09-27T16:25:13.532Z,A1,item_2687,annoying,1790526312797,main,,,
2026-09-27T16:26:06.741Z,A1,item_2386,legitimate,1790526365633,main,,,
2026-09-27T16:26:44.634Z,A1,item_2609,legitimate,1790526403375,main,,,
2026-09-27T16:26:56.698Z,A1,item_2360,legitimate,1790526415772,main,,,
2026-09-27T16:27:01.730Z,A1,item_2613,legitimate,1790526421047,main,,,
2026-09-27T16:29:03.337Z,A1,item_2209,legitimate,1790526542329,main,,,
2026-09-27T16:29:08.359Z,A1,item_2213,legitimate,1790526547463,main,,,
2026-09-27T16:29:16.362Z,A1,item_2338,legitimate,1790526555390,main,,,
2026-09-27T16:29:22.720Z,A1,item_2676,legitimate,1790526561948,main,,,
2026-09-27T16:29:33.729Z,A1,item_2589,legitimate,1790526573066,main,,,
2026-09-27T16:29:43.807Z,A1,item_2630,legitimate,1790526583014,main,,,
2026-09-27T16:31:01.036Z,A1,item_2560,annoying,1790526659967,main,,,
2026-09-27T16:31:09.996Z,A1,item_2256,legitimate,1790526669352,main,,,
2026-09-27T16:31:20.927Z,A1,item_2425,legitimate,1790526680026,main,,,
2026-09-28T07:13:39.131Z,A3,sm:test:item_2098,not_strawman,1790579617247,strawman-test,,,
2026-09-28T07:13:41.254Z,A3,sm:test:item_2098,not_strawman,1790579617247,strawman-test,,,
2026-09-28T07:13:41.254Z,A3,sm:test:item_2048,not_strawman,1790579620449,strawman-test,,,
2026-09-28T07:15:24.101Z,A3,sm:test:item_1910,not_strawman,1790579723151,strawman-test,,,
2026-09-28T07:16:40.046Z,A3,sm:test:item_1863,unsure,1790579798939,strawman-test,,,
2026-09-28T07:19:02.436Z,A3,sm:test:item_2123,strawman,1790579941465,strawman-test,,,
2026-09-28T07:46:22.245Z,A5,sm:test:item_1879,not_strawman,1790581581546,strawman-test,,,
2026-09-28T07:46:39.725Z,A5,sm:test:item_2078,strawman,1790581598859,strawman-test,,,
2026-09-28T07:46:51.510Z,A5,sm:test:item_1739,strawman,1790581610770,strawman-test,,,
2026-09-28T07:47:48.344Z,A5,sm:test:item_1890,strawman,1790581667256,strawman-test,,,
2026-09-28T07:47:56.259Z,A5,sm:test:item_1761,not_strawman,1790581675564,strawman-test,,,
2026-09-28T07:48:09.462Z,A5,sm:test:item_1840,not_strawman,1790581689025,strawman-test,,,
2026-09-28T07:48:32.285Z,A5,sm:test:item_2138,strawman,1790581711522,strawman-test,,,
2026-09-28T07:48:38.752Z,A5,sm:test:item_2068,not_strawman,1790581718270,strawman-test,,,
2026-09-28T07:48:47.481Z,A5,sm:test:item_1935,not_strawman,1790581726770,strawman-test,,,
2026-09-28T07:49:02.294Z,A5,sm:test:item_2064,not_strawman,1790581741531,strawman-test,,,
2026-09-28T07:49:16.815Z,A5,sm:dev:item_1241,unsure,1790581756022,strawman-dev,,,
2026-09-28T07:51:31.070Z,A1,item_2591,unsure,1790581889640,main,,,
2026-09-28T07:51:36.894Z,A1,item_2319,annoying,1790581895558,main,,,
2026-09-28T07:51:51.486Z,A1,item_2357,annoying,1790581910248,main,,,
2026-09-28T07:51:59.730Z,A1,item_2669,legitimate,1790581918525,main,,,
2026-09-28T07:52:03.283Z,A1,item_2315,legitimate,1790581922539,main,,,
2026-09-28T07:52:07.327Z,A1,item_2514,legitimate,1790581925824,main,,,
2026-09-28T07:52:21.284Z,A1,item_2215,legitimate,1790581939896,main,,,
2026-09-28T07:52:27.910Z,zz-test-claude-3,item_1794,unsure,1790581946680,main,,,
2026-09-28T07:52:27.964Z,zz-test-claude-3,item_1794,unsure,1790581946680,main,,,
2026-09-28T07:52:27.964Z,zz-test-claude-3,item_1233,unsure,1790581946944,main,,,
2026-09-28T07:52:28.273Z,zz-test-claude-3,item_1794,unsure,1790581946680,main,,,
2026-09-28T07:52:28.273Z,zz-test-claude-3,item_1233,unsure,1790581946944,main,,,
2026-09-28T07:52:28.273Z,zz-test-claude-3,item_2009,unsure,1790581947211,main,,,
2026-09-28T07:52:43.194Z,zz-test-claude-3,sm:dev:item_1794,unsure,1790581962039,strawman-dev,,,
2026-09-28T07:52:43.194Z,zz-test-claude-3,sm:test:item_2078,unsure,1790581962287,strawman-test,,,
2026-09-28T07:52:43.146Z,zz-test-claude-3,sm:dev:item_1794,unsure,1790581962039,strawman-dev,,,
2026-09-28T07:52:43.665Z,zz-test-claude-3,sm:dev:item_1794,unsure,1790581962039,strawman-dev,,,
2026-09-28T07:52:43.665Z,zz-test-claude-3,sm:test:item_2078,unsure,1790581962287,strawman-test,,,
2026-09-28T07:52:43.665Z,zz-test-claude-3,sm:dev:item_1868,unsure,1790581962535,strawman-dev,,,
2026-09-28T08:10:05.829Z,A3,sm:test:item_2098,unsure,1790583004622,strawman-test,,,
2026-09-28T08:10:58.438Z,A3,sm:test:item_1853,strawman,1790583057565,strawman-test,,,
2026-09-28T08:24:31.082Z,A3,sm:test:item_2098,not_strawman,1790583870136,strawman-test,,,
2026-09-28T08:26:08.355Z,A3,sm:test:item_1910,strawman,1790583967328,strawman-test,,,
2026-09-28T08:26:44.983Z,A3,sm:test:item_1809,not_strawman,1790584004136,strawman-test,,,
2026-09-28T08:28:19.690Z,A3,sm:test:item_2037,not_strawman,1790584098856,strawman-test,,,
2026-09-28T08:30:14.788Z,A3,sm:test:item_1940,not_strawman,1790584214008,strawman-test,,,
2026-09-28T08:30:36.951Z,A3,sm:test:item_1856,strawman,1790584236120,strawman-test,,,
2026-09-28T08:35:10.728Z,A3,sm:dev:item_2126,not_strawman,1790584509774,strawman-dev,,,
2026-09-28T08:36:57.531Z,A3,sm:dev:item_1908,not_strawman,1790584616788,strawman-dev,,,
2026-09-28T08:38:10.702Z,A3,sm:test:item_1875,strawman,1790584689376,strawman-test,,,
2026-09-28T08:39:23.695Z,A3,sm:dev:item_1868,not_strawman,1790584762794,strawman-dev,,,
2026-09-28T08:41:46.765Z,A3,sm:dev:item_1216,not_strawman,1790584905632,strawman-dev,,,
2026-09-28T08:42:03.434Z,A3,sm:test:item_1930,strawman,1790584922728,strawman-test,,,
2026-09-28T08:42:22.726Z,A3,sm:dev:item_1987,not_strawman,1790584942052,strawman-dev,,,
2026-09-28T08:45:52.913Z,A3,sm:test:item_2067,not_strawman,1790585151978,strawman-test,,,
2026-09-28T08:47:57.668Z,A3,sm:dev:item_2139,not_strawman,1790585276554,strawman-dev,,,
2026-09-28T08:50:34.159Z,A3,sm:dev:item_1769,strawman,1790585433198,strawman-dev,,,
2026-09-28T08:51:11.371Z,A3,sm:dev:item_1963,not_strawman,1790585470396,strawman-dev,,,
2026-09-28T08:52:46.704Z,A3,sm:test:item_1883,not_strawman,1790585565640,strawman-test,,,
2026-09-28T08:53:50.449Z,A1,item_2426,legitimate,1790585629059,main,,,
2026-09-28T08:53:58.077Z,A1,item_2644,legitimate,1790585636991,main,,,
2026-09-28T08:54:32.322Z,A3,sm:test:item_1886,not_strawman,1790585671314,strawman-test,,,
2026-09-28T08:54:49.212Z,A3,sm:dev:item_2088,not_strawman,1790585688362,strawman-dev,,,
2026-09-28T08:57:36.670Z,A3,sm:test:item_1938,strawman,1790585855750,strawman-test,,,
2026-09-28T08:58:16.961Z,A3,sm:test:item_2054,strawman,1790585895742,strawman-test,,,
2026-09-28T08:58:36.043Z,A3,sm:test:item_1938,unsure,1790585915138,strawman-test,,,
2026-09-28T08:59:34.041Z,A3,sm:test:item_1882,not_strawman,1790585972626,strawman-test,,,
2026-09-28T08:59:48.478Z,A1,item_2326,legitimate,1790585668164,main,,,
2026-09-28T08:59:48.478Z,A1,item_2664,unsure,1790585987393,main,,,
2026-09-28T08:59:58.871Z,A1,item_2577,legitimate,1790585998018,main,,,
2026-09-28T09:00:01.924Z,A1,item_2585,legitimate,1790586000696,main,,,
2026-09-28T09:00:22.177Z,A1,item_2257,legitimate,1790586020873,main,,,
2026-09-28T09:00:38.463Z,A3,sm:test:item_2022,strawman,1790586037156,strawman-test,,,
2026-09-28T09:00:50.157Z,A1,item_2204,legitimate,1790586048941,main,,,
2026-09-28T09:01:32.254Z,A1,item_2208,legitimate,1790586090869,main,,,
2026-09-28T09:01:39.160Z,A1,item_2465,legitimate,1790586097744,main,,,
2026-09-28T09:01:45.204Z,A1,item_2203,legitimate,1790586103669,main,,,
2026-09-28T09:01:45.185Z,A3,sm:test:item_1887,not_strawman,1790586104711,strawman-test,,,
2026-09-28T09:01:52.548Z,A1,item_2368,legitimate,1790586111704,main,,,
2026-09-28T09:01:59.291Z,A1,item_2685,legitimate,1790586118133,main,,,
2026-09-28T09:02:15.617Z,A1,item_2295,legitimate,1790586134177,main,,,
2026-09-28T09:02:18.744Z,A3,sm:test:item_2057,strawman,1790586138044,strawman-test,,,
2026-09-28T09:03:03.371Z,A3,sm:test:item_1911,not_strawman,1790586182182,strawman-test,,,
2026-09-28T09:03:12.689Z,A1,item_2555,unsure,1790586191372,main,,,
2026-09-28T09:03:45.718Z,A1,item_2495,unsure,1790586224548,main,,,
2026-09-28T09:04:07.377Z,A1,item_2351,legitimate,1790586246319,main,,,
2026-09-28T09:04:14.655Z,A1,item_2324,legitimate,1790586253943,main,,,
2026-09-28T09:04:24.864Z,A3,sm:test:item_1852,not_strawman,1790586264163,strawman-test,,,
2026-09-28T09:04:27.610Z,A1,item_2638,legitimate,1790586266450,main,,,
2026-09-28T09:04:39.632Z,A1,item_2479,legitimate,1790586278722,main,,,
2026-09-28T09:04:58.638Z,A3,sm:test:item_2090,not_strawman,1790586297547,strawman-test,,,
2026-09-28T09:06:03.174Z,A1,item_2582,legitimate,1790586361999,main,,,
2026-09-28T09:06:12.056Z,A1,item_2242,legitimate,1790586370898,main,,,
2026-09-28T09:06:24.184Z,A1,item_2325,legitimate,1790586383170,main,,,
2026-09-28T09:06:44.093Z,A3,sm:test:item_2109,unsure,1790586403281,strawman-test,,,
2026-09-28T09:07:18.459Z,A3,sm:test:item_1939,not_strawman,1790586437644,strawman-test,,,
2026-09-28T09:07:30.782Z,A1,item_2344,legitimate,1790586449595,main,,,
2026-09-28T09:07:35.234Z,A1,item_2476,legitimate,1790586454026,main,,,
2026-09-28T09:07:39.504Z,A1,item_2279,legitimate,1790586458252,main,,,
2026-09-28T09:07:45.684Z,A1,item_2307,legitimate,1790586464698,main,,,
2026-09-28T09:07:49.396Z,A1,item_2221,legitimate,1790586468571,main,,,
2026-09-28T09:08:02.700Z,A3,sm:dev:item_2104,not_strawman,1790586481640,strawman-dev,,,
2026-09-28T09:10:00.175Z,A3,sm:test:item_2124,not_strawman,1790586599305,strawman-test,,,
2026-09-28T09:10:36.580Z,A1,item_2245,legitimate,1790586635173,main,,,
2026-09-28T09:11:23.492Z,A1,item_2656,legitimate,1790586682273,main,,,
2026-09-28T09:11:24.622Z,A3,sm:dev:item_1272,unsure,1790586683848,strawman-dev,,,
2026-09-28T09:11:35.648Z,A1,item_2596,legitimate,1790586694494,main,,,
2026-09-28T09:11:45.919Z,A1,item_2573,legitimate,1790586704838,main,,,
2026-09-28T09:11:52.026Z,A1,item_2321,legitimate,1790586710884,main,,,
2026-09-28T09:11:59.026Z,A1,item_2214,legitimate,1790586717898,main,,,
2026-09-28T09:12:03.976Z,A1,item_2634,legitimate,1790586723128,main,,,
2026-09-28T09:12:11.007Z,A1,item_2568,legitimate,1790586730226,main,,,
2026-09-28T09:12:33.553Z,A3,sm:test:item_1843,not_strawman,1790586752752,strawman-test,,,
2026-09-28T09:13:10.604Z,A3,sm:test:item_1763,strawman,1790586789809,strawman-test,,,
2026-09-28T09:13:38.245Z,A3,sm:dev:item_1871,unsure,1790586817317,strawman-dev,,,
2026-09-28T09:15:38.451Z,A3,sm:test:item_1945,strawman,1790586937353,strawman-test,,,
2026-09-28T09:16:46.869Z,A3,sm:test:item_1813,strawman,1790587006059,strawman-test,,,
2026-09-28T09:17:19.115Z,A3,sm:test:item_2120,not_strawman,1790587038125,strawman-test,,,
2026-09-28T09:18:34.398Z,A3,sm:test:item_1764,strawman,1790587113470,strawman-test,,,
2026-09-28T09:19:00.145Z,A3,sm:test:item_2031,strawman,1790587139205,strawman-test,,,
2026-09-28T09:20:31.378Z,A3,sm:test:item_2035,strawman,1790587230398,strawman-test,,,
2026-09-28T09:20:47.309Z,A3,sm:test:item_2070,not_strawman,1790587246108,strawman-test,,,
2026-09-28T09:21:28.161Z,A3,sm:test:item_1819,not_strawman,1790587287188,strawman-test,,,
2026-09-28T09:21:46.180Z,A3,sm:test:item_2078,not_strawman,1790587305381,strawman-test,,,
2026-09-28T09:22:16.589Z,A3,sm:test:item_1761,unsure,1790587335719,strawman-test,,,
2026-09-28T09:23:20.118Z,A3,sm:test:item_1772,strawman,1790587398945,strawman-test,,,
2026-09-28T09:23:49.264Z,A3,sm:test:item_1918,not_strawman,1790587428266,strawman-test,,,
2026-09-28T09:24:23.099Z,A3,sm:test:item_1810,unsure,1790587462183,strawman-test,,,
2026-09-28T09:25:01.487Z,A3,sm:test:item_1885,unsure,1790587500270,strawman-test,,,
2026-09-28T09:26:12.620Z,A3,sm:dev:item_1877,strawman,1790587571192,strawman-dev,,,
2026-09-28T09:26:43.717Z,A3,sm:test:item_1922,strawman,1790587603017,strawman-test,,,
2026-09-28T09:27:51.546Z,A3,sm:test:item_2023,strawman,1790587670719,strawman-test,,,
2026-09-28T09:28:30.363Z,A3,sm:test:item_2068,strawman,1790587709481,strawman-test,,,
2026-09-28T09:29:44.883Z,A3,sm:dev:item_1219,not_strawman,1790587784047,strawman-dev,,,
2026-09-28T09:30:54.320Z,A3,sm:test:item_1872,unsure,1790587853311,strawman-test,,,
2026-09-28T09:34:59.504Z,A1,item_2611,legitimate,1790588098316,main,,,
2026-09-28T09:35:19.495Z,A1,item_2223,legitimate,1790588118394,main,,,
2026-09-28T09:35:31.394Z,A1,item_2231,legitimate,1790588130359,main,,,
2026-09-28T09:35:35.366Z,A1,item_2231,legitimate,1790588130359,main,,,
2026-09-28T09:35:35.366Z,A1,item_2683,legitimate,1790588134252,main,,,
2026-09-28T09:35:42.447Z,A1,item_2415,legitimate,1790588141643,main,,,
2026-09-28T09:35:49.531Z,A1,item_2418,legitimate,1790588148795,main,,,
2026-09-28T09:35:54.933Z,A1,item_2627,legitimate,1790588153885,main,,,
2026-09-28T09:37:01.626Z,A1,item_2663,unsure,1790588220559,main,,,
2026-09-28T09:37:09.941Z,A1,item_2458,legitimate,1790588228615,main,,,
2026-09-28T09:37:20.166Z,A1,item_2452,annoying,1790588239109,main,,,
2026-09-28T09:52:28.749Z,A3,sm:test:item_2128,unsure,1790589147814,strawman-test,,,
2026-09-28T09:52:30.803Z,A3,sm:test:item_2128,unsure,1790589147814,strawman-test,,,
2026-09-28T09:52:30.803Z,A3,sm:test:item_2100,unsure,1790589150019,strawman-test,,,
2026-09-28T09:58:38.740Z,A3,sm:test:item_2095,strawman,1790589517969,strawman-test,,,
2026-09-28T09:59:40.699Z,A3,sm:test:item_1785,not_strawman,1790589579589,strawman-test,,,
2026-09-28T10:00:13.511Z,A3,sm:test:item_2033,strawman,1790589612806,strawman-test,,,
2026-09-28T10:02:32.810Z,A3,sm:dev:item_2119,unsure,1790589751835,strawman-dev,,,
2026-09-28T10:03:11.162Z,A3,sm:test:item_1849,unsure,1790589789821,strawman-test,,,
2026-09-28T10:03:28.444Z,A3,sm:test:item_1859,strawman,1790589807651,strawman-test,,,
2026-09-28T10:04:01.231Z,A3,sm:dev:item_1751,not_strawman,1790589840525,strawman-dev,,,
2026-09-28T10:04:16.622Z,A3,sm:test:item_2115,not_strawman,1790589856033,strawman-test,,,
2026-09-28T10:04:37.680Z,A3,sm:test:item_1800,strawman,1790589877017,strawman-test,,,
2026-09-28T10:05:08.369Z,A3,sm:test:item_2102,not_strawman,1790589907573,strawman-test,,,
2026-09-28T10:06:12.803Z,A3,sm:test:item_1818,not_strawman,1790589971817,strawman-test,,,
2026-09-28T10:07:16.819Z,A3,sm:dev:item_1794,unsure,1790590036049,strawman-dev,,,
2026-09-28T10:07:54.348Z,A3,sm:test:item_2079,not_strawman,1790590073585,strawman-test,,,
2026-09-28T10:08:27.658Z,A3,sm:test:item_1880,strawman,1790590106929,strawman-test,,,
2026-09-28T10:09:46.226Z,A3,sm:test:item_1880,strawman,1790590106929,strawman-test,,,
2026-09-28T10:10:20.517Z,A3,sm:dev:item_2147,unsure,1790590219531,strawman-dev,,,
2026-09-28T10:10:39.427Z,A3,sm:test:item_1873,not_strawman,1790590238529,strawman-test,,,
2026-09-28T10:14:37.636Z,A3,sm:test:item_1873,not_strawman,1790590238529,strawman-test,,,
2026-09-28T10:17:36.977Z,A3,sm:test:item_1829,not_strawman,1790590656131,strawman-test,,,
2026-09-28T10:19:13.944Z,A3,sm:test:item_1864,not_strawman,1790590753071,strawman-test,,,
2026-09-28T10:19:25.167Z,A3,sm:test:item_2111,not_strawman,1790590764387,strawman-test,,,
2026-09-28T10:20:23.776Z,A3,sm:dev:item_2096,unsure,1790590822623,strawman-dev,,,
2026-09-28T10:21:08.569Z,A3,sm:test:item_2094,strawman,1790590867503,strawman-test,,,
2026-09-28T10:24:56.652Z,A3,sm:test:item_1732,not_strawman,1790591095709,strawman-test,,,
2026-09-28T10:25:43.828Z,A3,sm:test:item_1739,unsure,1790591142847,strawman-test,,,
2026-09-28T10:26:45.257Z,A3,sm:test:item_1937,not_strawman,1790591204275,strawman-test,,,
2026-09-28T10:28:01.985Z,A3,sm:test:item_1941,not_strawman,1790591281061,strawman-test,,,
2026-09-28T10:28:26.538Z,A3,sm:test:item_1791,strawman,1790591305811,strawman-test,,,
2026-09-28T10:30:14.345Z,A3,sm:test:item_1736,not_strawman,1790591413457,strawman-test,,,
2026-09-28T10:30:49.051Z,A3,sm:test:item_1841,unsure,1790591447555,strawman-test,,,
2026-09-28T10:31:18.781Z,A3,sm:dev:item_1221,not_strawman,1790591477981,strawman-dev,,,
2026-09-28T10:31:40.708Z,A3,sm:test:item_2132,unsure,1790591500023,strawman-test,,,
2026-09-28T10:31:54.596Z,A3,sm:test:item_1780,not_strawman,1790591513801,strawman-test,,,
2026-09-28T10:32:38.967Z,A3,sm:test:item_2081,not_strawman,1790591558111,strawman-test,,,
2026-09-28T10:33:33.496Z,A3,sm:test:item_1890,not_strawman,1790591612720,strawman-test,,,
2026-09-28T10:33:53.043Z,A3,sm:test:item_2108,not_strawman,1790591632301,strawman-test,,,
2026-09-28T10:37:15.665Z,A3,sm:dev:item_2024,not_strawman,1790591834775,strawman-dev,,,
2026-09-28T10:38:04.255Z,A3,sm:test:item_1792,unsure,1790591883357,strawman-test,,,
2026-09-28T10:38:19.958Z,A3,sm:test:item_1929,not_strawman,1790591899279,strawman-test,,,
2026-09-28T10:39:04.700Z,A3,sm:test:item_1896,not_strawman,1790591944017,strawman-test,,,
2026-09-28T10:39:39.286Z,A3,sm:test:item_2029,not_strawman,1790591978267,strawman-test,,,
2026-09-28T10:40:15.455Z,A3,sm:test:item_1748,not_strawman,1790592014609,strawman-test,,,
2026-09-28T10:40:36.711Z,A3,sm:test:item_1775,not_strawman,1790592035929,strawman-test,,,
2026-09-28T10:41:19.487Z,A3,sm:test:item_2027,unsure,1790592077694,strawman-test,,,
2026-09-28T10:42:44.695Z,A3,sm:test:item_1801,unsure,1790592163159,strawman-test,,,
2026-09-28T10:43:05.061Z,A3,sm:test:item_1822,strawman,1790592184300,strawman-test,,,
2026-09-28T10:43:35.204Z,A3,sm:dev:item_1275,not_strawman,1790592214380,strawman-dev,,,
2026-09-28T10:46:26.712Z,A3,sm:test:item_2116,unsure,1790592385920,strawman-test,,,
2026-09-28T10:47:32.285Z,A3,sm:test:item_2142,not_strawman,1790592451383,strawman-test,,,
2026-09-28T10:48:32.339Z,A3,sm:test:item_2089,not_strawman,1790592511649,strawman-test,,,
2026-09-28T10:48:54.711Z,A3,sm:test:item_2089,not_strawman,1790592511649,strawman-test,,,
2026-09-28T10:48:54.711Z,A3,sm:dev:item_1241,unsure,1790592533898,strawman-dev,,,
2026-09-28T11:25:34.874Z,A1,item_2541,legitimate,1790594733759,main,,,
2026-09-28T11:25:49.399Z,A1,item_2642,annoying,1790594748419,main,,,
2026-09-28T11:26:18.019Z,A1,item_2456,unsure,1790594776499,main,,,
2026-09-28T11:26:21.424Z,A1,item_2459,annoying,1790594780623,main,,,
2026-09-28T11:27:59.566Z,A1,item_2283,annoying,1790594878356,main,,,
2026-09-28T11:28:04.584Z,A1,item_2486,legitimate,1790594883547,main,,,
2026-09-28T11:28:15.463Z,A1,item_2537,legitimate,1790594894807,main,,,
2026-09-28T11:28:18.881Z,A1,item_2304,legitimate,1790594898066,main,,,
2026-09-28T11:28:24.756Z,A1,item_2220,legitimate,1790594903967,main,,,
2026-09-28T11:29:36.505Z,A1,item_2328,legitimate,1790594975554,main,,,
2026-09-28T11:29:44.772Z,A1,item_2217,legitimate,1790594983613,main,,,
2026-09-28T11:29:47.717Z,A1,item_2569,legitimate,1790594987047,main,,,
2026-09-28T11:30:04.966Z,A1,item_2682,legitimate,1790595004130,main,,,
2026-09-28T11:30:24.446Z,A1,item_2201,unsure,1790595023674,main,,,
2026-09-28T11:35:04.333Z,A1,item_2409,unsure,1790595303249,main,,,
2026-09-28T11:35:09.331Z,A1,item_2444,legitimate,1790595308168,main,,,
2026-09-28T11:35:22.516Z,A1,item_2424,legitimate,1790595321665,main,,,
2026-09-28T11:35:31.261Z,A1,item_2424,legitimate,1790595321665,main,,,
2026-09-28T11:35:31.261Z,A1,item_2233,legitimate,1790595330324,main,,,
2026-09-28T11:35:37.093Z,A1,item_2679,annoying,1790595335700,main,,,
2026-09-28T11:36:10.448Z,A1,item_2546,annoying,1790595369485,main,,,
2026-09-28T11:41:08.185Z,A1,item_2667,unsure,1790595667308,main,,,
2026-09-28T11:41:25.601Z,A1,item_2262,legitimate,1790595684531,main,,,
2026-09-28T11:43:03.484Z,A1,item_2224,legitimate,1790595782551,main,,,
2026-09-28T11:43:27.640Z,A1,item_2224,legitimate,1790595782551,main,,,
2026-09-28T11:43:27.640Z,A1,item_2249,unsure,1790595806674,main,,,
2026-09-28T11:43:33.103Z,A1,item_2544,legitimate,1790595812351,main,,,
2026-09-28T11:43:38.444Z,A1,item_2544,legitimate,1790595812351,main,,,
2026-09-28T11:43:38.444Z,A1,item_2513,annoying,1790595817797,main,,,
2026-09-28T11:44:21.940Z,A1,item_2311,unsure,1790595861017,main,,,
2026-09-28T11:49:50.935Z,A1,item_2430,unsure,1790596189665,main,,,
2026-09-28T11:50:01.775Z,A1,item_2188,legitimate,1790596200648,main,,,
2026-09-28T11:51:45.939Z,A1,item_2378,unsure,1790596304695,main,,,
2026-09-28T11:51:55.361Z,A1,item_2198,legitimate,1790596314469,main,,,
2026-09-28T12:02:52.356Z,A1,item_2492,unsure,1790596971151,main,,,
2026-09-28T12:03:03.982Z,A1,item_2539,legitimate,1790596983025,main,,,
2026-09-28T12:03:33.220Z,A1,item_2601,legitimate,1790597012113,main,,,
2026-09-28T12:03:36.607Z,A1,item_2461,legitimate,1790597015554,main,,,
2026-09-28T12:04:02.307Z,A1,item_2602,garbled,1790597041100,main,,,
2026-09-28T12:04:08.482Z,A1,item_2219,legitimate,1790597047339,main,,,
2026-09-28T12:04:25.721Z,A1,item_2536,legitimate,1790597064439,main,,,
2026-09-28T12:04:53.868Z,A1,item_2375,annoying,1790597092765,main,,,
2026-09-28T12:13:59.503Z,A1,item_2666,legitimate,1790597638237,main,,,
2026-09-28T12:14:10.976Z,A1,item_2258,legitimate,1790597649849,main,,,
2026-09-28T12:14:14.260Z,A1,item_2190,legitimate,1790597653493,main,,,
2026-09-28T12:14:51.138Z,A1,item_2349,annoying,1790597690039,main,,,
2026-09-28T12:14:56.422Z,A1,item_2471,legitimate,1790597695699,main,,,
2026-09-28T12:15:30.737Z,A1,item_2632,legitimate,1790597729682,main,,,
2026-09-28T12:16:04.308Z,A1,item_2470,legitimate,1790597763046,main,,,
2026-09-28T12:16:11.541Z,A1,item_2314,legitimate,1790597770479,main,,,
2026-09-28T12:17:08.957Z,A1,item_2654,legitimate,1790597827793,main,,,
2026-09-28T12:17:17.227Z,A1,item_2377,legitimate,1790597836263,main,,,
2026-09-28T12:17:31.505Z,A1,item_2377,legitimate,1790597836263,main,,,
2026-09-28T12:17:31.505Z,A1,item_2284,legitimate,1790597850608,main,,,
2026-09-28T12:19:56.110Z,A1,item_2603,unsure,1790597995249,main,,,
2026-09-28T12:20:22.356Z,A1,item_2467,legitimate,1790598021329,main,,,
2026-09-28T12:20:28.281Z,A1,item_2467,legitimate,1790598021329,main,,,
2026-09-28T12:20:28.281Z,A1,item_2474,annoying,1790598027275,main,,,
2026-09-28T12:20:38.723Z,A1,item_2467,legitimate,1790598021329,main,,,
2026-09-28T12:20:38.723Z,A1,item_2474,annoying,1790598027275,main,,,
2026-09-28T12:20:38.723Z,A1,item_2600,legitimate,1790598037461,main,,,
2026-09-28T12:20:42.244Z,A1,item_2467,legitimate,1790598021329,main,,,
2026-09-28T12:20:42.244Z,A1,item_2474,annoying,1790598027275,main,,,
2026-09-28T12:20:42.244Z,A1,item_2600,legitimate,1790598037461,main,,,
2026-09-28T12:20:42.244Z,A1,item_2431,legitimate,1790598041573,main,,,
2026-09-28T12:20:51.229Z,A1,item_2467,legitimate,1790598021329,main,,,
2026-09-28T12:20:51.229Z,A1,item_2474,annoying,1790598027275,main,,,
2026-09-28T12:20:51.229Z,A1,item_2600,legitimate,1790598037461,main,,,
2026-09-28T12:20:51.229Z,A1,item_2431,legitimate,1790598041573,main,,,
2026-09-28T12:20:51.229Z,A1,item_2521,legitimate,1790598050135,main,,,
2026-09-28T12:21:00.909Z,A1,item_2299,legitimate,1790598059926,main,,,
2026-09-28T12:21:07.953Z,A1,item_2299,legitimate,1790598059926,main,,,
2026-09-28T12:21:07.953Z,A1,item_2303,legitimate,1790598067148,main,,,
2026-09-28T12:21:14.477Z,A1,item_2299,legitimate,1790598059926,main,,,
2026-09-28T12:21:14.477Z,A1,item_2303,legitimate,1790598067148,main,,,
2026-09-28T12:21:14.477Z,A1,item_2483,legitimate,1790598073729,main,,,
2026-09-28T12:35:35.627Z,A2,sm:test:item_1886,not_strawman,1790598933436,strawman-test,,,
2026-09-28T12:35:45.225Z,A2,sm:test:item_1886,not_strawman,1790598933436,strawman-test,,,
2026-09-28T12:35:45.225Z,A2,sm:test:item_1940,not_strawman,1790598942820,strawman-test,,,
2026-09-28T12:36:06.102Z,A2,sm:test:item_2049,not_strawman,1790598963922,strawman-test,,,
2026-09-28T12:36:39.668Z,A2,sm:test:item_2048,not_strawman,1790598997248,strawman-test,,,
2026-09-28T12:36:45.672Z,A2,sm:test:item_2048,not_strawman,1790598997248,strawman-test,,,
2026-09-28T12:36:45.672Z,A2,sm:test:item_1939,not_strawman,1790599003547,strawman-test,,,
2026-09-28T12:36:52.853Z,A2,sm:test:item_1879,not_strawman,1790599010316,strawman-test,,,
2026-09-28T12:41:33.602Z,A2,sm:test:item_1778,not_strawman,1790599291227,strawman-test,,,
2026-09-28T12:41:37.757Z,A2,sm:test:item_2094,not_strawman,1790599295535,strawman-test,,,
2026-09-28T12:41:43.025Z,A2,sm:test:item_2108,not_strawman,1790599300819,strawman-test,,,
2026-09-28T12:41:50.633Z,A2,sm:test:item_2108,not_strawman,1790599300819,strawman-test,,,
2026-09-28T12:41:50.633Z,A2,sm:test:item_1772,not_strawman,1790599308348,strawman-test,,,
2026-09-28T12:41:57.267Z,A2,sm:test:item_1938,not_strawman,1790599315404,strawman-test,,,
2026-09-28T12:42:03.600Z,A2,sm:test:item_1938,not_strawman,1790599315404,strawman-test,,,
2026-09-28T12:42:03.600Z,A2,sm:test:item_1733,not_strawman,1790599321658,strawman-test,,,
2026-09-28T12:42:08.661Z,A2,sm:test:item_1748,not_strawman,1790599326286,strawman-test,,,
2026-09-28T12:42:23.405Z,A2,sm:test:item_1898,not_strawman,1790599340999,strawman-test,,,
2026-09-28T12:42:28.478Z,A2,sm:dev:item_1241,not_strawman,1790599346418,strawman-dev,,,
2026-09-28T12:42:31.903Z,A2,sm:dev:item_1241,not_strawman,1790599346418,strawman-dev,,,
2026-09-28T12:42:31.903Z,A2,sm:test:item_2078,not_strawman,1790599349526,strawman-test,,,
2026-09-28T12:42:41.764Z,A2,sm:test:item_2063,not_strawman,1790599359256,strawman-test,,,
2026-09-28T12:42:44.449Z,A2,sm:test:item_2115,not_strawman,1790599362484,strawman-test,,,
2026-09-28T12:42:50.194Z,A2,sm:test:item_2098,not_strawman,1790599367985,strawman-test,,,
2026-09-28T12:42:55.613Z,A2,sm:test:item_1819,not_strawman,1790599372572,strawman-test,,,
2026-09-28T12:43:00.449Z,A2,sm:test:item_1822,not_strawman,1790599378401,strawman-test,,,
2026-09-28T12:43:10.051Z,A2,sm:dev:item_1794,not_strawman,1790599387732,strawman-dev,,,
2026-09-28T12:43:42.337Z,A2,sm:test:item_1792,strawman,1790599419986,strawman-test,,,
2026-09-28T12:43:55.086Z,A2,sm:test:item_2054,not_strawman,1790599432379,strawman-test,,,
2026-09-28T12:44:00.940Z,A2,sm:test:item_1945,not_strawman,1790599439074,strawman-test,,,
2026-09-28T12:44:11.281Z,A2,sm:test:item_1945,unsure,1790599449060,strawman-test,,,
2026-09-28T12:44:17.486Z,A2,sm:dev:item_2040,not_strawman,1790599454970,strawman-dev,,,
2026-09-28T12:44:24.490Z,A2,sm:test:item_1890,not_strawman,1790599462098,strawman-test,,,
2026-09-28T12:44:31.371Z,A2,sm:dev:item_1751,not_strawman,1790599469270,strawman-dev,,,
2026-09-28T12:44:43.051Z,A2,sm:dev:item_1723,not_strawman,1790599480893,strawman-dev,,,
2026-09-28T12:45:01.544Z,A2,sm:test:item_1884,not_strawman,1790599499339,strawman-test,,,
2026-09-28T12:47:03.545Z,A2,sm:test:item_1907,not_strawman,1790599620641,strawman-test,,,
2026-09-28T12:47:09.216Z,A2,sm:test:item_1907,not_strawman,1790599620641,strawman-test,,,
2026-09-28T12:47:09.216Z,A2,sm:test:item_2089,not_strawman,1790599624777,strawman-test,,,
2026-09-28T12:47:11.209Z,A2,sm:test:item_2142,not_strawman,1790599629075,strawman-test,,,
2026-09-28T12:47:15.625Z,A2,sm:test:item_2142,not_strawman,1790599629075,strawman-test,,,
2026-09-28T12:47:15.625Z,A2,sm:test:item_1864,not_strawman,1790599633710,strawman-test,,,
2026-09-28T12:47:20.551Z,A2,sm:test:item_2142,not_strawman,1790599629075,strawman-test,,,
2026-09-28T12:47:20.551Z,A2,sm:test:item_1864,not_strawman,1790599633710,strawman-test,,,
2026-09-28T12:47:20.551Z,A2,sm:test:item_1930,not_strawman,1790599638270,strawman-test,,,
2026-09-28T12:47:23.373Z,A2,sm:test:item_2142,not_strawman,1790599629075,strawman-test,,,
2026-09-28T12:47:23.373Z,A2,sm:test:item_1864,not_strawman,1790599633710,strawman-test,,,
2026-09-28T12:47:23.373Z,A2,sm:test:item_1930,not_strawman,1790599638270,strawman-test,,,
2026-09-28T12:47:23.373Z,A2,sm:test:item_1853,not_strawman,1790599640922,strawman-test,,,
2026-09-28T12:47:45.822Z,A2,sm:test:item_2062,not_strawman,1790599663415,strawman-test,,,
2026-09-28T12:47:54.078Z,A2,sm:test:item_2062,not_strawman,1790599663415,strawman-test,,,
2026-09-28T12:47:54.078Z,A2,sm:test:item_1927,not_strawman,1790599672019,strawman-test,,,
2026-09-28T12:48:21.747Z,A1,item_2545,legitimate,1790599700525,main,,,
2026-09-28T12:48:23.463Z,A2,sm:test:item_2037,strawman,1790599701136,strawman-test,,,
2026-09-28T12:48:28.632Z,A2,sm:test:item_2037,strawman,1790599701136,strawman-test,,,
2026-09-28T12:48:28.632Z,A2,sm:test:item_1857,not_strawman,1790599706552,strawman-test,,,
2026-09-28T12:48:36.146Z,A2,sm:test:item_2128,not_strawman,1790599713502,strawman-test,,,
2026-09-28T12:48:48.078Z,A2,sm:test:item_2128,not_strawman,1790599713502,strawman-test,,,
2026-09-28T12:48:48.078Z,A2,sm:test:item_1833,not_strawman,1790599725796,strawman-test,,,
2026-09-28T12:48:56.081Z,A2,sm:test:item_2128,not_strawman,1790599713502,strawman-test,,,
2026-09-28T12:48:56.081Z,A2,sm:test:item_1833,not_strawman,1790599725796,strawman-test,,,
2026-09-28T12:48:56.081Z,A2,sm:test:item_2091,not_strawman,1790599733860,strawman-test,,,
2026-09-28T12:49:06.306Z,A2,sm:test:item_2124,not_strawman,1790599742451,strawman-test,,,
2026-09-28T12:49:10.030Z,A2,sm:test:item_1935,not_strawman,1790599747631,strawman-test,,,
2026-09-28T12:50:22.521Z,A1,item_2545,legitimate,1790599700525,main,,,
2026-09-28T12:50:22.521Z,A1,item_2429,legitimate,1790599821390,main,,,
2026-09-28T12:50:25.486Z,A2,sm:test:item_2112,not_strawman,1790599823383,strawman-test,,,
2026-09-28T12:50:31.544Z,A2,sm:test:item_2112,not_strawman,1790599823383,strawman-test,,,
2026-09-28T12:50:31.544Z,A2,sm:dev:item_1275,not_strawman,1790599829308,strawman-dev,,,
2026-09-28T12:50:37.412Z,A2,sm:test:item_2112,not_strawman,1790599823383,strawman-test,,,
2026-09-28T12:50:37.412Z,A2,sm:dev:item_1275,not_strawman,1790599829308,strawman-dev,,,
2026-09-28T12:50:37.412Z,A2,sm:test:item_2027,not_strawman,1790599834854,strawman-test,,,
2026-09-28T12:51:10.744Z,A2,sm:test:item_1885,not_strawman,1790599868574,strawman-test,,,
2026-09-28T12:51:13.788Z,A1,item_2545,legitimate,1790599700525,main,,,
2026-09-28T12:51:13.788Z,A1,item_2429,legitimate,1790599821390,main,,,
2026-09-28T12:51:13.788Z,A1,item_2281,legitimate,1790599872800,main,,,
2026-09-28T12:52:32.594Z,A1,item_2397,legitimate,1790599951703,main,,,
2026-09-28T12:52:34.833Z,A2,sm:dev:item_2024,not_strawman,1790599952532,strawman-dev,,,
2026-09-28T12:52:38.698Z,A1,item_2637,legitimate,1790599957394,main,,,
2026-09-28T12:52:39.746Z,A2,sm:test:item_2132,not_strawman,1790599957798,strawman-test,,,
2026-09-28T12:52:47.774Z,A2,sm:test:item_2132,unsure,1790599965714,strawman-test,,,
2026-09-28T12:52:58.069Z,A2,sm:test:item_1774,not_strawman,1790599975839,strawman-test,,,
2026-09-28T12:53:03.276Z,A2,sm:test:item_1774,not_strawman,1790599975839,strawman-test,,,
2026-09-28T12:53:03.276Z,A2,sm:test:item_1883,not_strawman,1790599981296,strawman-test,,,
2026-09-28T12:53:08.930Z,A2,sm:test:item_2120,not_strawman,1790599986628,strawman-test,,,
2026-09-28T12:53:13.245Z,A2,sm:test:item_2023,not_strawman,1790599990799,strawman-test,,,
2026-09-28T12:53:21.056Z,A2,sm:dev:item_1769,unsure,1790599998462,strawman-dev,,,
2026-09-28T12:53:26.305Z,A2,sm:dev:item_2139,not_strawman,1790600004046,strawman-dev,,,
2026-09-28T12:53:33.418Z,A2,sm:test:item_1887,unsure,1790600011353,strawman-test,,,
2026-09-28T12:53:44.791Z,A2,sm:test:item_2025,not_strawman,1790600022385,strawman-test,,,
2026-09-28T12:53:49.333Z,A2,sm:dev:item_1987,not_strawman,1790600026544,strawman-dev,,,
2026-09-28T12:53:52.923Z,A2,sm:dev:item_1221,not_strawman,1790600030669,strawman-dev,,,
2026-09-28T12:53:57.702Z,A2,sm:dev:item_1221,not_strawman,1790600030669,strawman-dev,,,
2026-09-28T12:53:57.702Z,A2,sm:test:item_1840,not_strawman,1790600035673,strawman-test,,,
2026-09-28T12:54:02.040Z,A2,sm:test:item_2064,not_strawman,1790600039624,strawman-test,,,
2026-09-28T12:54:07.720Z,A2,sm:test:item_2064,not_strawman,1790600039624,strawman-test,,,
2026-09-28T12:54:07.720Z,A2,sm:dev:item_1216,not_strawman,1790600045608,strawman-dev,,,
2026-09-28T12:54:11.748Z,A2,sm:test:item_2064,not_strawman,1790600039624,strawman-test,,,
2026-09-28T12:54:11.748Z,A2,sm:dev:item_1216,not_strawman,1790600045608,strawman-dev,,,
2026-09-28T12:54:11.748Z,A2,sm:test:item_1843,not_strawman,1790600049703,strawman-test,,,
2026-09-28T12:54:19.310Z,A2,sm:test:item_2064,not_strawman,1790600039624,strawman-test,,,
2026-09-28T12:54:19.310Z,A2,sm:dev:item_1216,not_strawman,1790600045608,strawman-dev,,,
2026-09-28T12:54:19.310Z,A2,sm:test:item_1843,not_strawman,1790600049703,strawman-test,,,
2026-09-28T12:54:19.310Z,A2,sm:dev:item_1963,not_strawman,1790600057021,strawman-dev,,,
2026-09-28T12:54:25.298Z,A2,sm:test:item_2064,not_strawman,1790600039624,strawman-test,,,
2026-09-28T12:54:25.298Z,A2,sm:dev:item_1216,not_strawman,1790600045608,strawman-dev,,,
2026-09-28T12:54:25.298Z,A2,sm:test:item_1843,not_strawman,1790600049703,strawman-test,,,
2026-09-28T12:54:25.298Z,A2,sm:dev:item_1963,not_strawman,1790600057021,strawman-dev,,,
2026-09-28T12:54:25.298Z,A2,sm:test:item_2042,not_strawman,1790600063322,strawman-test,,,
2026-09-28T12:54:30.732Z,A1,item_2473,legitimate,1790600069883,main,,,
2026-09-28T12:54:36.983Z,A2,sm:dev:item_2119,unsure,1790600072297,strawman-dev,,,
2026-09-28T12:54:44.363Z,A1,item_2473,legitimate,1790600069883,main,,,
2026-09-28T12:54:44.363Z,A1,item_2487,annoying,1790600083227,main,,,
2026-09-28T12:54:48.620Z,A2,sm:test:item_1788,not_strawman,1790600086563,strawman-test,,,
2026-09-28T12:54:54.848Z,A2,sm:test:item_1788,not_strawman,1790600086563,strawman-test,,,
2026-09-28T12:54:54.848Z,A2,sm:test:item_1941,not_strawman,1790600092893,strawman-test,,,
2026-09-28T12:54:57.167Z,A1,item_2450,legitimate,1790600096243,main,,,
2026-09-28T12:55:00.656Z,A2,sm:test:item_1788,not_strawman,1790600086563,strawman-test,,,
2026-09-28T12:55:00.656Z,A2,sm:test:item_1941,not_strawman,1790600092893,strawman-test,,,
2026-09-28T12:55:00.656Z,A2,sm:test:item_2116,not_strawman,1790600098387,strawman-test,,,
2026-09-28T12:55:04.972Z,A2,sm:test:item_1788,not_strawman,1790600086563,strawman-test,,,
2026-09-28T12:55:04.972Z,A2,sm:test:item_1941,not_strawman,1790600092893,strawman-test,,,
2026-09-28T12:55:04.972Z,A2,sm:test:item_2116,not_strawman,1790600098387,strawman-test,,,
2026-09-28T12:55:04.972Z,A2,sm:dev:item_2126,not_strawman,1790600102918,strawman-dev,,,
2026-09-28T12:55:13.686Z,A2,sm:test:item_1788,not_strawman,1790600086563,strawman-test,,,
2026-09-28T12:55:13.686Z,A2,sm:test:item_1941,not_strawman,1790600092893,strawman-test,,,
2026-09-28T12:55:13.686Z,A2,sm:test:item_2116,not_strawman,1790600098387,strawman-test,,,
2026-09-28T12:55:13.686Z,A2,sm:dev:item_2126,not_strawman,1790600102918,strawman-dev,,,
2026-09-28T12:55:13.686Z,A2,sm:dev:item_2096,unsure,1790600111365,strawman-dev,,,
2026-09-28T12:55:17.878Z,A1,item_2274,legitimate,1790600116271,main,,,
2026-09-28T12:55:32.426Z,A2,sm:dev:item_2147,unsure,1790600130288,strawman-dev,,,
2026-09-28T12:55:37.082Z,A2,sm:dev:item_2147,unsure,1790600130288,strawman-dev,,,
2026-09-28T12:55:37.082Z,A2,sm:test:item_2079,not_strawman,1790600134949,strawman-test,,,
2026-09-28T12:55:42.972Z,A2,sm:test:item_2129,not_strawman,1790600140728,strawman-test,,,
2026-09-28T12:55:49.866Z,A2,sm:test:item_2129,not_strawman,1790600140728,strawman-test,,,
2026-09-28T12:55:49.866Z,A2,sm:dev:item_1220,unsure,1790600147419,strawman-dev,,,
2026-09-28T12:55:54.534Z,A2,sm:test:item_1736,not_strawman,1790600152277,strawman-test,,,
2026-09-28T12:55:58.384Z,A2,sm:test:item_1736,not_strawman,1790600152277,strawman-test,,,
2026-09-28T12:55:58.384Z,A2,sm:test:item_1780,not_strawman,1790600156102,strawman-test,,,
2026-09-28T12:56:02.799Z,A2,sm:test:item_1736,not_strawman,1790600152277,strawman-test,,,
2026-09-28T12:56:02.799Z,A2,sm:test:item_1780,not_strawman,1790600156102,strawman-test,,,
2026-09-28T12:56:02.799Z,A2,sm:test:item_1870,not_strawman,1790600160524,strawman-test,,,
2026-09-28T12:56:09.424Z,A2,sm:test:item_1736,not_strawman,1790600152277,strawman-test,,,
2026-09-28T12:56:09.424Z,A2,sm:test:item_1780,not_strawman,1790600156102,strawman-test,,,
2026-09-28T12:56:09.424Z,A2,sm:test:item_1870,not_strawman,1790600160524,strawman-test,,,
2026-09-28T12:56:09.424Z,A2,sm:dev:item_1871,unsure,1790600167261,strawman-dev,,,
2026-09-28T12:56:20.249Z,A2,sm:test:item_1736,not_strawman,1790600152277,strawman-test,,,
2026-09-28T12:56:20.249Z,A2,sm:test:item_1780,not_strawman,1790600156102,strawman-test,,,
2026-09-28T12:56:20.249Z,A2,sm:test:item_1870,not_strawman,1790600160524,strawman-test,,,
2026-09-28T12:56:20.249Z,A2,sm:dev:item_1871,unsure,1790600167261,strawman-dev,,,
2026-09-28T12:56:20.249Z,A2,sm:test:item_2034,not_strawman,1790600178209,strawman-test,,,
2026-09-28T12:56:23.678Z,A2,sm:test:item_1736,not_strawman,1790600152277,strawman-test,,,
2026-09-28T12:56:23.678Z,A2,sm:test:item_1780,not_strawman,1790600156102,strawman-test,,,
2026-09-28T12:56:23.678Z,A2,sm:test:item_1870,not_strawman,1790600160524,strawman-test,,,
2026-09-28T12:56:23.678Z,A2,sm:dev:item_1871,unsure,1790600167261,strawman-dev,,,
2026-09-28T12:56:23.678Z,A2,sm:test:item_2034,not_strawman,1790600178209,strawman-test,,,
2026-09-28T12:56:23.678Z,A2,sm:test:item_2035,not_strawman,1790600181090,strawman-test,,,
2026-09-28T12:56:35.372Z,A2,sm:dev:item_1782,unsure,1790600192940,strawman-dev,,,
2026-09-28T12:57:05.922Z,A2,sm:test:item_1754,unsure,1790600223639,strawman-test,,,
2026-09-28T12:57:11.649Z,A2,sm:test:item_1754,unsure,1790600223639,strawman-test,,,
2026-09-28T12:57:11.649Z,A2,sm:test:item_1761,not_strawman,1790600229083,strawman-test,,,
2026-09-28T12:57:21.576Z,A2,sm:test:item_1856,strawman,1790600239584,strawman-test,,,
2026-09-28T12:57:25.803Z,A2,sm:dev:item_1782,unsure,1790600192940,strawman-dev,,,
2026-09-28T12:57:25.803Z,A2,sm:dev:item_1877,not_strawman,1790600201712,strawman-dev,,,
2026-09-28T12:57:40.755Z,A2,sm:test:item_1910,not_strawman,1790600258315,strawman-test,,,
2026-09-28T12:57:48.082Z,A2,sm:test:item_1910,not_strawman,1790600258315,strawman-test,,,
2026-09-28T12:57:48.082Z,A2,sm:test:item_1775,not_strawman,1790600265168,strawman-test,,,
2026-09-28T12:57:51.981Z,A2,sm:test:item_2029,not_strawman,1790600269593,strawman-test,,,
2026-09-28T12:57:59.041Z,A2,sm:test:item_1882,not_strawman,1790600277122,strawman-test,,,
2026-09-28T12:58:14.465Z,A2,sm:test:item_1863,not_strawman,1790600292473,strawman-test,,,
2026-09-28T12:58:21.754Z,A2,sm:test:item_1863,not_strawman,1790600292473,strawman-test,,,
2026-09-28T12:58:21.754Z,A2,sm:dev:item_1820,unsure,1790600299641,strawman-dev,,,
2026-09-28T12:58:28.423Z,A2,sm:dev:item_1868,unsure,1790600306126,strawman-dev,,,
2026-09-28T12:58:33.387Z,A2,sm:dev:item_1868,unsure,1790600306126,strawman-dev,,,
2026-09-28T12:58:33.387Z,A2,sm:dev:item_1908,not_strawman,1790600311054,strawman-dev,,,
2026-09-28T12:58:37.968Z,A2,sm:dev:item_1868,unsure,1790600306126,strawman-dev,,,
2026-09-28T12:58:37.968Z,A2,sm:dev:item_1908,not_strawman,1790600311054,strawman-dev,,,
2026-09-28T12:58:37.968Z,A2,sm:test:item_1872,not_strawman,1790600315705,strawman-test,,,
2026-09-28T12:58:43.490Z,A2,sm:dev:item_2104,not_strawman,1790600321412,strawman-dev,,,
2026-09-28T12:58:46.345Z,A2,sm:dev:item_2104,not_strawman,1790600321412,strawman-dev,,,
2026-09-28T12:58:46.345Z,A2,sm:test:item_2134,not_strawman,1790600324451,strawman-test,,,
2026-09-28T12:58:49.925Z,A2,sm:dev:item_2104,not_strawman,1790600321412,strawman-dev,,,
2026-09-28T12:58:49.925Z,A2,sm:test:item_2134,not_strawman,1790600324451,strawman-test,,,
2026-09-28T12:58:49.925Z,A2,sm:test:item_2102,not_strawman,1790600327846,strawman-test,,,
2026-09-28T12:58:53.817Z,A2,sm:dev:item_2104,not_strawman,1790600321412,strawman-dev,,,
2026-09-28T12:58:53.817Z,A2,sm:test:item_2134,not_strawman,1790600324451,strawman-test,,,
2026-09-28T12:58:53.817Z,A2,sm:test:item_2102,not_strawman,1790600327846,strawman-test,,,
2026-09-28T12:58:53.817Z,A2,sm:test:item_2102,unsure,1790600331919,strawman-test,,,
2026-09-28T12:59:02.576Z,A2,sm:dev:item_2104,not_strawman,1790600321412,strawman-dev,,,
2026-09-28T12:59:02.576Z,A2,sm:test:item_2134,not_strawman,1790600324451,strawman-test,,,
2026-09-28T12:59:02.576Z,A2,sm:test:item_2102,not_strawman,1790600327846,strawman-test,,,
2026-09-28T12:59:02.576Z,A2,sm:test:item_2102,unsure,1790600331919,strawman-test,,,
2026-09-28T12:59:02.576Z,A2,sm:test:item_2076,not_strawman,1790600340167,strawman-test,,,
2026-09-28T12:59:15.983Z,A2,sm:test:item_1880,strawman,1790600353656,strawman-test,,,
2026-09-28T12:59:24.147Z,A2,sm:test:item_1852,not_strawman,1790600362210,strawman-test,,,
2026-09-28T12:59:30.670Z,A2,sm:test:item_2095,not_strawman,1790600368471,strawman-test,,,
2026-09-28T12:59:35.293Z,A2,sm:test:item_2095,not_strawman,1790600368471,strawman-test,,,
2026-09-28T12:59:35.293Z,A2,sm:test:item_2070,not_strawman,1790600373143,strawman-test,,,
2026-09-28T12:59:41.237Z,A2,sm:test:item_2095,not_strawman,1790600368471,strawman-test,,,
2026-09-28T12:59:41.237Z,A2,sm:test:item_2070,not_strawman,1790600373143,strawman-test,,,
2026-09-28T12:59:41.237Z,A2,sm:test:item_2057,not_strawman,1790600378836,strawman-test,,,
2026-09-28T12:59:44.925Z,A2,sm:test:item_2095,not_strawman,1790600368471,strawman-test,,,
2026-09-28T12:59:44.925Z,A2,sm:test:item_2070,not_strawman,1790600373143,strawman-test,,,
2026-09-28T12:59:44.925Z,A2,sm:test:item_2057,not_strawman,1790600378836,strawman-test,,,
2026-09-28T12:59:44.925Z,A2,sm:test:item_2090,not_strawman,1790600382243,strawman-test,,,
2026-09-28T12:59:49.551Z,A2,sm:test:item_2095,not_strawman,1790600368471,strawman-test,,,
2026-09-28T12:59:49.551Z,A2,sm:test:item_2070,not_strawman,1790600373143,strawman-test,,,
2026-09-28T12:59:49.551Z,A2,sm:test:item_2057,not_strawman,1790600378836,strawman-test,,,
2026-09-28T12:59:49.551Z,A2,sm:test:item_2090,not_strawman,1790600382243,strawman-test,,,
2026-09-28T12:59:49.551Z,A2,sm:test:item_1813,not_strawman,1790600387373,strawman-test,,,
2026-09-28T12:59:55.884Z,A2,sm:test:item_2095,not_strawman,1790600368471,strawman-test,,,
2026-09-28T12:59:55.884Z,A2,sm:test:item_2070,not_strawman,1790600373143,strawman-test,,,
2026-09-28T12:59:55.884Z,A2,sm:test:item_2057,not_strawman,1790600378836,strawman-test,,,
2026-09-28T12:59:55.884Z,A2,sm:test:item_2090,not_strawman,1790600382243,strawman-test,,,
2026-09-28T12:59:55.884Z,A2,sm:test:item_1813,not_strawman,1790600387373,strawman-test,,,
2026-09-28T12:59:55.884Z,A2,sm:test:item_1829,unsure,1790600393698,strawman-test,,,
2026-09-28T13:00:06.662Z,A2,sm:test:item_1859,unsure,1790600404443,strawman-test,,,
2026-09-28T13:00:09.257Z,A1,item_2274,legitimate,1790600116271,main,,,
2026-09-28T13:00:09.257Z,A1,item_2621,legitimate,1790600408215,main,,,
2026-09-28T13:00:13.864Z,A2,sm:test:item_1859,unsure,1790600404443,strawman-test,,,
2026-09-28T13:00:13.864Z,A2,sm:dev:item_2088,not_strawman,1790600407725,strawman-dev,,,
2026-09-28T13:00:17.908Z,A2,sm:test:item_1841,not_strawman,1790600412310,strawman-test,,,
2026-09-28T13:00:27.215Z,A2,sm:test:item_1830,unsure,1790600423945,strawman-test,,,
2026-09-28T13:00:31.002Z,A2,sm:test:item_1830,unsure,1790600423945,strawman-test,,,
2026-09-28T13:00:31.002Z,A2,sm:test:item_1791,not_strawman,1790600427851,strawman-test,,,
2026-09-28T13:00:43.087Z,A2,sm:test:item_1809,strawman,1790600438763,strawman-test,,,
2026-09-28T13:00:50.059Z,A2,sm:test:item_1918,not_strawman,1790600446392,strawman-test,,,
2026-09-28T13:01:00.649Z,A2,sm:test:item_1918,not_strawman,1790600446392,strawman-test,,,
2026-09-28T13:01:00.649Z,A2,sm:dev:item_1272,not_strawman,1790600457216,strawman-dev,,,
2026-09-28T13:01:05.250Z,A2,sm:test:item_1918,not_strawman,1790600446392,strawman-test,,,
2026-09-28T13:01:05.250Z,A2,sm:dev:item_1272,not_strawman,1790600457216,strawman-dev,,,
2026-09-28T13:01:05.250Z,A2,sm:test:item_2109,not_strawman,1790600461713,strawman-test,,,
2026-09-28T13:01:10.401Z,A2,sm:test:item_1918,not_strawman,1790600446392,strawman-test,,,
2026-09-28T13:01:10.401Z,A2,sm:dev:item_1272,not_strawman,1790600457216,strawman-dev,,,
2026-09-28T13:01:10.401Z,A2,sm:test:item_2109,not_strawman,1790600461713,strawman-test,,,
2026-09-28T13:01:10.401Z,A2,sm:test:item_1911,not_strawman,1790600467280,strawman-test,,,
2026-09-28T13:01:17.560Z,A2,sm:test:item_1918,not_strawman,1790600446392,strawman-test,,,
2026-09-28T13:01:17.560Z,A2,sm:dev:item_1272,not_strawman,1790600457216,strawman-dev,,,
2026-09-28T13:01:17.560Z,A2,sm:test:item_2109,not_strawman,1790600461713,strawman-test,,,
2026-09-28T13:01:17.560Z,A2,sm:test:item_1911,not_strawman,1790600467280,strawman-test,,,
2026-09-28T13:01:17.560Z,A2,sm:test:item_1745,not_strawman,1790600473917,strawman-test,,,
2026-09-28T13:01:24.919Z,A2,sm:test:item_1918,not_strawman,1790600446392,strawman-test,,,
2026-09-28T13:01:24.919Z,A2,sm:dev:item_1272,not_strawman,1790600457216,strawman-dev,,,
2026-09-28T13:01:24.919Z,A2,sm:test:item_2109,not_strawman,1790600461713,strawman-test,,,
2026-09-28T13:01:24.919Z,A2,sm:test:item_1911,not_strawman,1790600467280,strawman-test,,,
2026-09-28T13:01:24.919Z,A2,sm:test:item_1745,not_strawman,1790600473917,strawman-test,,,
2026-09-28T13:01:24.919Z,A2,sm:test:item_1739,not_strawman,1790600479939,strawman-test,,,
2026-09-28T13:01:31.772Z,A2,sm:test:item_1918,not_strawman,1790600446392,strawman-test,,,
2026-09-28T13:01:31.772Z,A2,sm:dev:item_1272,not_strawman,1790600457216,strawman-dev,,,
2026-09-28T13:01:31.772Z,A2,sm:test:item_2109,not_strawman,1790600461713,strawman-test,,,
2026-09-28T13:01:31.772Z,A2,sm:test:item_1911,not_strawman,1790600467280,strawman-test,,,
2026-09-28T13:01:31.772Z,A2,sm:test:item_1745,not_strawman,1790600473917,strawman-test,,,
2026-09-28T13:01:31.772Z,A2,sm:test:item_1739,not_strawman,1790600479939,strawman-test,,,
2026-09-28T13:01:31.772Z,A2,sm:test:item_1922,not_strawman,1790600486090,strawman-test,,,
2026-09-28T13:01:33.189Z,A1,item_2274,legitimate,1790600116271,main,,,
2026-09-28T13:01:33.189Z,A1,item_2621,legitimate,1790600408215,main,,,
2026-09-28T13:01:33.189Z,A1,item_2623,legitimate,1790600492262,main,,,
2026-09-28T13:01:35.317Z,A2,sm:test:item_1918,not_strawman,1790600446392,strawman-test,,,
2026-09-28T13:01:35.317Z,A2,sm:dev:item_1272,not_strawman,1790600457216,strawman-dev,,,
2026-09-28T13:01:35.317Z,A2,sm:test:item_2109,not_strawman,1790600461713,strawman-test,,,
2026-09-28T13:01:35.317Z,A2,sm:test:item_1911,not_strawman,1790600467280,strawman-test,,,
2026-09-28T13:01:35.317Z,A2,sm:test:item_1745,not_strawman,1790600473917,strawman-test,,,
2026-09-28T13:01:35.317Z,A2,sm:test:item_1739,not_strawman,1790600479939,strawman-test,,,
2026-09-28T13:01:35.317Z,A2,sm:test:item_1922,not_strawman,1790600486090,strawman-test,,,
2026-09-28T13:01:35.317Z,A2,sm:test:item_2022,not_strawman,1790600489594,strawman-test,,,
2026-09-28T13:01:39.899Z,A2,sm:test:item_1918,not_strawman,1790600446392,strawman-test,,,
2026-09-28T13:01:39.899Z,A2,sm:dev:item_1272,not_strawman,1790600457216,strawman-dev,,,
2026-09-28T13:01:39.899Z,A2,sm:test:item_2109,not_strawman,1790600461713,strawman-test,,,
2026-09-28T13:01:39.899Z,A2,sm:test:item_1911,not_strawman,1790600467280,strawman-test,,,
2026-09-28T13:01:39.899Z,A2,sm:test:item_1745,not_strawman,1790600473917,strawman-test,,,
2026-09-28T13:01:39.899Z,A2,sm:test:item_1739,not_strawman,1790600479939,strawman-test,,,
2026-09-28T13:01:39.899Z,A2,sm:test:item_1922,not_strawman,1790600486090,strawman-test,,,
2026-09-28T13:01:39.899Z,A2,sm:test:item_2022,not_strawman,1790600489594,strawman-test,,,
2026-09-28T13:01:39.899Z,A2,sm:dev:item_1219,not_strawman,1790600494512,strawman-dev,,,
2026-09-28T13:01:41.719Z,A2,sm:test:item_1918,not_strawman,1790600446392,strawman-test,,,
2026-09-28T13:01:41.719Z,A2,sm:dev:item_1272,not_strawman,1790600457216,strawman-dev,,,
2026-09-28T13:01:41.719Z,A2,sm:test:item_2109,not_strawman,1790600461713,strawman-test,,,
2026-09-28T13:01:41.719Z,A2,sm:test:item_1911,not_strawman,1790600467280,strawman-test,,,
2026-09-28T13:01:41.719Z,A2,sm:test:item_1745,not_strawman,1790600473917,strawman-test,,,
2026-09-28T13:01:41.719Z,A2,sm:test:item_1739,not_strawman,1790600479939,strawman-test,,,
2026-09-28T13:01:41.719Z,A2,sm:test:item_1922,not_strawman,1790600486090,strawman-test,,,
2026-09-28T13:01:41.719Z,A2,sm:test:item_2022,not_strawman,1790600489594,strawman-test,,,
2026-09-28T13:01:41.719Z,A2,sm:dev:item_1219,not_strawman,1790600494512,strawman-dev,,,
2026-09-28T13:01:41.719Z,A2,sm:test:item_1937,not_strawman,1790600498216,strawman-test,,,
2026-09-28T13:01:47.676Z,A1,item_2274,legitimate,1790600116271,main,,,
2026-09-28T13:01:47.676Z,A1,item_2621,legitimate,1790600408215,main,,,
2026-09-28T13:01:47.676Z,A1,item_2623,legitimate,1790600492262,main,,,
2026-09-28T13:01:47.676Z,A1,item_2650,legitimate,1790600506673,main,,,
2026-09-28T13:01:50.284Z,A1,item_2274,legitimate,1790600116271,main,,,
2026-09-28T13:01:50.284Z,A1,item_2621,legitimate,1790600408215,main,,,
2026-09-28T13:01:50.284Z,A1,item_2623,legitimate,1790600492262,main,,,
2026-09-28T13:01:50.284Z,A1,item_2650,legitimate,1790600506673,main,,,
2026-09-28T13:01:50.284Z,A1,item_2333,legitimate,1790600509391,main,,,
2026-09-28T13:02:08.023Z,A1,item_2497,annoying,1790600526673,main,,,
2026-09-28T13:02:11.306Z,A1,item_2497,annoying,1790600526673,main,,,
2026-09-28T13:02:11.306Z,A1,item_2191,legitimate,1790600530662,main,,,
2026-09-28T13:02:16.871Z,A1,item_2497,annoying,1790600526673,main,,,
2026-09-28T13:02:16.871Z,A1,item_2191,legitimate,1790600530662,main,,,
2026-09-28T13:02:16.871Z,A1,item_2500,legitimate,1790600535903,main,,,
2026-09-28T13:02:59.825Z,A1,item_2362,legitimate,1790600579049,main,,,
2026-09-28T13:03:10.656Z,A1,item_2362,legitimate,1790600579049,main,,,
2026-09-28T13:03:10.656Z,A1,item_2396,legitimate,1790600589421,main,,,
2026-09-28T13:03:31.707Z,A1,item_2362,legitimate,1790600579049,main,,,
2026-09-28T13:03:31.707Z,A1,item_2396,legitimate,1790600589421,main,,,
2026-09-28T13:03:31.707Z,A1,item_2565,legitimate,1790600610582,main,,,
2026-09-28T13:04:01.065Z,A1,item_2371,legitimate,1790600639906,main,,,
2026-09-28T13:04:31.302Z,A1,item_2327,annoying,1790600670147,main,,,
2026-09-28T13:05:41.912Z,A2,sm:test:item_1918,not_strawman,1790600446392,strawman-test,,,
2026-09-28T13:05:41.912Z,A2,sm:dev:item_1272,not_strawman,1790600457216,strawman-dev,,,
2026-09-28T13:05:41.912Z,A2,sm:test:item_2109,not_strawman,1790600461713,strawman-test,,,
2026-09-28T13:05:41.912Z,A2,sm:test:item_1911,not_strawman,1790600467280,strawman-test,,,
2026-09-28T13:05:41.912Z,A2,sm:test:item_1745,not_strawman,1790600473917,strawman-test,,,
2026-09-28T13:05:41.912Z,A2,sm:test:item_1739,not_strawman,1790600479939,strawman-test,,,
2026-09-28T13:05:41.912Z,A2,sm:test:item_1922,not_strawman,1790600486090,strawman-test,,,
2026-09-28T13:05:41.912Z,A2,sm:test:item_2022,not_strawman,1790600489594,strawman-test,,,
2026-09-28T13:05:41.912Z,A2,sm:dev:item_1219,not_strawman,1790600494512,strawman-dev,,,
2026-09-28T13:05:41.912Z,A2,sm:test:item_1937,not_strawman,1790600498216,strawman-test,,,
2026-09-28T13:10:47.993Z,A1,item_2327,annoying,1790600670147,main,,,
2026-09-28T13:10:47.993Z,A1,item_2575,legitimate,1790601047007,main,,,
2026-09-28T13:10:51.669Z,A1,item_2327,annoying,1790600670147,main,,,
2026-09-28T13:10:51.669Z,A1,item_2575,legitimate,1790601047007,main,,,
2026-09-28T13:10:51.669Z,A1,item_2463,legitimate,1790601050625,main,,,
2026-09-28T13:11:12.162Z,A1,item_2485,legitimate,1790601071103,main,,,
2026-09-28T13:11:42.629Z,A1,item_2665,legitimate,1790601101522,main,,,
2026-09-28T13:12:09.218Z,A1,item_2665,legitimate,1790601101522,main,,,
2026-09-28T13:12:09.218Z,A1,item_2401,legitimate,1790601128291,main,,,
2026-09-28T13:12:26.443Z,A1,item_2665,legitimate,1790601101522,main,,,
2026-09-28T13:12:26.443Z,A1,item_2401,legitimate,1790601128291,main,,,
2026-09-28T13:12:26.443Z,A1,item_2373,legitimate,1790601145089,main,,,
2026-09-28T13:12:58.139Z,A1,item_2194,unsure,1790601176910,main,,,
2026-09-28T13:13:04.959Z,A1,item_2194,unsure,1790601176910,main,,,
2026-09-28T13:13:04.959Z,A1,item_2579,legitimate,1790601184004,main,,,
2026-09-28T13:13:18.512Z,A1,item_2411,legitimate,1790601197342,main,,,
2026-09-28T13:13:34.090Z,A1,item_2411,legitimate,1790601197342,main,,,
2026-09-28T13:13:34.090Z,A1,item_2391,legitimate,1790601213094,main,,,
2026-09-28T13:13:58.924Z,A1,item_2411,legitimate,1790601197342,main,,,
2026-09-28T13:13:58.924Z,A1,item_2391,legitimate,1790601213094,main,,,
2026-09-28T13:13:58.924Z,A1,item_2402,legitimate,1790601237733,main,,,
2026-09-28T13:14:05.521Z,A1,item_2411,legitimate,1790601197342,main,,,
2026-09-28T13:14:05.521Z,A1,item_2391,legitimate,1790601213094,main,,,
2026-09-28T13:14:05.521Z,A1,item_2402,legitimate,1790601237733,main,,,
2026-09-28T13:14:05.521Z,A1,item_2388,legitimate,1790601244797,main,,,
2026-09-28T13:53:11.598Z,A1,item_2576,legitimate,1790603589529,main,,,
2026-09-28T13:53:24.475Z,A1,item_2576,legitimate,1790603589529,main,,,
2026-09-28T13:53:24.475Z,A1,item_2275,legitimate,1790603603408,main,,,
2026-09-28T13:54:00.365Z,A1,item_2435,legitimate,1790603639326,main,,,
2026-09-28T13:54:34.027Z,A1,item_2435,legitimate,1790603639326,main,,,
2026-09-28T13:54:34.027Z,A1,item_2572,legitimate,1790603672593,main,,,
2026-09-28T13:54:47.060Z,A1,item_2435,legitimate,1790603639326,main,,,
2026-09-28T13:54:47.060Z,A1,item_2572,legitimate,1790603672593,main,,,
2026-09-28T13:54:47.060Z,A1,item_2264,legitimate,1790603686136,main,,,
2026-09-28T13:55:07.443Z,A1,item_2641,annoying,1790603706108,main,,,
2026-09-28T13:55:41.874Z,A1,item_2342,legitimate,1790603740589,main,,,
2026-09-28T13:57:19.585Z,A1,item_2550,legitimate,1790603838374,main,,,
2026-09-28T13:57:26.775Z,A1,item_2550,legitimate,1790603838374,main,,,
2026-09-28T13:57:26.775Z,A1,item_2436,legitimate,1790603844976,main,,,
2026-09-28T13:57:31.958Z,A1,item_2550,legitimate,1790603838374,main,,,
2026-09-28T13:57:31.958Z,A1,item_2436,legitimate,1790603844976,main,,,
2026-09-28T13:57:31.958Z,A1,item_2306,legitimate,1790603851324,main,,,
2026-09-28T14:07:59.662Z,A1,item_2265,legitimate,1790604478449,main,,,
2026-09-28T14:08:06.841Z,A1,item_2530,legitimate,1790604485441,main,,,
2026-09-28T14:08:19.443Z,A1,item_2649,legitimate,1790604498214,main,,,
2026-09-28T14:08:25.208Z,A1,item_2241,legitimate,1790604504314,main,,,
2026-09-28T14:09:12.332Z,A1,item_2563,legitimate,1790604551110,main,,,
2026-09-28T14:09:18.679Z,A1,item_2417,legitimate,1790604557483,main,,,
2026-09-28T14:09:25.686Z,A1,item_2417,legitimate,1790604557483,main,,,
2026-09-28T14:09:25.686Z,A1,item_2673,legitimate,1790604564899,main,,,
2026-09-28T14:09:40.034Z,A1,item_2417,legitimate,1790604557483,main,,,
2026-09-28T14:09:40.034Z,A1,item_2673,legitimate,1790604564899,main,,,
2026-09-28T14:09:40.034Z,A1,item_2422,legitimate,1790604579136,main,,,
2026-09-28T14:09:55.783Z,A1,item_2417,legitimate,1790604557483,main,,,
2026-09-28T14:09:55.783Z,A1,item_2673,legitimate,1790604564899,main,,,
2026-09-28T14:09:55.783Z,A1,item_2422,legitimate,1790604579136,main,,,
2026-09-28T14:09:55.783Z,A1,item_2583,annoying,1790604594949,main,,,
2026-09-28T14:10:52.739Z,A1,item_2346,annoying,1790604651469,main,,,
2026-09-28T14:10:56.716Z,A1,item_2346,annoying,1790604651469,main,,,
2026-09-28T14:10:56.716Z,A1,item_2448,legitimate,1790604655570,main,,,
2026-09-28T14:10:59.624Z,A1,item_2346,annoying,1790604651469,main,,,
2026-09-28T14:10:59.624Z,A1,item_2448,legitimate,1790604655570,main,,,
2026-09-28T14:10:59.624Z,A1,item_2404,legitimate,1790604658595,main,,,
2026-09-28T14:11:04.831Z,A1,item_2442,legitimate,1790604664061,main,,,
2026-09-28T14:11:07.466Z,A1,item_2442,legitimate,1790604664061,main,,,
2026-09-28T14:11:07.466Z,A1,item_2246,legitimate,1790604666791,main,,,
2026-09-28T14:11:11.495Z,A1,item_2442,legitimate,1790604664061,main,,,
2026-09-28T14:11:11.495Z,A1,item_2246,legitimate,1790604666791,main,,,
2026-09-28T14:11:11.495Z,A1,item_2268,legitimate,1790604670730,main,,,
2026-09-28T14:11:18.187Z,A1,item_2510,legitimate,1790604677004,main,,,
2026-09-28T14:11:26.496Z,A1,item_2510,legitimate,1790604677004,main,,,
2026-09-28T14:11:26.496Z,A1,item_2493,legitimate,1790604685575,main,,,
2026-09-28T14:11:52.287Z,A1,item_2607,legitimate,1790604705815,main,,,
2026-09-28T14:11:52.287Z,A1,item_2608,legitimate,1790604711435,main,,,
2026-09-28T14:11:53.508Z,A1,item_2607,legitimate,1790604705815,main,,,
2026-09-28T14:12:00.267Z,A1,item_2660,legitimate,1790604719343,main,,,
2026-09-28T14:12:04.396Z,A1,item_2660,legitimate,1790604719343,main,,,
2026-09-28T14:12:04.396Z,A1,item_2380,legitimate,1790604723553,main,,,
2026-09-28T14:12:12.704Z,A1,item_2481,legitimate,1790604731341,main,,,
2026-09-28T14:12:46.672Z,A1,item_2481,legitimate,1790604731341,main,,,
2026-09-28T14:12:46.672Z,A1,item_2567,legitimate,1790604765290,main,,,
2026-09-28T14:12:52.636Z,A1,item_2481,legitimate,1790604731341,main,,,
2026-09-28T14:12:52.636Z,A1,item_2567,legitimate,1790604765290,main,,,
2026-09-28T14:12:52.636Z,A1,item_2604,legitimate,1790604771663,main,,,
2026-09-28T14:13:00.612Z,A1,item_2481,legitimate,1790604731341,main,,,
2026-09-28T14:13:00.612Z,A1,item_2567,legitimate,1790604765290,main,,,
2026-09-28T14:13:00.612Z,A1,item_2604,legitimate,1790604771663,main,,,
2026-09-28T14:13:00.612Z,A1,item_2653,legitimate,1790604779681,main,,,
2026-09-28T14:13:09.533Z,A1,item_2481,legitimate,1790604731341,main,,,
2026-09-28T14:13:09.533Z,A1,item_2567,legitimate,1790604765290,main,,,
2026-09-28T14:13:09.533Z,A1,item_2604,legitimate,1790604771663,main,,,
2026-09-28T14:13:09.533Z,A1,item_2653,legitimate,1790604779681,main,,,
2026-09-28T14:13:09.533Z,A1,item_2318,unsure,1790604788783,main,,,
2026-09-28T14:13:13.893Z,A1,item_2674,legitimate,1790604792965,main,,,
2026-09-28T14:13:28.677Z,A1,item_2367,legitimate,1790604807528,main,,,
2026-09-28T14:14:32.854Z,A1,item_2652,legitimate,1790604871683,main,,,
2026-09-28T14:14:57.155Z,A1,item_2253,legitimate,1790604894570,main,,,
2026-09-28T14:15:18.137Z,A1,item_2253,legitimate,1790604894570,main,,,
2026-09-28T14:15:18.137Z,A1,item_2681,unsure,1790604916693,main,,,
2026-09-28T14:15:27.575Z,A1,item_2639,legitimate,1790604926630,main,,,
2026-09-28T14:15:30.738Z,A1,item_2639,legitimate,1790604926630,main,,,
2026-09-28T14:15:30.738Z,A1,item_2540,legitimate,1790604929634,main,,,
2026-09-28T14:15:39.420Z,A1,item_2449,legitimate,1790604938130,main,,,
2026-09-28T14:15:47.795Z,A1,item_2462,legitimate,1790604946516,main,,,
2026-09-28T14:15:52.873Z,A1,item_2462,legitimate,1790604946516,main,,,
2026-09-28T14:15:52.873Z,A1,item_2590,legitimate,1790604951996,main,,,
2026-09-28T14:15:56.127Z,A1,item_2597,legitimate,1790604955202,main,,,
2026-09-28T14:16:03.730Z,A1,item_2330,legitimate,1790604962521,main,,,
2026-09-28T14:16:15.946Z,A1,rep__item_2465,legitimate,1790604974829,main,,,
2026-09-28T14:18:44.252Z,A1,item_2484,legitimate,1790605122740,main,,,
2026-09-28T14:19:01.373Z,A1,item_2484,legitimate,1790605122740,main,,,
2026-09-28T14:19:01.373Z,A1,item_2364,legitimate,1790605140571,main,,,
2026-09-28T14:19:13.355Z,A1,item_2484,legitimate,1790605122740,main,,,
2026-09-28T14:19:13.355Z,A1,item_2364,legitimate,1790605140571,main,,,
2026-09-28T14:19:13.355Z,A1,item_2212,legitimate,1790605150665,main,,,
2026-09-28T14:19:28.173Z,A1,item_2254,unsure,1790605167166,main,,,
2026-09-28T14:19:36.693Z,A1,item_2254,unsure,1790605167166,main,,,
2026-09-28T14:19:36.693Z,A1,item_2651,legitimate,1790605175690,main,,,
2026-09-28T14:19:45.785Z,A1,item_2651,unsure,1790605183447,main,,,
2026-09-28T14:19:51.305Z,A1,item_2651,unsure,1790605183447,main,,,
2026-09-28T14:19:51.305Z,A1,item_2552,legitimate,1790605190269,main,,,
2026-09-28T14:20:02.351Z,A1,item_2496,legitimate,1790605201431,main,,,
2026-09-28T14:20:13.161Z,A1,item_2235,legitimate,1790605211887,main,,,
2026-09-28T14:20:23.187Z,A1,item_2464,annoying,1790605222067,main,,,
2026-09-28T14:20:29.168Z,A1,item_2464,annoying,1790605222067,main,,,
2026-09-28T14:20:29.168Z,A1,item_2322,legitimate,1790605228199,main,,,
2026-09-28T14:20:37.013Z,A1,rep__item_2412,legitimate,1790605235941,main,,,
2026-09-28T14:24:19.850Z,A1,rep__item_2412,legitimate,1790605235941,main,,,
2026-09-28T14:24:19.850Z,A1,item_2232,legitimate,1790605458642,main,,,
2026-09-28T14:24:33.277Z,A1,rep__item_2412,legitimate,1790605235941,main,,,
2026-09-28T14:24:33.277Z,A1,item_2232,legitimate,1790605458642,main,,,
2026-09-28T14:24:33.277Z,A1,item_2547,legitimate,1790605472300,main,,,
2026-09-28T14:24:36.668Z,A1,rep__item_2412,legitimate,1790605235941,main,,,
2026-09-28T14:24:36.668Z,A1,item_2232,legitimate,1790605458642,main,,,
2026-09-28T14:24:36.668Z,A1,item_2547,legitimate,1790605472300,main,,,
2026-09-28T14:24:36.668Z,A1,item_2446,legitimate,1790605475695,main,,,
2026-09-28T14:24:42.829Z,A1,rep__item_2412,legitimate,1790605235941,main,,,
2026-09-28T14:24:42.829Z,A1,item_2232,legitimate,1790605458642,main,,,
2026-09-28T14:24:42.829Z,A1,item_2547,legitimate,1790605472300,main,,,
2026-09-28T14:24:42.829Z,A1,item_2446,legitimate,1790605475695,main,,,
2026-09-28T14:24:42.829Z,A1,item_2593,legitimate,1790605482121,main,,,
2026-09-28T14:24:55.602Z,A1,rep__item_2412,legitimate,1790605235941,main,,,
2026-09-28T14:24:55.602Z,A1,item_2232,legitimate,1790605458642,main,,,
2026-09-28T14:24:55.602Z,A1,item_2547,legitimate,1790605472300,main,,,
2026-09-28T14:24:55.602Z,A1,item_2446,legitimate,1790605475695,main,,,
2026-09-28T14:24:55.602Z,A1,item_2593,legitimate,1790605482121,main,,,
2026-09-28T14:24:55.602Z,A1,item_2437,annoying,1790605494272,main,,,
2026-09-28T14:25:18.068Z,A1,item_2523,annoying,1790605516736,main,,,
2026-09-28T14:25:51.506Z,A1,item_2308,legitimate,1790605550258,main,,,
2026-09-28T14:25:59.335Z,A1,item_2661,legitimate,1790605558231,main,,,
2026-09-28T14:26:11.678Z,A1,item_2531,legitimate,1790605570830,main,,,
2026-09-28T14:26:34.191Z,A1,item_2531,legitimate,1790605570830,main,,,
2026-09-28T14:26:34.191Z,A1,item_2482,annoying,1790605592504,main,,,
2026-09-28T14:26:53.227Z,A1,item_2399,legitimate,1790605612291,main,,,
2026-09-28T14:27:06.849Z,A1,item_2236,legitimate,1790605625848,main,,,
2026-09-28T14:27:13.028Z,A1,rep__item_2386,legitimate,1790605632087,main,,,
2026-09-28T14:27:23.679Z,A1,rep__item_2425,legitimate,1790605642897,main,,,
2026-09-28T14:27:30.568Z,A1,rep__item_2678,legitimate,1790605648518,main,,,
2026-09-28T14:27:34.427Z,A1,item_2566,legitimate,1790605653658,main,,,
2026-09-28T14:27:39.317Z,A1,rep__item_2325,legitimate,1790605657778,main,,,
2026-09-28T14:27:44.591Z,A1,item_2677,legitimate,1790605663589,main,,,
2026-09-28T14:27:50.523Z,A1,item_2571,legitimate,1790605669705,main,,,
2026-09-28T14:28:02.653Z,A1,rep__item_2599,legitimate,1790605681770,main,,,
2026-09-28T14:28:07.405Z,A1,rep__item_2648,legitimate,1790605686211,main,,,
2026-09-28T14:28:16.181Z,A1,item_2354,annoying,1790605695479,main,,,
2026-09-28T14:28:21.955Z,A1,item_2392,legitimate,1790605700723,main,,,
2026-09-28T14:28:28.423Z,A1,item_2528,legitimate,1790605707429,main,,,
2026-09-28T14:28:39.682Z,A1,item_2612,legitimate,1790605718747,main,,,
2026-09-28T14:28:51.715Z,A1,rep__item_2551,legitimate,1790605729977,main,,,
2026-09-28T14:30:07.029Z,A1,item_2379,legitimate,1790605805758,main,,,
2026-09-28T14:30:10.499Z,A1,item_2379,legitimate,1790605805758,main,,,
2026-09-28T14:30:10.499Z,A1,item_2238,legitimate,1790605808902,main,,,
2026-09-28T14:30:13.580Z,A1,item_2379,legitimate,1790605805758,main,,,
2026-09-28T14:30:13.580Z,A1,item_2238,legitimate,1790605808902,main,,,
2026-09-28T14:30:13.580Z,A1,item_2271,legitimate,1790605812717,main,,,
2026-09-28T14:30:19.958Z,A1,item_2291,unsure,1790605819295,main,,,
2026-09-28T14:30:24.671Z,A1,item_2291,unsure,1790605819295,main,,,
2026-09-28T14:30:24.671Z,A1,item_2618,legitimate,1790605824086,main,,,
2026-09-28T14:30:42.691Z,A1,item_2553,legitimate,1790605841804,main,,,
2026-09-28T14:30:47.499Z,A1,item_2252,legitimate,1790605846491,main,,,
2026-09-28T14:30:56.033Z,A1,item_2252,legitimate,1790605846491,main,,,
2026-09-28T14:30:56.033Z,A1,item_2352,legitimate,1790605854962,main,,,
2026-09-28T14:31:00.414Z,A1,item_2657,legitimate,1790605859698,main,,,
2026-09-28T14:31:04.860Z,A1,item_2657,legitimate,1790605859698,main,,,
2026-09-28T14:31:04.860Z,A1,item_2385,legitimate,1790605863473,main,,,
2026-09-28T14:31:17.524Z,A1,item_2477,annoying,1790605876465,main,,,
2026-09-28T14:35:52.448Z,A1,item_2519,legitimate,1790606151075,main,,,
2026-09-28T14:36:04.350Z,A1,item_2239,legitimate,1790606163395,main,,,
2026-09-28T14:36:18.775Z,A1,item_2239,legitimate,1790606163395,main,,,
2026-09-28T14:36:18.775Z,A1,item_2387,legitimate,1790606176993,main,,,
2026-09-28T14:36:25.408Z,A1,item_2580,annoying,1790606184227,main,,,
2026-09-28T14:36:51.676Z,A1,item_2316,unsure,1790606210520,main,,,
2026-09-28T14:37:05.548Z,A1,item_2196,annoying,1790606224339,main,,,
2026-09-28T14:41:45.065Z,A1,item_2370,legitimate,1790606503908,main,,,
2026-09-28T14:41:58.623Z,A1,rep__item_2468,legitimate,1790606517632,main,,,
2026-09-28T14:42:22.219Z,A1,item_2587,legitimate,1790606541218,main,,,
2026-09-28T14:42:26.617Z,A1,item_2490,legitimate,1790606545508,main,,,
2026-09-28T14:42:33.516Z,A1,item_2251,legitimate,1790606552541,main,,,
2026-09-28T14:42:37.769Z,A1,item_2393,legitimate,1790606556448,main,,,
2026-09-28T14:47:56.002Z,A1,item_2363,legitimate,1790606874727,main,,,
2026-09-28T14:48:00.476Z,A1,item_2363,legitimate,1790606874727,main,,,
2026-09-28T14:48:00.476Z,A1,item_2273,legitimate,1790606879333,main,,,
2026-09-28T14:48:42.359Z,A1,item_2363,legitimate,1790606874727,main,,,
2026-09-28T14:48:42.359Z,A1,item_2273,legitimate,1790606879333,main,,,
2026-09-28T14:48:42.359Z,A1,item_2365,unsure,1790606918824,main,,,
2026-09-28T14:48:44.034Z,A1,item_2363,legitimate,1790606874727,main,,,
2026-09-28T14:48:44.034Z,A1,item_2273,legitimate,1790606879333,main,,,
2026-09-28T14:48:44.034Z,A1,item_2365,unsure,1790606918824,main,,,
2026-09-28T14:48:44.034Z,A1,item_2423,legitimate,1790606922109,main,,,
2026-09-28T14:48:58.018Z,A1,item_2384,annoying,1790606937143,main,,,
2026-09-28T14:49:07.240Z,A1,item_2384,annoying,1790606937143,main,,,
2026-09-28T14:49:07.240Z,A1,item_2210,legitimate,1790606946427,main,,,
2026-09-28T14:49:13.950Z,A1,item_2384,annoying,1790606937143,main,,,
2026-09-28T14:49:13.950Z,A1,item_2210,legitimate,1790606946427,main,,,
2026-09-28T14:49:13.950Z,A1,item_2331,annoying,1790606953044,main,,,
2026-09-28T14:49:19.547Z,A1,item_2395,legitimate,1790606958736,main,,,
2026-09-28T14:49:32.644Z,A1,item_2438,legitimate,1790606971740,main,,,
2026-09-28T14:49:45.429Z,A1,item_2438,legitimate,1790606971740,main,,,
2026-09-28T14:49:45.429Z,A1,item_2480,legitimate,1790606981029,main,,,
2026-09-28T14:49:50.378Z,A1,rep__item_2631,legitimate,1790606989334,main,,,
2026-09-28T14:52:08.779Z,A5,sm:test:item_2109,strawman,1790607127404,strawman-test,,,
2026-09-28T14:52:17.131Z,A5,sm:dev:item_1963,strawman,1790607136344,strawman-dev,,,
2026-09-28T14:52:23.185Z,A5,sm:test:item_2095,strawman,1790607142338,strawman-test,,,
2026-09-28T14:52:31.090Z,A5,sm:dev:item_2096,unsure,1790607150175,strawman-dev,,,
2026-09-28T14:52:35.246Z,A1,item_2372,legitimate,1790607154287,main,,,
2026-09-28T14:52:36.773Z,A5,sm:dev:item_2096,unsure,1790607150175,strawman-dev,,,
2026-09-28T14:52:36.773Z,A5,sm:test:item_2031,unsure,1790607156157,strawman-test,,,
2026-09-28T14:52:41.395Z,A1,item_2509,legitimate,1790607159813,main,,,
2026-09-28T14:52:41.795Z,A5,sm:test:item_2094,strawman,1790607161177,strawman-test,,,
2026-09-28T14:52:45.774Z,A1,item_2509,legitimate,1790607159813,main,,,
2026-09-28T14:52:45.774Z,A1,item_2629,legitimate,1790607164727,main,,,
2026-09-28T14:52:50.114Z,A5,sm:test:item_2094,strawman,1790607161177,strawman-test,,,
2026-09-28T14:52:50.114Z,A5,sm:test:item_1733,strawman,1790607169597,strawman-test,,,
2026-09-28T14:52:51.101Z,A1,item_2427,legitimate,1790607170095,main,,,
2026-09-28T14:53:28.924Z,A1,item_2211,unsure,1790607207595,main,,,
2026-09-28T14:53:33.707Z,A1,item_2211,unsure,1790607207595,main,,,
2026-09-28T14:53:33.707Z,A1,item_2222,legitimate,1790607212646,main,,,
2026-09-28T14:53:43.512Z,A1,item_2615,legitimate,1790607222352,main,,,
2026-09-28T14:53:47.261Z,A1,rep__item_2408,legitimate,1790607226327,main,,,
2026-09-28T14:53:53.002Z,A1,item_2366,legitimate,1790607232030,main,,,
2026-09-28T14:54:08.816Z,A1,item_2366,legitimate,1790607232030,main,,,
2026-09-28T14:54:08.816Z,A1,item_2270,legitimate,1790607247168,main,,,
2026-09-28T14:54:11.528Z,A1,item_2366,legitimate,1790607232030,main,,,
2026-09-28T14:54:11.528Z,A1,item_2270,legitimate,1790607247168,main,,,
2026-09-28T14:54:11.528Z,A1,item_2472,legitimate,1790607250575,main,,,
2026-09-28T14:54:17.743Z,A1,item_2366,legitimate,1790607232030,main,,,
2026-09-28T14:54:17.743Z,A1,item_2270,legitimate,1790607247168,main,,,
2026-09-28T14:54:17.743Z,A1,item_2472,legitimate,1790607250575,main,,,
2026-09-28T14:54:17.743Z,A1,item_2501,legitimate,1790607256577,main,,,
2026-09-28T14:54:21.067Z,A1,item_2419,legitimate,1790607260266,main,,,
2026-09-28T14:54:32.366Z,A1,item_2419,legitimate,1790607260266,main,,,
2026-09-28T14:54:32.366Z,A1,item_2453,annoying,1790607271226,main,,,
2026-09-28T14:56:32.652Z,A1,item_2517,legitimate,1790607391407,main,,,
2026-09-28T14:57:09.034Z,A1,item_2489,unsure,1790607427954,main,,,
2026-09-28T14:57:14.360Z,A1,item_2489,unsure,1790607427954,main,,,
2026-09-28T14:57:14.360Z,A1,rep__item_2512,legitimate,1790607433446,main,,,
2026-09-28T14:57:35.719Z,A1,item_2414,legitimate,1790607454202,main,,,
2026-09-28T14:57:38.412Z,A1,item_2414,legitimate,1790607454202,main,,,
2026-09-28T14:57:38.412Z,A1,item_2516,legitimate,1790607457388,main,,,
2026-09-28T14:57:41.747Z,A1,item_2414,legitimate,1790607454202,main,,,
2026-09-28T14:57:41.747Z,A1,item_2516,legitimate,1790607457388,main,,,
2026-09-28T14:57:41.747Z,A1,item_2383,legitimate,1790607460384,main,,,
2026-09-28T14:57:43.783Z,A1,item_2414,legitimate,1790607454202,main,,,
2026-09-28T14:57:43.783Z,A1,item_2516,legitimate,1790607457388,main,,,
2026-09-28T14:57:43.783Z,A1,item_2383,legitimate,1790607460384,main,,,
2026-09-28T14:57:43.783Z,A1,item_2359,legitimate,1790607463103,main,,,
2026-09-28T14:57:49.213Z,A1,item_2414,legitimate,1790607454202,main,,,
2026-09-28T14:57:49.213Z,A1,item_2516,legitimate,1790607457388,main,,,
2026-09-28T14:57:49.213Z,A1,item_2383,legitimate,1790607460384,main,,,
2026-09-28T14:57:49.213Z,A1,item_2359,legitimate,1790607463103,main,,,
2026-09-28T14:57:49.213Z,A1,rep__item_2338,legitimate,1790607467395,main,,,
2026-09-28T14:57:51.694Z,A1,item_2414,legitimate,1790607454202,main,,,
2026-09-28T14:57:51.694Z,A1,item_2516,legitimate,1790607457388,main,,,
2026-09-28T14:57:51.694Z,A1,item_2383,legitimate,1790607460384,main,,,
2026-09-28T14:57:51.694Z,A1,item_2359,legitimate,1790607463103,main,,,
2026-09-28T14:57:51.694Z,A1,rep__item_2338,legitimate,1790607467395,main,,,
2026-09-28T14:57:51.694Z,A1,item_2347,legitimate,1790607470431,main,,,
2026-09-28T14:57:57.665Z,A1,item_2403,legitimate,1790607476967,main,,,
2026-09-28T14:58:06.479Z,A1,item_2562,legitimate,1790607485116,main,,,
2026-09-28T14:58:10.037Z,A1,rep__item_2350,legitimate,1790607488893,main,,,
2026-09-28T14:58:14.408Z,A1,item_2234,legitimate,1790607493221,main,,,
2026-09-28T14:58:21.567Z,A1,item_2234,legitimate,1790607493221,main,,,
2026-09-28T14:58:21.567Z,A1,item_2605,legitimate,1790607500697,main,,,
2026-09-28T15:05:41.656Z,A1,item_2234,legitimate,1790607493221,main,,,
2026-09-28T15:05:41.656Z,A1,item_2605,legitimate,1790607500697,main,,,
2026-09-28T15:05:41.656Z,A1,item_2502,legitimate,1790607940339,main,,,
2026-09-28T15:06:05.074Z,A1,item_2361,legitimate,1790607963890,main,,,
2026-09-28T15:06:14.315Z,A1,item_2647,legitimate,1790607973368,main,,,
2026-09-28T15:06:17.758Z,A1,item_2398,legitimate,1790607976677,main,,,
2026-09-28T15:06:25.524Z,A1,item_2390,legitimate,1790607984454,main,,,
2026-09-28T15:06:28.599Z,A1,item_2390,legitimate,1790607984454,main,,,
2026-09-28T15:06:28.599Z,A1,item_2670,legitimate,1790607987365,main,,,
2026-09-28T15:06:33.862Z,A1,item_2369,legitimate,1790607992712,main,,,
2026-09-28T15:06:36.223Z,A1,item_2369,legitimate,1790607992712,main,,,
2026-09-28T15:06:36.223Z,A1,item_2434,legitimate,1790607995475,main,,,
2026-09-28T15:06:44.397Z,A1,item_2626,legitimate,1790608003416,main,,,
2026-09-28T15:06:55.123Z,A1,rep__item_2560,legitimate,1790608014093,main,,,
2026-09-28T15:07:06.680Z,A1,rep__item_2664,annoying,1790608025729,main,,,
2026-09-28T15:16:04.378Z,A1,item_2643,legitimate,1790608563258,main,,,
2026-09-28T15:16:14.175Z,A1,item_2643,legitimate,1790608563258,main,,,
2026-09-28T15:16:14.175Z,A1,item_2230,annoying,1790608573313,main,,,
2026-09-28T15:16:20.173Z,A1,item_2643,legitimate,1790608563258,main,,,
2026-09-28T15:16:20.173Z,A1,item_2230,annoying,1790608573313,main,,,
2026-09-28T15:16:20.173Z,A1,item_2668,legitimate,1790608578686,main,,,
2026-09-28T15:16:23.366Z,A1,item_2643,legitimate,1790608563258,main,,,
2026-09-28T15:16:23.366Z,A1,item_2230,annoying,1790608573313,main,,,
2026-09-28T15:16:23.366Z,A1,item_2668,legitimate,1790608578686,main,,,
2026-09-28T15:16:23.366Z,A1,item_2405,legitimate,1790608582491,main,,,
2026-09-28T15:16:31.248Z,A1,item_2643,legitimate,1790608563258,main,,,
2026-09-28T15:16:31.248Z,A1,item_2230,annoying,1790608573313,main,,,
2026-09-28T15:16:31.248Z,A1,item_2668,legitimate,1790608578686,main,,,
2026-09-28T15:16:31.248Z,A1,item_2405,legitimate,1790608582491,main,,,
2026-09-28T15:16:31.248Z,A1,item_2454,legitimate,1790608590200,main,,,
2026-09-28T15:16:38.391Z,A1,item_2643,legitimate,1790608563258,main,,,
2026-09-28T15:16:38.391Z,A1,item_2230,annoying,1790608573313,main,,,
2026-09-28T15:16:38.391Z,A1,item_2668,legitimate,1790608578686,main,,,
2026-09-28T15:16:38.391Z,A1,item_2405,legitimate,1790608582491,main,,,
2026-09-28T15:16:38.391Z,A1,item_2454,legitimate,1790608590200,main,,,
2026-09-28T15:16:38.391Z,A1,rep__item_2613,legitimate,1790608597538,main,,,
2026-09-28T15:16:42.563Z,A1,item_2439,legitimate,1790608601653,main,,,
2026-09-28T15:16:47.827Z,A1,item_2543,legitimate,1790608607085,main,,,
2026-09-28T15:16:51.702Z,A1,item_2543,legitimate,1790608607085,main,,,
2026-09-28T15:16:51.702Z,A1,item_2640,legitimate,1790608610860,main,,,
2026-09-28T15:16:54.855Z,A1,item_2543,legitimate,1790608607085,main,,,
2026-09-28T15:16:54.855Z,A1,item_2640,legitimate,1790608610860,main,,,
2026-09-28T15:16:54.855Z,A1,item_2261,legitimate,1790608613905,main,,,
2026-09-28T15:16:59.748Z,A1,item_2266,legitimate,1790608618825,main,,,
2026-09-28T15:53:44.756Z,A5,sm:test:item_1918,strawman,1790610823927,strawman-test,,,
2026-09-28T15:53:57.154Z,A5,sm:test:item_1801,strawman,1790610835696,strawman-test,,,
2026-09-28T15:54:07.486Z,A5,sm:dev:item_2024,strawman,1790610846695,strawman-dev,,,
2026-09-28T15:54:12.891Z,A5,sm:dev:item_2024,strawman,1790610846695,strawman-dev,,,
2026-09-28T15:54:12.891Z,A5,sm:test:item_1907,not_strawman,1790610852317,strawman-test,,,
2026-09-28T15:54:21.932Z,A5,sm:dev:item_2024,strawman,1790610846695,strawman-dev,,,
2026-09-28T15:54:21.932Z,A5,sm:test:item_1907,not_strawman,1790610852317,strawman-test,,,
2026-09-28T15:54:21.932Z,A5,sm:test:item_2112,not_strawman,1790610861285,strawman-test,,,
2026-09-28T15:54:29.592Z,A5,sm:test:item_2049,strawman,1790610865413,strawman-test,,,
2026-09-28T15:54:30.348Z,A5,sm:test:item_1818,strawman,1790610869298,strawman-test,,,
2026-09-28T15:54:34.543Z,A5,sm:test:item_2033,strawman,1790610874033,strawman-test,,,
2026-09-28T15:54:38.232Z,A5,sm:test:item_1887,strawman,1790610877626,strawman-test,,,
2026-09-28T15:54:45.308Z,A1,item_2658,legitimate,1790610884441,main,,,
2026-09-28T15:54:53.471Z,A5,sm:test:item_2057,strawman,1790610892972,strawman-test,,,
2026-09-28T15:55:04.056Z,A5,sm:test:item_1736,strawman,1790610903209,strawman-test,,,
2026-09-28T15:55:06.348Z,A1,item_2586,annoying,1790610903046,main,,,
2026-09-28T15:55:49.965Z,A1,rep__item_2433,annoying,1790610948902,main,,,
2026-09-28T15:55:58.575Z,A1,item_2564,legitimate,1790610957512,main,,,
2026-09-28T15:56:21.534Z,A1,item_2645,legitimate,1790610980731,main,,,
2026-09-28T15:56:45.308Z,A1,item_2498,unsure,1790611004305,main,,,
2026-09-28T15:56:57.584Z,A1,item_2260,legitimate,1790611014853,main,,,
2026-09-28T15:56:59.432Z,A1,item_2260,legitimate,1790611014853,main,,,
2026-09-28T15:56:59.432Z,A1,item_2675,legitimate,1790611018245,main,,,
2026-09-28T15:57:02.957Z,A1,item_2269,legitimate,1790611021760,main,,,
2026-09-28T15:59:32.422Z,A1,item_2358,legitimate,1790611171328,main,,,
2026-09-28T15:59:37.961Z,A1,item_2358,legitimate,1790611171328,main,,,
2026-09-28T15:59:37.961Z,A1,item_2633,legitimate,1790611177350,main,,,
2026-09-28T15:59:52.929Z,A1,item_2610,legitimate,1790611191886,main,,,
2026-09-28T15:59:59.337Z,A1,item_2610,legitimate,1790611191886,main,,,
2026-09-28T15:59:59.337Z,A1,item_2332,legitimate,1790611198319,main,,,
2026-09-28T16:00:09.106Z,A1,item_2374,annoying,1790611208189,main,,,
2026-09-28T16:00:16.819Z,A1,item_2508,legitimate,1790611215928,main,,,
2026-09-28T16:00:19.554Z,A1,item_2508,legitimate,1790611215928,main,,,
2026-09-28T16:00:19.554Z,A1,item_2491,legitimate,1790611218418,main,,,
2026-09-28T16:00:33.839Z,A1,item_2296,legitimate,1790611232135,main,,,
2026-09-28T16:00:37.257Z,A1,item_2296,legitimate,1790611232135,main,,,
2026-09-28T16:00:37.257Z,A1,item_2355,legitimate,1790611236497,main,,,
2026-09-28T16:00:42.656Z,A1,item_2272,legitimate,1790611241759,main,,,
2026-09-28T16:00:58.432Z,A1,item_2518,legitimate,1790611257549,main,,,
2026-09-28T16:03:57.110Z,A1,item_2518,legitimate,1790611257549,main,,,
2026-09-28T16:03:57.110Z,A1,item_2503,legitimate,1790611436049,main,,,
2026-09-28T16:04:08.926Z,A1,item_2205,legitimate,1790611447771,main,,,
2026-09-28T16:04:16.337Z,A1,item_2488,legitimate,1790611454951,main,,,
2026-09-28T16:04:31.992Z,A1,item_2488,legitimate,1790611454951,main,,,
2026-09-28T16:04:31.992Z,A1,item_2301,legitimate,1790611468902,main,,,
2026-09-28T16:04:34.300Z,A1,item_2488,legitimate,1790611454951,main,,,
2026-09-28T16:04:34.300Z,A1,item_2301,legitimate,1790611468902,main,,,
2026-09-28T16:04:34.300Z,A1,item_2267,legitimate,1790611473292,main,,,
2026-09-28T16:04:44.850Z,A1,item_2469,legitimate,1790611483796,main,,,
2026-09-28T16:04:49.586Z,A1,item_2469,legitimate,1790611483796,main,,,
2026-09-28T16:04:49.586Z,A1,item_2671,legitimate,1790611488691,main,,,
2026-09-28T16:10:51.003Z,A1,item_2192,legitimate,1790611849591,main,,,
2026-09-28T16:10:57.646Z,A1,item_2282,annoying,1790611856531,main,,,
2026-09-28T16:14:45.831Z,zz-test-claude-auth,auth:auth_0086,human,1790612084903,authorship,,,
2026-09-28T16:14:45.831Z,zz-test-claude-auth,auth:auth_0042,llm,1790612085153,authorship,,,
2026-09-28T16:14:46.185Z,zz-test-claude-auth,auth:auth_0086,human,1790612084903,authorship,,,
2026-09-28T16:14:46.522Z,zz-test-claude-auth,auth:auth_0086,human,1790612084903,authorship,,,
2026-09-28T16:14:46.522Z,zz-test-claude-auth,auth:auth_0042,llm,1790612085153,authorship,,,
2026-09-28T16:14:46.522Z,zz-test-claude-auth,auth:auth_0010,probably_llm,1790612085401,authorship,,,
2026-09-28T16:14:47.265Z,A1,item_2287,legitimate,1790612086379,main,,,
2026-09-28T16:15:02.939Z,A1,item_2499,legitimate,1790612101389,main,,,
2026-09-28T16:15:09.939Z,A1,item_2499,legitimate,1790612101389,main,,,
2026-09-28T16:15:09.939Z,A1,item_2533,legitimate,1790612109105,main,,,
2026-09-28T16:15:15.092Z,A1,item_2534,legitimate,1790612111606,main,,,
2026-09-28T16:15:35.123Z,A1,item_2529,unsure,1790612133980,main,,,
2026-09-28T16:15:38.651Z,A1,item_2529,unsure,1790612133980,main,,,
2026-09-28T16:15:38.651Z,A1,rep__item_2242,legitimate,1790612137479,main,,,
2026-09-28T16:15:53.211Z,A1,item_2529,unsure,1790612133980,main,,,
2026-09-28T16:15:53.211Z,A1,rep__item_2242,legitimate,1790612137479,main,,,
2026-09-28T16:15:53.211Z,A1,item_2680,legitimate,1790612152191,main,,,
2026-09-28T16:16:01.681Z,A1,item_2529,unsure,1790612133980,main,,,
2026-09-28T16:16:01.681Z,A1,rep__item_2242,legitimate,1790612137479,main,,,
2026-09-28T16:16:01.681Z,A1,item_2680,legitimate,1790612152191,main,,,
2026-09-28T16:16:01.681Z,A1,item_2549,legitimate,1790612160776,main,,,
2026-09-28T16:16:13.552Z,A1,rep__item_2329,unsure,1790612172526,main,,,
2026-09-28T16:16:23.923Z,A1,item_2406,annoying,1790612183130,main,,,
2026-09-28T16:16:33.109Z,A1,item_2406,annoying,1790612183130,main,,,
2026-09-28T16:16:33.109Z,A1,item_2443,legitimate,1790612191990,main,,,
2026-09-28T16:18:53.745Z,A1,item_2406,annoying,1790612183130,main,,,
2026-09-28T16:18:53.745Z,A1,item_2443,legitimate,1790612191990,main,,,
2026-09-28T16:18:53.745Z,A1,rep__item_2684,legitimate,1790612332457,main,,,
2026-09-28T16:19:02.005Z,A1,item_2250,legitimate,1790612341102,main,,,
2026-09-28T16:19:04.568Z,A1,item_2250,legitimate,1790612341102,main,,,
2026-09-28T16:19:04.568Z,A1,item_2302,legitimate,1790612343801,main,,,
2026-09-28T16:19:20.839Z,A1,item_2243,legitimate,1790612360023,main,,,
2026-09-28T16:19:24.460Z,A1,item_2616,legitimate,1790612363467,main,,,
2026-09-28T16:19:47.548Z,A1,item_2532,legitimate,1790612386642,main,,,
2026-09-28T16:19:54.768Z,A1,item_2356,legitimate,1790612393611,main,,,
2026-09-28T16:19:57.695Z,A1,item_2356,legitimate,1790612393611,main,,,
2026-09-28T16:19:57.695Z,A1,rep__item_2298,legitimate,1790612396799,main,,,
2026-09-28T16:20:09.625Z,A1,item_2526,annoying,1790612408944,main,,,
2026-09-28T16:20:13.626Z,A1,item_2527,legitimate,1790612412586,main,,,
2026-09-28T16:20:15.836Z,A1,item_2527,legitimate,1790612412586,main,,,
2026-09-28T16:20:15.836Z,A1,rep__item_2557,legitimate,1790612415054,main,,,
2026-09-28T16:20:21.047Z,A1,item_2277,legitimate,1790612419768,main,,,
2026-09-28T16:20:26.168Z,A1,item_2421,legitimate,1790612425060,main,,,
2026-09-28T16:20:32.345Z,A1,item_2193,legitimate,1790612431382,main,,,
2026-09-28T16:20:35.048Z,A1,item_2193,legitimate,1790612431382,main,,,
2026-09-28T16:20:35.048Z,A1,item_2504,legitimate,1790612434024,main,,,
2026-09-28T16:20:38.657Z,A1,item_2255,legitimate,1790612437579,main,,,
2026-09-28T16:20:41.623Z,A1,item_2255,legitimate,1790612437579,main,,,
2026-09-28T16:20:41.623Z,A1,item_2263,legitimate,1790612440677,main,,,
2026-09-28T16:20:46.265Z,A1,item_2538,legitimate,1790612445077,main,,,
2026-09-28T16:22:40.424Z,A1,rep__item_2588,legitimate,1790612559152,main,,,
2026-09-28T16:22:47.169Z,A1,rep__item_2588,legitimate,1790612559152,main,,,
2026-09-28T16:22:47.169Z,A1,item_2289,legitimate,1790612566101,main,,,
2026-09-28T16:22:49.177Z,A1,rep__item_2588,legitimate,1790612559152,main,,,
2026-09-28T16:22:49.177Z,A1,item_2289,legitimate,1790612566101,main,,,
2026-09-28T16:22:49.177Z,A1,item_2237,legitimate,1790612568342,main,,,
2026-09-28T16:22:57.832Z,A1,item_2614,legitimate,1790612577159,main,,,
2026-09-28T16:23:01.388Z,A1,rep__item_2256,legitimate,1790612580086,main,,,
2026-09-28T16:23:04.418Z,A1,item_2218,legitimate,1790612583379,main,,,
2026-09-28T16:23:28.697Z,A1,item_2292,unsure,1790612607698,main,,,
2026-09-28T16:23:35.575Z,A1,item_2292,unsure,1790612607698,main,,,
2026-09-28T16:23:35.575Z,A1,rep__item_2609,legitimate,1790612612133,main,,,
2026-09-28T16:23:56.029Z,A1,item_2292,unsure,1790612607698,main,,,
2026-09-28T16:23:56.029Z,A1,rep__item_2609,legitimate,1790612612133,main,,,
2026-09-28T16:23:56.029Z,A1,item_2343,annoying,1790612634833,main,,,
2026-09-28T16:24:03.210Z,A1,item_2248,legitimate,1790612642471,main,,,
2026-09-28T16:24:08.815Z,A1,item_2312,legitimate,1790612647871,main,,,
2026-09-28T16:24:11.404Z,A1,item_2312,legitimate,1790612647871,main,,,
2026-09-28T16:24:11.404Z,A1,item_2559,legitimate,1790612650426,main,,,
2026-09-28T16:24:18.260Z,A1,item_2312,legitimate,1790612647871,main,,,
2026-09-28T16:24:18.260Z,A1,item_2559,legitimate,1790612650426,main,,,
2026-09-28T16:24:18.260Z,A1,item_2636,legitimate,1790612656743,main,,,
2026-09-28T16:24:25.894Z,A1,item_2440,legitimate,1790612664857,main,,,
2026-09-28T16:25:45.901Z,A1,item_2625,legitimate,1790612744518,main,,,
2026-09-28T16:25:51.165Z,A1,item_2313,legitimate,1790612750281,main,,,
2026-09-28T16:25:58.154Z,A1,item_2345,legitimate,1790612756264,main,,,
2026-09-28T16:26:00.800Z,A1,item_2345,legitimate,1790612756264,main,,,
2026-09-28T16:26:00.800Z,A1,item_2278,legitimate,1790612760128,main,,,
2026-09-28T16:26:19.470Z,A1,item_2594,annoying,1790612778011,main,,,
2026-09-28T16:26:23.684Z,A1,item_2594,annoying,1790612778011,main,,,
2026-09-28T16:26:23.684Z,A1,item_2337,legitimate,1790612781968,main,,,
2026-09-28T16:26:30.014Z,A1,item_2594,annoying,1790612778011,main,,,
2026-09-28T16:26:30.014Z,A1,item_2337,legitimate,1790612781968,main,,,
2026-09-28T16:26:30.014Z,A1,item_2506,legitimate,1790612788559,main,,,
2026-09-28T16:26:36.537Z,A1,item_2594,annoying,1790612778011,main,,,
2026-09-28T16:26:36.537Z,A1,item_2337,legitimate,1790612781968,main,,,
2026-09-28T16:26:36.537Z,A1,item_2506,legitimate,1790612788559,main,,,
2026-09-28T16:26:36.537Z,A1,item_2348,legitimate,1790612795581,main,,,
2026-09-28T16:26:40.752Z,A1,rep__item_2326,legitimate,1790612800068,main,,,
2026-09-28T16:26:46.477Z,A1,item_2294,legitimate,1790612805270,main,,,
2026-09-28T16:26:48.439Z,A1,item_2294,legitimate,1790612805270,main,,,
2026-09-28T16:26:48.439Z,A1,item_2276,legitimate,1790612807589,main,,,
2026-09-28T16:26:54.324Z,A1,item_2570,legitimate,1790612813556,main,,,
2026-09-28T16:26:59.109Z,A1,item_2570,legitimate,1790612813556,main,,,
2026-09-28T16:26:59.109Z,A1,item_2505,legitimate,1790612818321,main,,,
2026-09-28T16:28:17.649Z,A1,item_2554,legitimate,1790612896609,main,,,
2026-09-28T16:28:24.348Z,A1,item_2554,legitimate,1790612896609,main,,,
2026-09-28T16:28:24.348Z,A1,item_2617,legitimate,1790612902539,main,,,
2026-09-28T16:28:31.889Z,A1,item_2619,legitimate,1790612909895,main,,,
2026-09-28T16:28:36.684Z,A1,item_2619,legitimate,1790612909895,main,,,
2026-09-28T16:28:36.684Z,A1,item_2320,legitimate,1790612915508,main,,,
2026-09-28T16:28:38.518Z,A1,item_2619,legitimate,1790612909895,main,,,
2026-09-28T16:28:38.518Z,A1,item_2320,legitimate,1790612915508,main,,,
2026-09-28T16:28:38.518Z,A1,item_2400,legitimate,1790612917639,main,,,
2026-09-28T16:28:40.766Z,A1,item_2619,legitimate,1790612909895,main,,,
2026-09-28T16:28:40.766Z,A1,item_2320,legitimate,1790612915508,main,,,
2026-09-28T16:28:40.766Z,A1,item_2400,legitimate,1790612917639,main,,,
2026-09-28T16:28:40.766Z,A1,item_2309,legitimate,1790612919741,main,,,
2026-09-28T16:28:44.932Z,A1,item_2619,legitimate,1790612909895,main,,,
2026-09-28T16:28:44.932Z,A1,item_2320,legitimate,1790612915508,main,,,
2026-09-28T16:28:44.932Z,A1,item_2400,legitimate,1790612917639,main,,,
2026-09-28T16:28:44.932Z,A1,item_2309,legitimate,1790612919741,main,,,
2026-09-28T16:28:44.932Z,A1,item_2227,legitimate,1790612923456,main,,,
2026-09-28T16:30:00.045Z,A1,item_2619,legitimate,1790612909895,main,,,
2026-09-28T16:30:00.045Z,A1,item_2320,legitimate,1790612915508,main,,,
2026-09-28T16:30:00.045Z,A1,item_2400,legitimate,1790612917639,main,,,
2026-09-28T16:30:00.045Z,A1,item_2309,legitimate,1790612919741,main,,,
2026-09-28T16:30:00.045Z,A1,item_2227,legitimate,1790612923456,main,,,
2026-09-28T16:30:00.045Z,A1,item_2451,legitimate,1790612999063,main,,,
2026-09-28T16:30:05.724Z,A1,item_2511,legitimate,1790613004873,main,,,
2026-09-28T16:30:10.737Z,A1,item_2381,legitimate,1790613009706,main,,,
2026-09-28T16:30:18.154Z,A1,item_2381,legitimate,1790613009706,main,,,
2026-09-28T16:30:18.154Z,A1,item_2522,legitimate,1790613017221,main,,,
2026-09-28T16:30:22.282Z,A1,item_2334,annoying,1790613021445,main,,,
2026-09-28T16:31:33.604Z,A1,item_2592,legitimate,1790613092322,main,,,
2026-09-28T16:31:36.257Z,A1,item_2305,legitimate,1790613095355,main,,,
2026-09-28T16:31:44.121Z,A1,item_2598,legitimate,1790613103084,main,,,
2026-09-28T16:31:51.559Z,A1,rep__item_2596,legitimate,1790613107198,main,,,
2026-09-28T16:31:56.110Z,A1,rep__item_2596,legitimate,1790613107198,main,,,
2026-09-28T16:31:56.110Z,A1,rep__item_2555,legitimate,1790613114635,main,,,
2026-09-28T16:31:58.639Z,A1,rep__item_2596,legitimate,1790613107198,main,,,
2026-09-28T16:31:58.639Z,A1,rep__item_2555,legitimate,1790613114635,main,,,
2026-09-28T16:31:58.639Z,A1,item_2200,legitimate,1790613117772,main,,,
2026-09-28T16:32:04.124Z,A1,rep__item_2215,legitimate,1790613123287,main,,,
2026-09-28T16:32:25.139Z,A1,item_2646,unsure,1790613143486,main,,,
2026-09-28T16:32:35.808Z,A1,item_2339,annoying,1790613154671,main,,,
2026-09-28T16:32:42.268Z,A1,item_2339,annoying,1790613154671,main,,,
2026-09-28T16:32:42.268Z,A1,item_2561,legitimate,1790613161460,main,,,
2026-09-28T16:33:29.760Z,A1,item_2410,unsure,1790613208817,main,,,
2026-09-28T16:33:32.906Z,A1,item_2410,unsure,1790613208817,main,,,
2026-09-28T16:33:32.906Z,A1,item_2478,legitimate,1790613211983,main,,,
2026-09-28T16:33:38.309Z,A1,item_2410,unsure,1790613208817,main,,,
2026-09-28T16:33:38.309Z,A1,item_2478,legitimate,1790613211983,main,,,
2026-09-28T16:33:38.309Z,A1,item_2581,legitimate,1790613217355,main,,,
2026-09-28T16:33:59.258Z,A1,item_2340,annoying,1790613238206,main,,,
2026-09-28T16:34:02.457Z,A1,item_2340,annoying,1790613238206,main,,,
2026-09-28T16:34:02.457Z,A1,item_2197,legitimate,1790613241745,main,,,
2026-09-28T16:34:14.993Z,A1,rep__item_2573,unsure,1790613254245,main,,,
2026-09-28T16:34:28.313Z,A1,rep__item_2573,unsure,1790613254245,main,,,
2026-09-28T16:34:28.313Z,A1,item_2240,legitimate,1790613267213,main,,,
2026-09-28T16:34:31.881Z,A1,item_2189,legitimate,1790613270980,main,,,
2026-09-28T16:34:39.115Z,A1,item_2455,legitimate,1790613278143,main,,,
2026-09-28T16:34:59.195Z,A1,item_2535,legitimate,1790613298297,main,,,
2026-09-28T16:35:09.227Z,A1,item_2535,legitimate,1790613298297,main,,,
2026-09-28T16:35:09.227Z,A1,item_2290,legitimate,1790613308225,main,,,
2026-09-28T16:35:12.975Z,A1,item_2199,legitimate,1790613311973,main,,,
2026-09-28T16:35:17.568Z,A1,item_2441,legitimate,1790613315489,main,,,
2026-09-28T16:35:25.243Z,A1,item_2441,legitimate,1790613315489,main,,,
2026-09-28T16:35:25.243Z,A1,item_2376,legitimate,1790613323680,main,,,
2026-09-28T16:35:34.483Z,A1,item_2432,legitimate,1790613333580,main,,,
2026-09-28T16:35:39.455Z,A1,item_2432,legitimate,1790613333580,main,,,
2026-09-28T16:35:39.455Z,A1,item_2475,legitimate,1790613338361,main,,,
2026-09-28T16:35:50.356Z,A1,item_2394,legitimate,1790613349373,main,,,
2026-09-28T16:35:53.651Z,A1,item_2394,legitimate,1790613349373,main,,,
2026-09-28T16:35:53.651Z,A1,item_2226,legitimate,1790613352239,main,,,
2026-09-28T16:36:10.649Z,A1,rep__item_2686,legitimate,1790613370040,main,,,
2026-09-28T16:36:29.557Z,A1,item_2466,unsure,1790613388689,main,,,
2026-09-28T16:38:02.866Z,A1,rep__item_2577,unsure,1790613481426,main,,,
2026-09-28T16:38:25.423Z,A1,item_2288,legitimate,1790613504183,main,,,
2026-09-28T16:38:38.205Z,A1,item_2558,legitimate,1790613517269,main,,,
2026-09-28T16:38:54.240Z,A1,item_2635,legitimate,1790613533382,main,,,
2026-09-28T16:38:58.534Z,A1,item_2542,legitimate,1790613537634,main,,,
2026-09-28T16:39:03.319Z,A1,item_2584,legitimate,1790613542358,main,,,
2026-09-28T16:39:13.388Z,A1,item_2293,legitimate,1790613552114,main,,,
2026-09-28T16:39:21.983Z,A1,item_2494,legitimate,1790613561050,main,,,
2026-09-28T16:39:32.841Z,A1,item_2280,unsure,1790613572064,main,,,
2026-09-28T16:39:43.793Z,A1,item_2622,legitimate,1790613582874,main,,,
2026-09-28T16:39:53.386Z,A1,item_2628,legitimate,1790613590074,main,,,
2026-09-28T16:39:57.576Z,A1,item_2457,legitimate,1790613596813,main,,,
2026-09-28T16:40:03.250Z,A1,item_2244,legitimate,1790613602354,main,,,
2026-09-28T16:40:11.414Z,A1,rep__item_2548,legitimate,1790613608983,main,,,
2026-09-28T16:40:30.684Z,A1,item_2428,legitimate,1790613629344,main,,,
2026-09-28T16:40:34.407Z,A1,item_2428,legitimate,1790613629344,main,,,
2026-09-28T16:40:34.407Z,A1,rep__item_2416,legitimate,1790613633236,main,,,
2026-09-28T16:40:38.573Z,A1,item_2207,legitimate,1790613637884,main,,,
2026-09-28T16:40:43.122Z,A1,rep__item_2685,legitimate,1790613642224,main,,,
2026-09-28T16:40:55.781Z,A1,item_2447,unsure,1790613654851,main,,,
2026-09-28T16:41:01.152Z,A1,item_2247,legitimate,1790613660397,main,,,
2026-09-28T16:41:08.288Z,A1,rep__item_2591,legitimate,1790613667109,main,,,
2026-09-28T16:41:30.245Z,A1,item_2574,legitimate,1790613689217,main,,,
2026-09-28T16:41:36.990Z,A1,item_2341,legitimate,1790613696040,main,,,
2026-09-28T16:41:42.993Z,A1,item_2407,legitimate,1790613702402,main,,,
2026-09-28T16:41:50.987Z,A1,item_2515,legitimate,1790613710101,main,,,
2026-09-28T16:41:56.222Z,A1,item_2216,legitimate,1790613715204,main,,,
2026-09-28T16:42:01.910Z,A1,item_2259,legitimate,1790613721176,main,,,
2026-09-28T16:42:14.420Z,A1,item_2382,legitimate,1790613733149,main,,,
2026-09-28T16:42:32.864Z,A1,item_2389,legitimate,1790613741310,main,,,
2026-09-28T16:42:32.864Z,A1,item_2595,legitimate,1790613751936,main,,,
2026-09-28T16:42:34.482Z,A1,item_2389,legitimate,1790613741310,main,,,
2026-09-28T16:42:38.606Z,A1,item_2297,legitimate,1790613757662,main,,,
2026-09-28T16:42:41.189Z,A1,item_2297,legitimate,1790613757662,main,,,
2026-09-28T16:42:41.189Z,A1,rep__item_2445,legitimate,1790613760456,main,,,
2026-09-28T16:42:44.011Z,A1,item_2286,legitimate,1790613763172,main,,,
2026-09-28T16:42:47.958Z,A1,item_2286,legitimate,1790613763172,main,,,
2026-09-28T16:42:47.958Z,A1,item_2206,legitimate,1790613767114,main,,,
2026-09-28T16:42:51.496Z,A1,item_2300,legitimate,1790613770458,main,,,
2026-09-28T16:42:54.902Z,A1,rep__item_2323,legitimate,1790613774168,main,,,
2026-09-28T16:42:58.526Z,A1,item_2195,legitimate,1790613777650,main,,,
2026-09-28T16:43:11.045Z,A1,item_2507,annoying,1790613789819,main,,,
2026-09-29T07:32:05.877Z,A3,sm:test:item_2049,not_strawman,1790667124847,strawman-test,,,
2026-09-29T07:32:44.529Z,A3,sm:test:item_1840,strawman,1790667163526,strawman-test,,,
2026-09-29T07:33:16.771Z,A3,sm:test:item_2062,not_strawman,1790667195790,strawman-test,,,
2026-09-29T07:34:01.542Z,A3,sm:test:item_1907,unsure,1790667240517,strawman-test,,,
2026-09-29T07:34:39.597Z,A3,sm:test:item_2129,strawman,1790667278541,strawman-test,,,
2026-09-29T07:35:51.169Z,A3,sm:test:item_1898,unsure,1790667350027,strawman-test,,,
2026-09-29T07:36:12.669Z,A3,sm:test:item_2042,not_strawman,1790667371691,strawman-test,,,
2026-09-29T07:36:56.182Z,A3,sm:test:item_2091,unsure,1790667415018,strawman-test,,,
2026-09-29T07:37:24.480Z,A3,sm:test:item_2122,not_strawman,1790667443466,strawman-test,,,
2026-09-29T07:41:08.340Z,A3,sm:test:item_1870,unsure,1790667666263,strawman-test,,,
2026-09-29T07:41:23.247Z,A3,sm:test:item_1778,strawman,1790667682032,strawman-test,,,
2026-09-29T07:43:12.799Z,A3,sm:test:item_1830,unsure,1790667791686,strawman-test,,,
2026-09-29T07:44:43.128Z,A3,sm:test:item_2063,not_strawman,1790667882053,strawman-test,,,
2026-09-29T07:45:21.830Z,A3,sm:test:item_2064,not_strawman,1790667920764,strawman-test,,,
2026-09-29T07:45:31.872Z,A3,sm:test:item_1833,strawman,1790667931028,strawman-test,,,
2026-09-29T07:46:10.595Z,A3,sm:test:item_1935,not_strawman,1790667969619,strawman-test,,,
2026-09-29T07:46:35.013Z,A3,sm:test:item_2076,unsure,1790667994291,strawman-test,,,
2026-09-29T07:47:04.254Z,A3,sm:dev:item_1999,strawman,1790668023259,strawman-dev,,,
2026-09-29T07:47:42.219Z,A3,sm:test:item_1788,strawman,1790668061106,strawman-test,,,
2026-09-29T07:49:47.060Z,A3,sm:dev:item_1820,strawman,1790668183913,strawman-dev,,,
2026-09-29T07:50:20.819Z,A3,sm:dev:item_1820,strawman,1790668183913,strawman-dev,,,
2026-09-29T07:50:20.819Z,A3,sm:test:item_1754,unsure,1790668219937,strawman-test,,,
2026-09-29T07:51:09.557Z,A3,sm:test:item_1733,unsure,1790668268471,strawman-test,,,
2026-09-29T07:51:22.545Z,A3,sm:test:item_1879,not_strawman,1790668281800,strawman-test,,,
2026-09-29T07:51:37.460Z,A3,sm:test:item_1879,not_strawman,1790668281800,strawman-test,,,
2026-09-29T07:51:37.460Z,A3,sm:test:item_1857,strawman,1790668296367,strawman-test,,,
2026-09-29T07:52:14.200Z,A3,sm:test:item_2134,unsure,1790668333431,strawman-test,,,
2026-09-29T07:52:49.381Z,A3,sm:test:item_2134,unsure,1790668333431,strawman-test,,,
2026-09-29T07:52:49.381Z,A3,sm:dev:item_1220,strawman,1790668368110,strawman-dev,,,
2026-09-29T07:53:11.140Z,A3,sm:dev:item_1723,not_strawman,1790668389438,strawman-dev,,,
2026-09-29T07:53:54.760Z,A3,sm:dev:item_1906,unsure,1790668433694,strawman-dev,,,
2026-09-29T07:54:55.841Z,A3,sm:test:item_2084,unsure,1790668494877,strawman-test,,,
2026-09-29T07:56:05.552Z,A3,sm:test:item_2112,not_strawman,1790668564364,strawman-test,,,
2026-09-29T07:56:20.328Z,A3,sm:test:item_1774,not_strawman,1790668578484,strawman-test,,,
2026-09-29T07:56:44.087Z,A3,sm:test:item_2138,unsure,1790668602156,strawman-test,,,
2026-09-29T07:57:45.049Z,A3,sm:dev:item_1782,strawman,1790668664003,strawman-dev,,,
2026-09-29T07:58:02.499Z,A3,sm:test:item_2025,not_strawman,1790668681555,strawman-test,,,
2026-09-29T07:58:20.322Z,A3,sm:test:item_2025,not_strawman,1790668681555,strawman-test,,,
2026-09-29T07:58:20.322Z,A3,sm:dev:item_2040,not_strawman,1790668699587,strawman-dev,,,
2026-09-29T07:58:59.498Z,A3,sm:test:item_2025,not_strawman,1790668681555,strawman-test,,,
2026-09-29T07:58:59.498Z,A3,sm:dev:item_2040,not_strawman,1790668699587,strawman-dev,,,
2026-09-29T07:58:59.498Z,A3,sm:test:item_1927,not_strawman,1790668738394,strawman-test,,,
2026-09-29T07:59:38.981Z,A3,sm:test:item_1884,strawman,1790668777554,strawman-test,,,
2026-09-29T07:59:58.119Z,A3,sm:test:item_1745,unsure,1790668797306,strawman-test,,,
2026-09-29T08:00:23.328Z,A3,sm:test:item_2034,not_strawman,1790668820073,strawman-test,,,
2026-09-29T12:00:36.551Z,A5,sm:test:item_2128,not_strawman,1790683234513,strawman-test,,,
2026-09-29T12:00:46.576Z,A5,sm:test:item_2128,not_strawman,1790683234513,strawman-test,,,
2026-09-29T12:00:46.576Z,A5,sm:test:item_1864,strawman,1790683244897,strawman-test,,,
2026-09-29T12:00:55.256Z,A5,sm:test:item_2076,unsure,1790683254001,strawman-test,,,
2026-09-29T12:01:00.515Z,A5,sm:test:item_2132,unsure,1790683259712,strawman-test,,,
2026-09-29T12:01:13.850Z,A5,sm:test:item_1872,strawman,1790683269281,strawman-test,,,
2026-09-29T12:01:20.494Z,A5,sm:test:item_1872,strawman,1790683269281,strawman-test,,,
2026-09-29T12:01:20.494Z,A5,sm:test:item_1748,strawman,1790683279280,strawman-test,,,
2026-09-29T12:01:23.032Z,A5,sm:test:item_1778,strawman,1790683282281,strawman-test,,,
2026-09-29T12:01:31.529Z,A5,sm:test:item_1778,strawman,1790683282281,strawman-test,,,
2026-09-29T12:01:31.529Z,A5,sm:test:item_2042,not_strawman,1790683291066,strawman-test,,,
2026-09-29T12:01:38.875Z,A5,sm:test:item_1775,strawman,1790683298139,strawman-test,,,
2026-09-29T12:43:08.175Z,A4,sm:test:item_1801,not_strawman,1790685787224,strawman-test,,,
2026-09-29T12:43:13.610Z,A4,sm:test:item_1857,not_strawman,1790685792587,strawman-test,,,
2026-09-29T12:43:22.231Z,A4,sm:test:item_1857,not_strawman,1790685792587,strawman-test,,,
2026-09-29T12:43:22.231Z,A4,sm:test:item_1945,not_strawman,1790685801349,strawman-test,,,
2026-09-29T12:43:26.069Z,A4,sm:test:item_1857,not_strawman,1790685792587,strawman-test,,,
2026-09-29T12:43:26.069Z,A4,sm:test:item_1945,not_strawman,1790685801349,strawman-test,,,
2026-09-29T12:43:26.069Z,A4,sm:test:item_2070,not_strawman,1790685805203,strawman-test,,,
2026-09-29T14:11:17.597Z,A4,sm:test:item_1801,not_strawman,1790691076392,strawman-test,,,
2026-09-29T14:11:51.555Z,A4,sm:test:item_1801,not_strawman,1790691076392,strawman-test,,,
2026-09-29T14:11:51.555Z,A4,sm:test:item_2029,not_strawman,1790691110368,strawman-test,,,
2026-09-29T14:12:09.115Z,A4,sm:test:item_1801,not_strawman,1790691076392,strawman-test,,,
2026-09-29T14:12:09.115Z,A4,sm:test:item_2029,not_strawman,1790691110368,strawman-test,,,
2026-09-29T14:12:09.115Z,A4,sm:dev:item_1908,unsure,1790691128070,strawman-dev,,,
2026-09-29T14:12:27.801Z,A4,sm:test:item_1922,not_strawman,1790691146935,strawman-test,,,
2026-09-29T14:12:45.390Z,A4,sm:test:item_1922,not_strawman,1790691146935,strawman-test,,,
2026-09-29T14:12:45.390Z,A4,sm:test:item_1841,not_strawman,1790691164085,strawman-test,,,
2026-09-29T14:15:28.869Z,A4,sm:test:item_1922,not_strawman,1790691146935,strawman-test,,,
2026-09-29T14:15:28.869Z,A4,sm:test:item_1841,not_strawman,1790691164085,strawman-test,,,
2026-09-29T14:15:28.869Z,A4,sm:dev:item_1877,unsure,1790691324399,strawman-dev,,,
2026-09-29T14:16:37.903Z,A4,sm:test:item_1922,not_strawman,1790691146935,strawman-test,,,
2026-09-29T14:16:37.903Z,A4,sm:test:item_1841,not_strawman,1790691164085,strawman-test,,,
2026-09-29T14:16:37.903Z,A4,sm:dev:item_1877,unsure,1790691324399,strawman-dev,,,
2026-09-29T14:16:37.903Z,A4,sm:test:item_1875,unsure,1790691396936,strawman-test,,,
2026-09-29T14:16:44.880Z,A4,sm:test:item_1922,not_strawman,1790691146935,strawman-test,,,
2026-09-29T14:16:44.880Z,A4,sm:test:item_1841,not_strawman,1790691164085,strawman-test,,,
2026-09-29T14:16:44.880Z,A4,sm:dev:item_1877,unsure,1790691324399,strawman-dev,,,
2026-09-29T14:16:44.880Z,A4,sm:test:item_1875,unsure,1790691396936,strawman-test,,,
2026-09-29T14:16:44.880Z,A4,sm:test:item_1887,not_strawman,1790691404009,strawman-test,,,
2026-09-29T14:30:49.408Z,A5,sm:test:item_1938,strawman,1790692248417,strawman-test,,,
2026-09-29T14:30:52.773Z,A5,sm:test:item_1938,strawman,1790692248417,strawman-test,,,
2026-09-29T14:30:52.773Z,A5,sm:test:item_2027,strawman,1790692251969,strawman-test,,,
2026-09-29T14:31:01.843Z,A5,sm:test:item_1938,strawman,1790692248417,strawman-test,,,
2026-09-29T14:31:01.843Z,A5,sm:test:item_2027,strawman,1790692251969,strawman-test,,,
2026-09-29T14:31:01.843Z,A5,sm:test:item_1883,strawman,1790692261031,strawman-test,,,
2026-09-29T14:31:10.358Z,A5,sm:test:item_2116,strawman,1790692269153,strawman-test,,,
2026-09-29T14:31:21.102Z,A5,sm:test:item_2116,strawman,1790692269153,strawman-test,,,
2026-09-29T14:31:21.102Z,A5,sm:dev:item_2147,not_strawman,1790692280198,strawman-dev,,,
2026-09-29T14:31:35.640Z,A5,sm:test:item_2063,not_strawman,1790692294626,strawman-test,,,
2026-09-29T14:31:46.876Z,A5,sm:test:item_1870,strawman,1790692306221,strawman-test,,,
2026-09-29T14:31:47.318Z,A4,sm:test:item_1882,unsure,1790692305718,strawman-test,,,
2026-09-29T14:31:56.316Z,A5,sm:test:item_2029,strawman,1790692315317,strawman-test,,,
2026-09-29T14:32:02.209Z,A5,sm:test:item_2037,strawman,1790692321408,strawman-test,,,
2026-09-29T14:32:10.984Z,A4,sm:test:item_2123,not_strawman,1790692330047,strawman-test,,,
2026-09-29T14:32:12.659Z,A5,sm:dev:item_2126,strawman,1790692331949,strawman-dev,,,
2026-09-29T14:32:16.840Z,A5,sm:dev:item_2126,strawman,1790692331949,strawman-dev,,,
2026-09-29T14:32:16.840Z,A5,sm:test:item_1833,strawman,1790692336081,strawman-test,,,
2026-09-29T14:32:26.069Z,A5,sm:dev:item_1906,not_strawman,1790692344980,strawman-dev,,,
2026-09-29T14:32:37.681Z,A4,sm:test:item_2123,not_strawman,1790692330047,strawman-test,,,
2026-09-29T14:32:37.681Z,A4,sm:dev:item_1216,unsure,1790692356895,strawman-dev,,,
2026-09-29T14:32:39.967Z,A5,sm:test:item_1886,strawman,1790692359218,strawman-test,,,
2026-09-29T14:32:45.514Z,A5,sm:test:item_1886,strawman,1790692359218,strawman-test,,,
2026-09-29T14:32:45.514Z,A5,sm:test:item_1764,strawman,1790692364892,strawman-test,,,
2026-09-29T14:32:53.521Z,A5,sm:test:item_2062,strawman,1790692373000,strawman-test,,,
2026-09-29T14:33:04.812Z,A5,sm:test:item_1763,not_strawman,1790692384180,strawman-test,,,
2026-09-29T14:33:13.928Z,A5,sm:test:item_1875,not_strawman,1790692393113,strawman-test,,,
2026-09-29T14:33:20.013Z,A5,sm:test:item_2079,strawman,1790692398658,strawman-test,,,
2026-09-29T14:33:25.879Z,A5,sm:dev:item_1219,not_strawman,1790692405269,strawman-dev,,,
2026-09-29T14:33:44.544Z,A5,sm:test:item_2134,not_strawman,1790692422823,strawman-test,,,
2026-09-29T14:33:54.459Z,A5,sm:test:item_2134,not_strawman,1790692422823,strawman-test,,,
2026-09-29T14:33:54.459Z,A5,sm:test:item_1930,not_strawman,1790692433861,strawman-test,,,
2026-09-29T14:33:58.935Z,A5,sm:test:item_1859,strawman,1790692438253,strawman-test,,,
2026-09-29T14:34:27.650Z,A5,sm:dev:item_1782,strawman,1790692466262,strawman-dev,,,
2026-09-29T14:34:36.406Z,A5,sm:dev:item_1782,strawman,1790692466262,strawman-dev,,,
2026-09-29T14:34:36.406Z,A5,sm:test:item_1896,not_strawman,1790692474531,strawman-test,,,
2026-09-29T14:34:42.744Z,A5,sm:dev:item_1216,not_strawman,1790692482176,strawman-dev,,,
2026-09-29T14:34:49.761Z,A5,sm:dev:item_1216,not_strawman,1790692482176,strawman-dev,,,
2026-09-29T14:34:49.761Z,A5,sm:test:item_2067,strawman,1790692487634,strawman-test,,,
2026-09-29T14:35:07.945Z,A5,sm:test:item_2098,strawman,1790692505697,strawman-test,,,
2026-09-29T14:35:15.125Z,A5,sm:dev:item_1871,strawman,1790692514145,strawman-dev,,,
2026-09-29T14:35:23.625Z,A5,sm:dev:item_1877,strawman,1790692522574,strawman-dev,,,
2026-09-29T14:35:27.780Z,A5,sm:dev:item_1877,strawman,1790692522574,strawman-dev,,,
2026-09-29T14:35:27.780Z,A5,sm:test:item_1945,strawman,1790692527079,strawman-test,,,
2026-09-29T14:35:37.689Z,A5,sm:test:item_1754,not_strawman,1790692536383,strawman-test,,,
2026-09-29T14:35:41.473Z,A5,sm:test:item_1754,not_strawman,1790692536383,strawman-test,,,
2026-09-29T14:35:41.473Z,A5,sm:test:item_1843,not_strawman,1790692540708,strawman-test,,,
2026-09-29T14:36:02.637Z,A5,sm:test:item_1732,strawman,1790692560430,strawman-test,,,
2026-09-29T14:36:14.122Z,A5,sm:test:item_1732,strawman,1790692560430,strawman-test,,,
2026-09-29T14:36:14.122Z,A5,sm:test:item_1800,strawman,1790692573412,strawman-test,,,
2026-09-29T14:36:32.463Z,A5,sm:test:item_2142,strawman,1790692591590,strawman-test,,,
2026-09-29T14:36:39.416Z,A5,sm:test:item_2142,strawman,1790692591590,strawman-test,,,
2026-09-29T14:36:39.416Z,A5,sm:test:item_1927,strawman,1790692598690,strawman-test,,,
2026-09-29T14:36:51.869Z,A4,sm:test:item_2091,not_strawman,1790692610756,strawman-test,,,
2026-09-29T14:36:53.940Z,A5,sm:test:item_2142,strawman,1790692591590,strawman-test,,,
2026-09-29T14:36:53.940Z,A5,sm:test:item_1927,strawman,1790692598690,strawman-test,,,
2026-09-29T14:36:53.940Z,A5,sm:test:item_2129,strawman,1790692613071,strawman-test,,,
2026-09-29T14:37:05.232Z,A5,sm:test:item_1941,not_strawman,1790692624647,strawman-test,,,
2026-09-29T14:37:12.776Z,A4,sm:test:item_2091,not_strawman,1790692610756,strawman-test,,,
2026-09-29T14:37:12.776Z,A4,sm:test:item_1840,not_strawman,1790692631947,strawman-test,,,
2026-09-29T14:37:13.259Z,A5,sm:test:item_1939,not_strawman,1790692632747,strawman-test,,,
2026-09-29T14:37:21.953Z,A5,sm:test:item_2023,strawman,1790692641158,strawman-test,,,
2026-09-29T14:37:25.428Z,A4,sm:test:item_2091,not_strawman,1790692610756,strawman-test,,,
2026-09-29T14:37:25.428Z,A4,sm:test:item_1840,not_strawman,1790692631947,strawman-test,,,
2026-09-29T14:37:25.428Z,A4,sm:test:item_1788,not_strawman,1790692644832,strawman-test,,,
2026-09-29T14:37:31.404Z,A4,sm:test:item_2091,not_strawman,1790692610756,strawman-test,,,
2026-09-29T14:37:31.404Z,A4,sm:test:item_1840,not_strawman,1790692631947,strawman-test,,,
2026-09-29T14:37:31.404Z,A4,sm:test:item_1788,not_strawman,1790692644832,strawman-test,,,
2026-09-29T14:37:31.404Z,A4,sm:test:item_2108,not_strawman,1790692650660,strawman-test,,,
2026-09-29T14:37:37.603Z,A4,sm:test:item_2091,not_strawman,1790692610756,strawman-test,,,
2026-09-29T14:37:37.603Z,A4,sm:test:item_1840,not_strawman,1790692631947,strawman-test,,,
2026-09-29T14:37:37.603Z,A4,sm:test:item_1788,not_strawman,1790692644832,strawman-test,,,
2026-09-29T14:37:37.603Z,A4,sm:test:item_2108,not_strawman,1790692650660,strawman-test,,,
2026-09-29T14:37:37.603Z,A4,sm:test:item_2100,not_strawman,1790692656868,strawman-test,,,
2026-09-29T14:38:00.701Z,A5,sm:test:item_2023,strawman,1790692641158,strawman-test,,,
2026-09-29T14:38:00.701Z,A5,sm:test:item_2034,strawman,1790692680010,strawman-test,,,
2026-09-29T14:38:09.661Z,A5,sm:test:item_2023,strawman,1790692641158,strawman-test,,,
2026-09-29T14:38:09.661Z,A5,sm:test:item_2034,strawman,1790692680010,strawman-test,,,
2026-09-29T14:38:09.661Z,A5,sm:test:item_1830,strawman,1790692687757,strawman-test,,,
2026-09-29T14:38:10.313Z,A4,sm:test:item_2091,not_strawman,1790692610756,strawman-test,,,
2026-09-29T14:38:10.313Z,A4,sm:test:item_1840,not_strawman,1790692631947,strawman-test,,,
2026-09-29T14:38:10.313Z,A4,sm:test:item_1788,not_strawman,1790692644832,strawman-test,,,
2026-09-29T14:38:10.313Z,A4,sm:test:item_2108,not_strawman,1790692650660,strawman-test,,,
2026-09-29T14:38:10.313Z,A4,sm:test:item_2100,not_strawman,1790692656868,strawman-test,,,
2026-09-29T14:38:10.313Z,A4,sm:test:item_1852,not_strawman,1790692689337,strawman-test,,,
2026-09-29T14:38:12.610Z,A5,sm:test:item_2023,strawman,1790692641158,strawman-test,,,
2026-09-29T14:38:12.610Z,A5,sm:test:item_2034,strawman,1790692680010,strawman-test,,,
2026-09-29T14:38:12.610Z,A5,sm:test:item_1830,strawman,1790692687757,strawman-test,,,
2026-09-29T14:38:12.610Z,A5,sm:test:item_1745,strawman,1790692690848,strawman-test,,,
2026-09-29T14:38:14.821Z,A4,sm:test:item_2091,not_strawman,1790692610756,strawman-test,,,
2026-09-29T14:38:14.821Z,A4,sm:test:item_1840,not_strawman,1790692631947,strawman-test,,,
2026-09-29T14:38:14.821Z,A4,sm:test:item_1788,not_strawman,1790692644832,strawman-test,,,
2026-09-29T14:38:14.821Z,A4,sm:test:item_2108,not_strawman,1790692650660,strawman-test,,,
2026-09-29T14:38:14.821Z,A4,sm:test:item_2100,not_strawman,1790692656868,strawman-test,,,
2026-09-29T14:38:14.821Z,A4,sm:test:item_1852,not_strawman,1790692689337,strawman-test,,,
2026-09-29T14:38:14.821Z,A4,sm:test:item_2122,not_strawman,1790692693994,strawman-test,,,
2026-09-29T14:38:17.720Z,A5,sm:test:item_1791,strawman,1790692697222,strawman-test,,,
2026-09-29T14:38:21.691Z,A4,sm:test:item_2091,not_strawman,1790692610756,strawman-test,,,
2026-09-29T14:38:21.691Z,A4,sm:test:item_1840,not_strawman,1790692631947,strawman-test,,,
2026-09-29T14:38:21.691Z,A4,sm:test:item_1788,not_strawman,1790692644832,strawman-test,,,
2026-09-29T14:38:21.691Z,A4,sm:test:item_2108,not_strawman,1790692650660,strawman-test,,,
2026-09-29T14:38:21.691Z,A4,sm:test:item_2100,not_strawman,1790692656868,strawman-test,,,
2026-09-29T14:38:21.691Z,A4,sm:test:item_1852,not_strawman,1790692689337,strawman-test,,,
2026-09-29T14:38:21.691Z,A4,sm:test:item_2122,not_strawman,1790692693994,strawman-test,,,
2026-09-29T14:38:21.691Z,A4,sm:test:item_2062,not_strawman,1790692701110,strawman-test,,,
2026-09-29T14:38:29.131Z,A4,sm:test:item_2091,not_strawman,1790692610756,strawman-test,,,
2026-09-29T14:38:29.131Z,A4,sm:test:item_1840,not_strawman,1790692631947,strawman-test,,,
2026-09-29T14:38:29.131Z,A4,sm:test:item_1788,not_strawman,1790692644832,strawman-test,,,
2026-09-29T14:38:29.131Z,A4,sm:test:item_2108,not_strawman,1790692650660,strawman-test,,,
2026-09-29T14:38:29.131Z,A4,sm:test:item_2100,not_strawman,1790692656868,strawman-test,,,
2026-09-29T14:38:29.131Z,A4,sm:test:item_1852,not_strawman,1790692689337,strawman-test,,,
2026-09-29T14:38:29.131Z,A4,sm:test:item_2122,not_strawman,1790692693994,strawman-test,,,
2026-09-29T14:38:29.131Z,A4,sm:test:item_2062,not_strawman,1790692701110,strawman-test,,,
2026-09-29T14:38:29.131Z,A4,sm:dev:item_2104,not_strawman,1790692708457,strawman-dev,,,
2026-09-29T14:38:54.781Z,A4,sm:test:item_2091,not_strawman,1790692610756,strawman-test,,,
2026-09-29T14:38:54.781Z,A4,sm:test:item_1840,not_strawman,1790692631947,strawman-test,,,
2026-09-29T14:38:54.781Z,A4,sm:test:item_1788,not_strawman,1790692644832,strawman-test,,,
2026-09-29T14:38:54.781Z,A4,sm:test:item_2108,not_strawman,1790692650660,strawman-test,,,
2026-09-29T14:38:54.781Z,A4,sm:test:item_2100,not_strawman,1790692656868,strawman-test,,,
2026-09-29T14:38:54.781Z,A4,sm:test:item_1852,not_strawman,1790692689337,strawman-test,,,
2026-09-29T14:38:54.781Z,A4,sm:test:item_2122,not_strawman,1790692693994,strawman-test,,,
2026-09-29T14:38:54.781Z,A4,sm:test:item_2062,not_strawman,1790692701110,strawman-test,,,
2026-09-29T14:38:54.781Z,A4,sm:dev:item_2104,not_strawman,1790692708457,strawman-dev,,,
2026-09-29T14:38:54.781Z,A4,sm:dev:item_1723,not_strawman,1790692733674,strawman-dev,,,
2026-09-29T14:39:21.775Z,A4,sm:test:item_2035,not_strawman,1790692761040,strawman-test,,,
2026-09-29T14:39:35.017Z,A5,sm:test:item_1791,strawman,1790692697222,strawman-test,,,
2026-09-29T14:39:35.017Z,A5,sm:test:item_2048,not_strawman,1790692774027,strawman-test,,,
2026-09-29T14:39:36.345Z,A4,sm:test:item_2035,not_strawman,1790692761040,strawman-test,,,
2026-09-29T14:39:36.345Z,A4,sm:test:item_2095,strawman,1790692775357,strawman-test,,,
2026-09-29T14:39:44.424Z,A5,sm:test:item_1791,strawman,1790692697222,strawman-test,,,
2026-09-29T14:39:44.424Z,A5,sm:test:item_2048,not_strawman,1790692774027,strawman-test,,,
2026-09-29T14:39:44.424Z,A5,sm:test:item_1819,not_strawman,1790692783579,strawman-test,,,
2026-09-29T14:39:51.946Z,A4,sm:test:item_2022,not_strawman,1790692791089,strawman-test,,,
2026-09-29T14:39:56.892Z,A5,sm:test:item_1791,strawman,1790692697222,strawman-test,,,
2026-09-29T14:39:56.892Z,A5,sm:test:item_2048,not_strawman,1790692774027,strawman-test,,,
2026-09-29T14:39:56.892Z,A5,sm:test:item_1819,not_strawman,1790692783579,strawman-test,,,
2026-09-29T14:39:56.892Z,A5,sm:dev:item_1769,not_strawman,1790692795319,strawman-dev,,,
2026-09-29T14:39:59.287Z,A4,sm:test:item_2022,not_strawman,1790692791089,strawman-test,,,
2026-09-29T14:39:59.287Z,A4,sm:test:item_2022,not_strawman,1790692798351,strawman-test,,,
2026-09-29T14:40:10.194Z,A5,sm:test:item_1863,not_strawman,1790692809437,strawman-test,,,
2026-09-29T14:40:19.629Z,A5,sm:test:item_1853,not_strawman,1790692818897,strawman-test,,,
2026-09-29T14:40:30.215Z,A5,sm:test:item_1853,not_strawman,1790692818897,strawman-test,,,
2026-09-29T14:40:30.215Z,A5,sm:test:item_2111,not_strawman,1790692829582,strawman-test,,,
2026-09-29T14:40:38.949Z,A5,sm:test:item_1853,not_strawman,1790692818897,strawman-test,,,
2026-09-29T14:40:38.949Z,A5,sm:test:item_2111,not_strawman,1790692829582,strawman-test,,,
2026-09-29T14:40:38.949Z,A5,sm:test:item_1937,not_strawman,1790692838009,strawman-test,,,
2026-09-29T14:40:49.709Z,A5,sm:dev:item_1272,not_strawman,1790692848481,strawman-dev,,,
2026-09-29T14:40:56.737Z,A5,sm:dev:item_1272,not_strawman,1790692848481,strawman-dev,,,
2026-09-29T14:40:56.737Z,A5,sm:test:item_2054,not_strawman,1790692853513,strawman-test,,,
2026-09-29T14:47:53.713Z,A4,sm:test:item_2112,not_strawman,1790693272870,strawman-test,,,
2026-09-29T14:48:04.394Z,A4,sm:test:item_2112,not_strawman,1790693272870,strawman-test,,,
2026-09-29T14:48:04.394Z,A4,sm:test:item_1856,strawman,1790693283254,strawman-test,,,
2026-09-29T14:48:09.951Z,A4,sm:dev:item_1221,not_strawman,1790693289373,strawman-dev,,,
2026-09-29T14:48:12.960Z,A4,sm:dev:item_1221,not_strawman,1790693289373,strawman-dev,,,
2026-09-29T14:48:12.960Z,A4,sm:test:item_1778,not_strawman,1790693292237,strawman-test,,,
2026-09-29T14:48:33.541Z,A4,sm:dev:item_2147,strawman,1790693312838,strawman-dev,,,
2026-09-29T14:48:44.627Z,A4,sm:dev:item_2147,strawman,1790693312838,strawman-dev,,,
2026-09-29T14:48:44.627Z,A4,sm:test:item_1935,not_strawman,1790693323996,strawman-test,,,
2026-09-29T14:49:13.726Z,A4,sm:dev:item_2139,unsure,1790693352849,strawman-dev,,,
2026-09-29T14:49:22.052Z,A4,sm:dev:item_2139,unsure,1790693352849,strawman-dev,,,
2026-09-29T14:49:22.052Z,A4,sm:dev:item_1275,not_strawman,1790693361150,strawman-dev,,,
2026-09-29T14:49:29.632Z,A4,sm:dev:item_2139,unsure,1790693352849,strawman-dev,,,
2026-09-29T14:49:29.632Z,A4,sm:dev:item_1275,not_strawman,1790693361150,strawman-dev,,,
2026-09-29T14:49:29.632Z,A4,sm:test:item_1849,not_strawman,1790693368959,strawman-test,,,
2026-09-29T14:49:37.269Z,A4,sm:dev:item_2139,unsure,1790693352849,strawman-dev,,,
2026-09-29T14:49:37.269Z,A4,sm:dev:item_1275,not_strawman,1790693361150,strawman-dev,,,
2026-09-29T14:49:37.269Z,A4,sm:test:item_1849,not_strawman,1790693368959,strawman-test,,,
2026-09-29T14:49:37.269Z,A4,sm:test:item_2048,not_strawman,1790693376012,strawman-test,,,
2026-09-29T14:49:47.746Z,A4,sm:test:item_1785,not_strawman,1790693386775,strawman-test,,,
2026-09-29T14:49:57.117Z,A4,sm:test:item_1785,not_strawman,1790693386775,strawman-test,,,
2026-09-29T14:49:57.117Z,A4,sm:dev:item_1999,not_strawman,1790693395855,strawman-dev,,,
2026-09-29T14:50:14.522Z,A4,sm:test:item_1764,strawman,1790693413583,strawman-test,,,
2026-09-29T14:50:31.826Z,A4,sm:test:item_1764,strawman,1790693413583,strawman-test,,,
2026-09-29T14:50:31.826Z,A4,sm:test:item_1864,not_strawman,1790693431092,strawman-test,,,
2026-09-29T14:50:36.851Z,A4,sm:test:item_1764,strawman,1790693413583,strawman-test,,,
2026-09-29T14:50:36.851Z,A4,sm:test:item_1864,not_strawman,1790693431092,strawman-test,,,
2026-09-29T14:50:36.851Z,A4,sm:test:item_2115,not_strawman,1790693436224,strawman-test,,,
2026-09-29T15:05:31.222Z,A4,sm:dev:item_1820,unsure,1790694330161,strawman-dev,,,
2026-09-29T15:06:00.567Z,A4,sm:test:item_1884,not_strawman,1790694359200,strawman-test,,,
2026-09-29T15:06:05.236Z,A4,sm:test:item_1884,strawman,1790694364371,strawman-test,,,
2026-09-29T15:06:19.393Z,A4,sm:test:item_1884,strawman,1790694364371,strawman-test,,,
2026-09-29T15:06:19.393Z,A4,sm:test:item_1890,not_strawman,1790694375810,strawman-test,,,
2026-09-29T15:14:54.572Z,A4,sm:test:item_1884,strawman,1790694364371,strawman-test,,,
2026-09-29T15:14:54.572Z,A4,sm:test:item_1890,not_strawman,1790694375810,strawman-test,,,
2026-09-29T15:14:54.572Z,A4,sm:test:item_2057,strawman,1790694893580,strawman-test,,,
2026-09-29T15:15:08.765Z,A4,sm:test:item_1898,not_strawman,1790694907779,strawman-test,,,
2026-09-29T15:15:22.202Z,A4,sm:test:item_1898,not_strawman,1790694907779,strawman-test,,,
2026-09-29T15:15:22.202Z,A4,sm:test:item_2109,unsure,1790694921350,strawman-test,,,
2026-09-29T15:16:25.305Z,A4,sm:test:item_1880,not_strawman,1790694984313,strawman-test,,,
2026-09-29T15:18:26.415Z,A4,sm:test:item_1880,not_strawman,1790694984313,strawman-test,,,
2026-09-29T15:18:26.415Z,A4,sm:test:item_1880,not_strawman,1790695105392,strawman-test,,,
2026-09-29T15:18:31.064Z,A4,sm:test:item_1880,not_strawman,1790694984313,strawman-test,,,
2026-09-29T15:18:31.064Z,A4,sm:test:item_1880,not_strawman,1790695105392,strawman-test,,,
2026-09-29T15:18:31.064Z,A4,sm:test:item_2078,not_strawman,1790695110179,strawman-test,,,
2026-09-29T15:18:41.338Z,A4,sm:test:item_1880,not_strawman,1790694984313,strawman-test,,,
2026-09-29T15:18:41.338Z,A4,sm:test:item_1880,not_strawman,1790695105392,strawman-test,,,
2026-09-29T15:18:41.338Z,A4,sm:test:item_2078,not_strawman,1790695110179,strawman-test,,,
2026-09-29T15:18:41.338Z,A4,sm:test:item_1763,not_strawman,1790695120711,strawman-test,,,
2026-09-29T15:18:47.218Z,A4,sm:test:item_1880,not_strawman,1790694984313,strawman-test,,,
2026-09-29T15:18:47.218Z,A4,sm:test:item_1880,not_strawman,1790695105392,strawman-test,,,
2026-09-29T15:18:47.218Z,A4,sm:test:item_2078,not_strawman,1790695110179,strawman-test,,,
2026-09-29T15:18:47.218Z,A4,sm:test:item_1763,not_strawman,1790695120711,strawman-test,,,
2026-09-29T15:18:47.218Z,A4,sm:test:item_1822,not_strawman,1790695126404,strawman-test,,,
2026-09-29T15:18:53.902Z,A4,sm:test:item_1880,not_strawman,1790694984313,strawman-test,,,
2026-09-29T15:18:53.902Z,A4,sm:test:item_1880,not_strawman,1790695105392,strawman-test,,,
2026-09-29T15:18:53.902Z,A4,sm:test:item_2078,not_strawman,1790695110179,strawman-test,,,
2026-09-29T15:18:53.902Z,A4,sm:test:item_1763,not_strawman,1790695120711,strawman-test,,,
2026-09-29T15:18:53.902Z,A4,sm:test:item_1822,not_strawman,1790695126404,strawman-test,,,
2026-09-29T15:18:53.902Z,A4,sm:test:item_1761,not_strawman,1790695133010,strawman-test,,,
2026-09-29T15:19:10.263Z,A4,sm:test:item_1879,not_strawman,1790695149377,strawman-test,,,
2026-09-29T15:19:14.138Z,A4,sm:test:item_1879,not_strawman,1790695149377,strawman-test,,,
2026-09-29T15:19:14.138Z,A4,sm:test:item_2064,not_strawman,1790695153369,strawman-test,,,
2026-09-29T15:19:28.560Z,A4,sm:test:item_2034,not_strawman,1790695167674,strawman-test,,,
2026-09-29T15:19:50.938Z,A4,sm:test:item_2034,not_strawman,1790695167674,strawman-test,,,
2026-09-29T15:19:50.938Z,A4,sm:dev:item_2119,unsure,1790695190361,strawman-dev,,,
2026-09-29T15:20:06.525Z,A4,sm:test:item_2034,not_strawman,1790695167674,strawman-test,,,
2026-09-29T15:20:06.525Z,A4,sm:dev:item_2119,unsure,1790695190361,strawman-dev,,,
2026-09-29T15:20:06.525Z,A4,sm:test:item_1818,strawman,1790695205637,strawman-test,,,
2026-09-29T15:20:21.187Z,A4,sm:test:item_2034,not_strawman,1790695167674,strawman-test,,,
2026-09-29T15:20:21.187Z,A4,sm:dev:item_2119,unsure,1790695190361,strawman-dev,,,
2026-09-29T15:20:21.187Z,A4,sm:test:item_1818,strawman,1790695205637,strawman-test,,,
2026-09-29T15:20:21.187Z,A4,sm:test:item_1859,strawman,1790695220300,strawman-test,,,
2026-09-29T15:20:24.697Z,A4,sm:test:item_2034,not_strawman,1790695167674,strawman-test,,,
2026-09-29T15:20:24.697Z,A4,sm:dev:item_2119,unsure,1790695190361,strawman-dev,,,
2026-09-29T15:20:24.697Z,A4,sm:test:item_1818,strawman,1790695205637,strawman-test,,,
2026-09-29T15:20:24.697Z,A4,sm:test:item_1859,strawman,1790695220300,strawman-test,,,
2026-09-29T15:20:24.697Z,A4,sm:test:item_2031,not_strawman,1790695223674,strawman-test,,,
2026-09-29T15:20:41.176Z,A4,sm:test:item_2084,strawman,1790695239840,strawman-test,,,
2026-09-29T15:22:06.802Z,A4,sm:test:item_2098,not_strawman,1790695326123,strawman-test,,,
2026-09-29T15:22:17.695Z,A4,sm:test:item_2098,not_strawman,1790695326123,strawman-test,,,
2026-09-29T15:22:17.695Z,A4,sm:test:item_1754,not_strawman,1790695336463,strawman-test,,,
2026-09-29T15:22:30.853Z,A4,sm:test:item_1918,not_strawman,1790695349608,strawman-test,,,
2026-09-29T15:22:40.489Z,A4,sm:test:item_1918,not_strawman,1790695349608,strawman-test,,,
2026-09-29T15:22:40.489Z,A4,sm:dev:item_1751,not_strawman,1790695359760,strawman-dev,,,
2026-09-29T15:22:55.755Z,A4,sm:test:item_1843,not_strawman,1790695374572,strawman-test,,,
2026-09-29T15:23:04.813Z,A4,sm:test:item_1843,not_strawman,1790695374572,strawman-test,,,
2026-09-29T15:23:04.813Z,A4,sm:test:item_2025,strawman,1790695383827,strawman-test,,,
2026-09-29T15:23:13.583Z,A4,sm:test:item_1863,strawman,1790695392431,strawman-test,,,
2026-09-29T15:23:18.305Z,A4,sm:test:item_1863,strawman,1790695392431,strawman-test,,,
2026-09-29T15:23:18.305Z,A4,sm:test:item_1863,unsure,1790695397357,strawman-test,,,
2026-09-29T15:23:26.291Z,A4,sm:test:item_2124,not_strawman,1790695405628,strawman-test,,,
2026-09-29T15:23:40.918Z,A4,sm:test:item_2124,not_strawman,1790695405628,strawman-test,,,
2026-09-29T15:23:40.918Z,A4,sm:test:item_1910,not_strawman,1790695420332,strawman-test,,,
2026-09-29T15:24:42.189Z,A4,sm:dev:item_2040,unsure,1790695480792,strawman-dev,,,
2026-09-29T15:24:50.870Z,A4,sm:dev:item_2040,unsure,1790695480792,strawman-dev,,,
2026-09-29T15:24:50.870Z,A4,sm:test:item_2037,not_strawman,1790695488687,strawman-test,,,
2026-09-29T15:24:59.100Z,A4,sm:test:item_1809,strawman,1790695498127,strawman-test,,,
2026-09-29T15:25:18.978Z,A4,sm:test:item_1772,not_strawman,1790695518216,strawman-test,,,
2026-09-29T15:25:23.450Z,A4,sm:test:item_1772,not_strawman,1790695518216,strawman-test,,,
2026-09-29T15:25:23.450Z,A4,sm:test:item_2067,not_strawman,1790695522507,strawman-test,,,
2026-09-29T15:25:31.923Z,A4,sm:test:item_2120,not_strawman,1790695530706,strawman-test,,,
2026-09-29T15:25:47.945Z,A4,sm:test:item_2120,not_strawman,1790695530706,strawman-test,,,
2026-09-29T15:25:47.945Z,A4,sm:test:item_1830,not_strawman,1790695546933,strawman-test,,,
2026-09-29T15:25:56.236Z,A4,sm:test:item_2120,not_strawman,1790695530706,strawman-test,,,
2026-09-29T15:25:56.236Z,A4,sm:test:item_1830,not_strawman,1790695546933,strawman-test,,,
2026-09-29T15:25:56.236Z,A4,sm:test:item_2134,not_strawman,1790695555490,strawman-test,,,
2026-09-29T15:26:04.237Z,A4,sm:test:item_2120,not_strawman,1790695530706,strawman-test,,,
2026-09-29T15:26:04.237Z,A4,sm:test:item_1830,not_strawman,1790695546933,strawman-test,,,
2026-09-29T15:26:04.237Z,A4,sm:test:item_2134,not_strawman,1790695555490,strawman-test,,,
2026-09-29T15:26:04.237Z,A4,sm:test:item_2132,unsure,1790695563555,strawman-test,,,
2026-09-29T15:28:21.893Z,A4,sm:dev:item_2126,not_strawman,1790695700660,strawman-dev,,,
2026-09-29T15:28:31.473Z,A4,sm:test:item_1774,not_strawman,1790695710636,strawman-test,,,
2026-09-29T15:28:40.581Z,A4,sm:test:item_1774,not_strawman,1790695710636,strawman-test,,,
2026-09-29T15:28:40.581Z,A4,sm:test:item_2129,not_strawman,1790695719422,strawman-test,,,
2026-09-29T15:28:51.930Z,A4,sm:test:item_1774,not_strawman,1790695710636,strawman-test,,,
2026-09-29T15:28:51.930Z,A4,sm:test:item_2129,not_strawman,1790695719422,strawman-test,,,
2026-09-29T15:28:51.930Z,A4,sm:dev:item_1794,not_strawman,1790695730766,strawman-dev,,,
2026-09-29T15:29:12.781Z,A4,sm:test:item_2042,not_strawman,1790695751862,strawman-test,,,
2026-09-29T15:29:14.987Z,A4,sm:test:item_2042,not_strawman,1790695751862,strawman-test,,,
2026-09-29T15:29:14.987Z,A4,sm:test:item_2079,not_strawman,1790695753836,strawman-test,,,
2026-09-29T15:29:23.586Z,A4,sm:test:item_1886,not_strawman,1790695762144,strawman-test,,,
2026-09-29T15:29:44.522Z,A4,sm:test:item_1732,not_strawman,1790695783783,strawman-test,,,
2026-09-29T15:29:52.899Z,A4,sm:test:item_1732,not_strawman,1790695783783,strawman-test,,,
2026-09-29T15:29:52.899Z,A4,sm:test:item_1810,not_strawman,1790695791721,strawman-test,,,
2026-09-29T15:29:56.119Z,A4,sm:test:item_1929,not_strawman,1790695795044,strawman-test,,,
2026-09-29T15:30:03.896Z,A4,sm:test:item_1937,not_strawman,1790695803215,strawman-test,,,
2026-09-29T15:30:23.614Z,A4,sm:test:item_1937,not_strawman,1790695803215,strawman-test,,,
2026-09-29T15:30:23.614Z,A4,sm:test:item_1941,not_strawman,1790695822644,strawman-test,,,
2026-09-29T15:30:26.904Z,A4,sm:dev:item_2088,not_strawman,1790695826152,strawman-dev,,,
2026-09-29T15:30:39.578Z,A4,sm:dev:item_2088,not_strawman,1790695826152,strawman-dev,,,
2026-09-29T15:30:39.578Z,A4,sm:dev:item_2096,unsure,1790695839031,strawman-dev,,,
2026-09-29T15:30:39.578Z,A4,smnote:dev:item_2096,lack of context,1790695839031,strawman-dev,,,
2026-09-29T15:30:48.901Z,A4,sm:test:item_1930,not_strawman,1790695848195,strawman-test,,,
2026-09-29T15:30:54.979Z,A4,sm:test:item_2054,not_strawman,1790695851303,strawman-test,,,
2026-09-29T15:31:02.579Z,A4,sm:test:item_2054,not_strawman,1790695851303,strawman-test,,,
2026-09-29T15:31:02.579Z,A4,sm:dev:item_2024,not_strawman,1790695861868,strawman-dev,,,
2026-09-29T15:31:10.463Z,A4,sm:test:item_2027,not_strawman,1790695869730,strawman-test,,,
2026-09-29T15:31:14.762Z,A4,sm:test:item_2027,not_strawman,1790695869730,strawman-test,,,
2026-09-29T15:31:14.762Z,A4,sm:test:item_1748,not_strawman,1790695873869,strawman-test,,,
2026-09-29T15:31:18.145Z,A4,sm:test:item_2027,not_strawman,1790695869730,strawman-test,,,
2026-09-29T15:31:18.145Z,A4,sm:test:item_1748,not_strawman,1790695873869,strawman-test,,,
2026-09-29T15:31:18.145Z,A4,sm:test:item_1833,not_strawman,1790695877347,strawman-test,,,
2026-09-29T15:31:36.387Z,A4,sm:test:item_1938,not_strawman,1790695895448,strawman-test,,,
2026-09-29T15:31:41.185Z,A4,sm:test:item_1938,not_strawman,1790695895448,strawman-test,,,
2026-09-29T15:31:41.185Z,A4,sm:test:item_2081,not_strawman,1790695900481,strawman-test,,,
2026-09-29T15:31:50.768Z,A4,sm:test:item_1938,not_strawman,1790695895448,strawman-test,,,
2026-09-29T15:31:50.768Z,A4,sm:test:item_2081,not_strawman,1790695900481,strawman-test,,,
2026-09-29T15:31:50.768Z,A4,sm:test:item_2142,not_strawman,1790695909868,strawman-test,,,
2026-09-29T15:31:55.489Z,A4,sm:test:item_1872,not_strawman,1790695914828,strawman-test,,,
2026-09-29T15:31:58.307Z,A4,sm:test:item_1872,not_strawman,1790695914828,strawman-test,,,
2026-09-29T15:31:58.307Z,A4,sm:test:item_2068,not_strawman,1790695917450,strawman-test,,,
2026-09-29T15:32:04.056Z,A4,sm:dev:item_1987,unsure,1790695922971,strawman-dev,,,
2026-09-29T15:32:21.644Z,A4,sm:dev:item_1987,unsure,1790695922971,strawman-dev,,,
2026-09-29T15:32:21.644Z,A4,sm:test:item_1829,unsure,1790695940828,strawman-test,,,
2026-09-29T15:32:21.644Z,A4,smnote:test:item_1829,lack of topic knowledge,1790695940828,strawman-test,,,
2026-09-29T15:32:30.448Z,A4,sm:dev:item_1987,unsure,1790695922971,strawman-dev,,,
2026-09-29T15:32:30.448Z,A4,sm:test:item_1829,unsure,1790695940828,strawman-test,,,
2026-09-29T15:32:30.448Z,A4,smnote:test:item_1829,lack of topic knowledge,1790695940828,strawman-test,,,
2026-09-29T15:32:30.448Z,A4,sm:dev:item_1906,not_strawman,1790695949823,strawman-dev,,,
2026-09-29T15:32:47.576Z,A4,sm:dev:item_1987,unsure,1790695922971,strawman-dev,,,
2026-09-29T15:32:47.576Z,A4,sm:test:item_1829,unsure,1790695940828,strawman-test,,,
2026-09-29T15:32:47.576Z,A4,smnote:test:item_1829,lack of topic knowledge,1790695940828,strawman-test,,,
2026-09-29T15:32:47.576Z,A4,sm:dev:item_1906,not_strawman,1790695949823,strawman-dev,,,
2026-09-29T15:32:47.576Z,A4,sm:dev:item_1241,not_strawman,1790695966555,strawman-dev,,,
2026-09-29T15:32:53.937Z,A4,sm:test:item_2023,not_strawman,1790695972297,strawman-test,,,
2026-09-29T15:32:59.438Z,A4,sm:test:item_1736,not_strawman,1790695977877,strawman-test,,,
2026-09-29T15:33:06.946Z,A4,sm:test:item_1736,not_strawman,1790695977877,strawman-test,,,
2026-09-29T15:33:06.946Z,A4,sm:test:item_2089,not_strawman,1790695986251,strawman-test,,,
2026-09-29T15:33:12.955Z,A4,sm:test:item_1739,not_strawman,1790695992107,strawman-test,,,
2026-09-29T15:33:20.775Z,A4,sm:dev:item_1219,not_strawman,1790695999868,strawman-dev,,,
2026-09-29T15:33:32.973Z,A4,sm:dev:item_1219,not_strawman,1790695999868,strawman-dev,,,
2026-09-29T15:33:32.973Z,A4,sm:test:item_1940,not_strawman,1790696011642,strawman-test,,,
2026-09-29T15:33:39.392Z,A4,sm:test:item_2138,not_strawman,1790696018611,strawman-test,,,
2026-09-29T15:33:54.192Z,A4,sm:test:item_1792,not_strawman,1790696028783,strawman-test,,,
2026-09-29T15:33:57.311Z,A4,sm:test:item_1792,not_strawman,1790696028783,strawman-test,,,
2026-09-29T15:33:57.311Z,A4,sm:test:item_2094,not_strawman,1790696036415,strawman-test,,,
2026-09-29T15:34:01.748Z,A4,sm:test:item_1792,not_strawman,1790696028783,strawman-test,,,
2026-09-29T15:34:01.748Z,A4,sm:test:item_2094,not_strawman,1790696036415,strawman-test,,,
2026-09-29T15:34:01.748Z,A4,sm:test:item_2033,not_strawman,1790696040146,strawman-test,,,
2026-09-29T15:40:30.064Z,A4,sm:dev:item_1871,unsure,1790696429108,strawman-dev,,,
2026-09-29T15:40:30.064Z,A4,smnote:dev:item_1871,it is weirdly written,1790696429108,strawman-dev,,,
2026-09-29T15:55:22.428Z,A4,sm:dev:item_1871,unsure,1790696429108,strawman-dev,,,
2026-09-29T15:55:22.428Z,A4,smnote:dev:item_1871,it is weirdly written,1790696429108,strawman-dev,,,
2026-09-29T15:55:22.428Z,A4,sm:test:item_1885,not_strawman,1790697321629,strawman-test,,,
2026-09-29T15:55:25.566Z,A4,sm:dev:item_1871,unsure,1790696429108,strawman-dev,,,
2026-09-29T15:55:25.566Z,A4,smnote:dev:item_1871,it is weirdly written,1790696429108,strawman-dev,,,
2026-09-29T15:55:25.566Z,A4,sm:test:item_1885,not_strawman,1790697321629,strawman-test,,,
2026-09-29T15:55:25.566Z,A4,sm:test:item_1791,not_strawman,1790697324891,strawman-test,,,
2026-09-29T15:55:33.723Z,A4,sm:test:item_1853,not_strawman,1790697331604,strawman-test,,,
2026-09-29T15:55:36.249Z,A4,sm:test:item_1853,not_strawman,1790697331604,strawman-test,,,
2026-09-29T15:55:36.249Z,A4,sm:test:item_1775,not_strawman,1790697334952,strawman-test,,,
2026-09-29T15:55:39.017Z,A5,sm:dev:item_1272,not_strawman,1790692848481,strawman-dev,,,
2026-09-29T15:55:39.017Z,A5,sm:test:item_2054,not_strawman,1790692853513,strawman-test,,,
2026-09-29T15:55:44.763Z,A4,sm:test:item_1853,not_strawman,1790697331604,strawman-test,,,
2026-09-29T15:55:44.763Z,A4,sm:test:item_1775,not_strawman,1790697334952,strawman-test,,,
2026-09-29T15:55:44.763Z,A4,sm:test:item_1780,not_strawman,1790697344115,strawman-test,,,
2026-09-29T15:55:48.962Z,A4,sm:test:item_1853,not_strawman,1790697331604,strawman-test,,,
2026-09-29T15:55:48.962Z,A4,sm:test:item_1775,not_strawman,1790697334952,strawman-test,,,
2026-09-29T15:55:48.962Z,A4,sm:test:item_1780,not_strawman,1790697344115,strawman-test,,,
2026-09-29T15:55:48.962Z,A4,sm:dev:item_1769,not_strawman,1790697347666,strawman-dev,,,
2026-09-29T15:55:57.396Z,A4,sm:test:item_2049,not_strawman,1790697356597,strawman-test,,,
2026-09-29T16:00:29.299Z,A4,sm:test:item_1907,not_strawman,1790697627459,strawman-test,,,
2026-09-29T16:00:34.348Z,A4,sm:test:item_1907,not_strawman,1790697627459,strawman-test,,,
2026-09-29T16:00:34.348Z,A4,sm:test:item_2102,not_strawman,1790697633268,strawman-test,,,
2026-09-29T16:00:38.102Z,A4,sm:test:item_1813,not_strawman,1790697637363,strawman-test,,,
2026-09-29T16:00:39.600Z,A4,sm:test:item_1813,not_strawman,1790697637363,strawman-test,,,
2026-09-29T16:00:39.600Z,A4,sm:test:item_2090,not_strawman,1790697638340,strawman-test,,,
2026-09-29T16:00:40.658Z,A4,sm:test:item_1813,not_strawman,1790697637363,strawman-test,,,
2026-09-29T16:00:40.658Z,A4,sm:test:item_2090,not_strawman,1790697638340,strawman-test,,,
2026-09-29T16:00:40.658Z,A4,sm:test:item_1870,not_strawman,1790697639814,strawman-test,,,
2026-09-29T16:00:45.572Z,A4,sm:test:item_1813,not_strawman,1790697637363,strawman-test,,,
2026-09-29T16:00:45.572Z,A4,sm:test:item_2090,not_strawman,1790697638340,strawman-test,,,
2026-09-29T16:00:45.572Z,A4,sm:test:item_1870,not_strawman,1790697639814,strawman-test,,,
2026-09-29T16:00:45.572Z,A4,sm:dev:item_1272,unsure,1790697644807,strawman-dev,,,
2026-09-29T16:00:49.630Z,A4,sm:test:item_1813,not_strawman,1790697637363,strawman-test,,,
2026-09-29T16:00:49.630Z,A4,sm:test:item_2090,not_strawman,1790697638340,strawman-test,,,
2026-09-29T16:00:49.630Z,A4,sm:test:item_1870,not_strawman,1790697639814,strawman-test,,,
2026-09-29T16:00:49.630Z,A4,sm:dev:item_1272,unsure,1790697644807,strawman-dev,,,
2026-09-29T16:00:49.630Z,A4,sm:test:item_1911,not_strawman,1790697648808,strawman-test,,,
2026-09-29T16:00:53.799Z,A4,sm:test:item_1800,not_strawman,1790697652882,strawman-test,,,
2026-09-29T16:01:03.204Z,A4,sm:test:item_2063,not_strawman,1790697662531,strawman-test,,,
2026-09-29T16:02:31.174Z,A4,sm:test:item_2063,not_strawman,1790697662531,strawman-test,,,
2026-09-29T16:02:31.174Z,A4,sm:test:item_1939,not_strawman,1790697750311,strawman-test,,,
2026-09-29T16:02:32.590Z,A4,sm:test:item_2063,not_strawman,1790697662531,strawman-test,,,
2026-09-29T16:02:32.590Z,A4,sm:test:item_1939,not_strawman,1790697750311,strawman-test,,,
2026-09-29T16:02:32.590Z,A4,sm:test:item_2111,not_strawman,1790697751873,strawman-test,,,
2026-09-29T16:02:35.080Z,A4,sm:test:item_2063,not_strawman,1790697662531,strawman-test,,,
2026-09-29T16:02:35.080Z,A4,sm:test:item_1939,not_strawman,1790697750311,strawman-test,,,
2026-09-29T16:02:35.080Z,A4,sm:test:item_2111,not_strawman,1790697751873,strawman-test,,,
2026-09-29T16:02:35.080Z,A4,sm:test:item_2128,not_strawman,1790697754248,strawman-test,,,
2026-09-29T16:02:37.058Z,A4,sm:test:item_2063,not_strawman,1790697662531,strawman-test,,,
2026-09-29T16:02:37.058Z,A4,sm:test:item_1939,not_strawman,1790697750311,strawman-test,,,
2026-09-29T16:02:37.058Z,A4,sm:test:item_2111,not_strawman,1790697751873,strawman-test,,,
2026-09-29T16:02:37.058Z,A4,sm:test:item_2128,not_strawman,1790697754248,strawman-test,,,
2026-09-29T16:02:37.058Z,A4,sm:dev:item_1963,not_strawman,1790697756107,strawman-dev,,,
2026-09-29T16:02:41.130Z,A4,sm:test:item_2063,not_strawman,1790697662531,strawman-test,,,
2026-09-29T16:02:41.130Z,A4,sm:test:item_1939,not_strawman,1790697750311,strawman-test,,,
2026-09-29T16:02:41.130Z,A4,sm:test:item_2111,not_strawman,1790697751873,strawman-test,,,
2026-09-29T16:02:41.130Z,A4,sm:test:item_2128,not_strawman,1790697754248,strawman-test,,,
2026-09-29T16:02:41.130Z,A4,sm:dev:item_1963,not_strawman,1790697756107,strawman-dev,,,
2026-09-29T16:02:41.130Z,A4,sm:dev:item_1868,not_strawman,1790697759299,strawman-dev,,,
2026-09-29T16:02:44.008Z,A4,sm:test:item_2076,not_strawman,1790697761783,strawman-test,,,
2026-09-29T16:02:44.008Z,A4,sm:test:item_1896,not_strawman,1790697763451,strawman-test,,,
2026-09-29T16:02:48.372Z,A4,sm:test:item_1873,not_strawman,1790697767641,strawman-test,,,
2026-09-29T16:02:54.583Z,A4,sm:test:item_1883,not_strawman,1790697765411,strawman-test,,,
2026-09-29T16:02:56.349Z,A4,sm:test:item_1745,strawman,1790697775531,strawman-test,,,
2026-09-29T16:03:00.378Z,A4,sm:test:item_1733,not_strawman,1790697779496,strawman-test,,,
2026-09-29T16:03:02.947Z,A4,sm:test:item_1733,not_strawman,1790697779496,strawman-test,,,
2026-09-29T16:03:02.947Z,A4,sm:test:item_2116,not_strawman,1790697782012,strawman-test,,,
2026-09-29T16:03:06.789Z,A4,sm:test:item_1927,not_strawman,1790697786185,strawman-test,,,
2026-09-29T16:03:08.663Z,A4,sm:test:item_1927,not_strawman,1790697786185,strawman-test,,,
2026-09-29T16:03:08.663Z,A4,sm:dev:item_1220,not_strawman,1790697787889,strawman-dev,,,
2026-09-29T16:03:09.977Z,A4,sm:dev:item_1782,not_strawman,1790697789081,strawman-dev,,,
2026-09-29T16:03:11.198Z,A4,sm:dev:item_1782,not_strawman,1790697789081,strawman-dev,,,
2026-09-29T16:03:11.198Z,A4,sm:test:item_1819,not_strawman,1790697790536,strawman-test,,,
2026-09-29T16:08:40.644Z,A5,sm:dev:item_1751,not_strawman,1790698119578,strawman-dev,,,
2026-09-29T16:09:34.028Z,A5,sm:dev:item_1751,not_strawman,1790698119578,strawman-dev,,,
2026-09-29T16:09:34.028Z,A5,sm:test:item_2124,not_strawman,1790698172416,strawman-test,,,
2026-09-29T16:09:43.379Z,A5,sm:dev:item_1751,not_strawman,1790698119578,strawman-dev,,,
2026-09-29T16:09:43.379Z,A5,sm:test:item_2124,not_strawman,1790698172416,strawman-test,,,
2026-09-29T16:09:43.379Z,A5,sm:test:item_2070,not_strawman,1790698182543,strawman-test,,,
2026-09-29T16:09:54.360Z,A5,sm:test:item_1898,strawman,1790698193659,strawman-test,,,
2026-09-29T16:10:07.950Z,A5,sm:dev:item_1987,not_strawman,1790698207012,strawman-dev,,,
2026-09-29T16:10:21.082Z,A5,sm:test:item_1785,not_strawman,1790698220323,strawman-test,,,
2026-09-29T16:10:27.410Z,A5,sm:dev:item_1794,not_strawman,1790698227002,strawman-dev,,,
2026-09-29T16:10:37.839Z,A5,sm:test:item_2122,not_strawman,1790698236795,strawman-test,,,
2026-09-29T16:11:54.177Z,A5,sm:test:item_2122,not_strawman,1790698236795,strawman-test,,,
2026-09-29T16:11:54.177Z,A5,sm:test:item_1829,not_strawman,1790698303947,strawman-test,,,
2026-09-29T16:11:58.120Z,A5,sm:test:item_2122,not_strawman,1790698236795,strawman-test,,,
2026-09-29T16:11:58.120Z,A5,sm:test:item_1829,not_strawman,1790698303947,strawman-test,,,
2026-09-29T16:11:58.120Z,A5,sm:test:item_1882,not_strawman,1790698316581,strawman-test,,,
2026-09-29T16:12:04.720Z,A5,sm:test:item_2122,not_strawman,1790698236795,strawman-test,,,
2026-09-29T16:12:04.720Z,A5,sm:test:item_1829,not_strawman,1790698303947,strawman-test,,,
2026-09-29T16:12:04.720Z,A5,sm:test:item_1882,not_strawman,1790698316581,strawman-test,,,
2026-09-29T16:12:04.720Z,A5,sm:test:item_1849,not_strawman,1790698322951,strawman-test,,,
2026-09-29T16:12:26.892Z,A5,sm:dev:item_1723,not_strawman,1790698345842,strawman-dev,,,
2026-09-29T16:12:37.771Z,A5,sm:dev:item_1275,not_strawman,1790698356819,strawman-dev,,,
2026-09-29T16:12:43.765Z,A5,sm:test:item_1940,not_strawman,1790698363137,strawman-test,,,
2026-09-29T16:12:49.173Z,A5,sm:test:item_1940,not_strawman,1790698363137,strawman-test,,,
2026-09-29T16:12:49.173Z,A5,sm:test:item_1884,not_strawman,1790698368655,strawman-test,,,
2026-09-29T16:13:10.144Z,A5,sm:dev:item_2088,not_strawman,1790698389193,strawman-dev,,,
2026-09-29T16:23:28.545Z,A5,sm:dev:item_1908,not_strawman,1790699007130,strawman-dev,,,
2026-09-29T16:23:45.712Z,A5,sm:dev:item_1908,not_strawman,1790699007130,strawman-dev,,,
2026-09-29T16:23:45.712Z,A5,sm:test:item_1856,strawman,1790699024817,strawman-test,,,
2026-09-29T16:23:54.998Z,A5,sm:dev:item_1908,not_strawman,1790699007130,strawman-dev,,,
2026-09-29T16:23:54.998Z,A5,sm:test:item_1856,strawman,1790699024817,strawman-test,,,
2026-09-29T16:23:54.998Z,A5,sm:test:item_2022,not_strawman,1790699034334,strawman-test,,,
2026-09-29T16:24:02.832Z,A5,sm:dev:item_1908,not_strawman,1790699007130,strawman-dev,,,
2026-09-29T16:24:02.832Z,A5,sm:test:item_1856,strawman,1790699024817,strawman-test,,,
2026-09-29T16:24:02.832Z,A5,sm:test:item_2022,not_strawman,1790699034334,strawman-test,,,
2026-09-29T16:24:02.832Z,A5,sm:test:item_1929,not_strawman,1790699042021,strawman-test,,,
2026-09-29T16:24:10.038Z,A5,sm:dev:item_2104,not_strawman,1790699049055,strawman-dev,,,
2026-09-29T16:24:27.811Z,A5,sm:dev:item_2119,not_strawman,1790699066692,strawman-dev,,,
2026-09-29T16:24:40.509Z,A5,sm:test:item_1772,strawman,1790699079774,strawman-test,,,
2026-09-29T16:24:47.470Z,A5,sm:test:item_1772,strawman,1790699079774,strawman-test,,,
2026-09-29T16:24:47.470Z,A5,sm:test:item_2120,strawman,1790699086403,strawman-test,,,
2026-09-29T16:24:56.346Z,A5,sm:test:item_1880,strawman,1790699094986,strawman-test,,,
2026-09-29T16:25:07.613Z,A5,sm:test:item_2089,strawman,1790699106389,strawman-test,,,
2026-09-29T16:25:11.853Z,A5,sm:test:item_1809,strawman,1790699111212,strawman-test,,,
2026-09-29T16:25:24.967Z,A5,sm:test:item_1857,strawman,1790699124066,strawman-test,,,
2026-09-29T16:25:33.586Z,A5,sm:test:item_1857,strawman,1790699124066,strawman-test,,,
2026-09-29T16:25:33.586Z,A5,sm:test:item_2035,strawman,1790699131906,strawman-test,,,
2026-09-29T16:25:44.549Z,A5,sm:test:item_2091,unsure,1790699144034,strawman-test,,,
2026-09-29T16:25:54.193Z,A5,sm:test:item_2091,unsure,1790699144034,strawman-test,,,
2026-09-29T16:25:54.193Z,A5,sm:test:item_2025,strawman,1790699153608,strawman-test,,,
2026-09-29T16:25:58.657Z,A5,sm:test:item_1841,not_strawman,1790699158074,strawman-test,,,
2026-09-29T16:26:07.824Z,A5,sm:test:item_1792,not_strawman,1790699166939,strawman-test,,,
2026-09-29T16:26:21.997Z,A5,sm:test:item_1852,not_strawman,1790699181135,strawman-test,,,
2026-09-29T16:26:28.194Z,A5,sm:test:item_1822,not_strawman,1790699187509,strawman-test,,,
2026-09-29T16:26:33.374Z,A5,sm:test:item_1813,strawman,1790699192504,strawman-test,,,
2026-09-29T16:26:46.200Z,A5,sm:test:item_2108,not_strawman,1790699205231,strawman-test,,,
2026-09-29T16:26:55.384Z,A5,sm:test:item_2108,not_strawman,1790699205231,strawman-test,,,
2026-09-29T16:26:55.384Z,A5,sm:dev:item_1220,not_strawman,1790699214305,strawman-dev,,,
2026-09-29T16:27:07.842Z,A5,sm:test:item_1885,not_strawman,1790699226939,strawman-test,,,
2026-09-29T16:27:22.317Z,A5,sm:test:item_2123,not_strawman,1790699241346,strawman-test,,,
2026-09-29T16:27:31.721Z,A5,sm:test:item_2123,not_strawman,1790699241346,strawman-test,,,
2026-09-29T16:27:31.721Z,A5,sm:test:item_2100,not_strawman,1790699250825,strawman-test,,,
2026-09-29T16:27:47.183Z,A5,sm:test:item_1910,not_strawman,1790699266055,strawman-test,,,
2026-09-29T16:27:52.172Z,A5,sm:test:item_2084,not_strawman,1790699271425,strawman-test,,,
2026-09-29T16:28:07.692Z,A5,sm:dev:item_2040,not_strawman,1790699286776,strawman-dev,,,
2026-09-29T16:28:50.521Z,A5,sm:dev:item_2139,unsure,1790699329592,strawman-dev,,,
2026-09-29T16:29:01.983Z,A5,sm:test:item_1780,not_strawman,1790699341075,strawman-test,,,
2026-09-29T16:29:05.169Z,A5,sm:dev:item_2139,unsure,1790699329592,strawman-dev,,,
2026-09-29T16:29:05.169Z,A5,sm:test:item_2102,not_strawman,1790699334414,strawman-test,,,
2026-09-29T16:29:10.984Z,A5,sm:test:item_1780,not_strawman,1790699341075,strawman-test,,,
2026-09-29T16:29:10.984Z,A5,sm:test:item_1911,unsure,1790699350107,strawman-test,,,
2026-09-29T16:29:44.671Z,A5,sm:test:item_1810,not_strawman,1790699383763,strawman-test,,,
2026-09-29T16:30:02.818Z,A5,sm:test:item_1774,unsure,1790699402036,strawman-test,,,
2026-09-29T16:30:17.131Z,A5,sm:test:item_1788,not_strawman,1790699416441,strawman-test,,,
2026-09-29T16:30:22.065Z,A5,sm:test:item_1788,not_strawman,1790699416441,strawman-test,,,
2026-09-29T16:30:22.065Z,A5,sm:test:item_1922,not_strawman,1790699421389,strawman-test,,,
2026-09-29T16:30:43.530Z,A5,sm:test:item_2081,strawman,1790699441842,strawman-test,,,
2026-09-29T16:31:10.414Z,A5,sm:test:item_1873,not_strawman,1790699469172,strawman-test,,,
2026-09-29T16:31:21.718Z,A5,sm:dev:item_1820,not_strawman,1790699479341,strawman-dev,,,
2026-09-29T16:31:30.702Z,A5,sm:dev:item_1868,strawman,1790699490002,strawman-dev,,,
2026-09-29T16:31:35.619Z,A5,sm:test:item_2090,strawman,1790699494868,strawman-test,,,
2026-09-29T16:31:41.455Z,A5,sm:test:item_2115,strawman,1790699500948,strawman-test,,,
2026-09-29T16:31:48.138Z,A5,sm:test:item_2115,strawman,1790699500948,strawman-test,,,
2026-09-29T16:31:48.138Z,A5,sm:dev:item_1221,strawman,1790699507393,strawman-dev,,,
2026-09-29T16:31:58.268Z,A5,sm:dev:item_1999,not_strawman,1790699515528,strawman-dev,,,
2026-09-30T10:20:20.198Z,A1,item_2688,legitimate,1790763619029,main,,,
2026-09-30T10:25:10.905Z,A2,item_2688,legitimate,1790763907736,main,,,
2026-09-30T12:44:10.559Z,A1,item_3000,legitimate,1790772248866,main,,,
2026-09-30T12:44:30.690Z,A1,item_2863,legitimate,1790772269788,main,,,
2026-09-30T12:44:42.967Z,A1,item_2947,legitimate,1790772281596,main,,,
2026-09-30T12:44:49.429Z,A1,item_2947,legitimate,1790772281596,main,,,
2026-09-30T12:44:49.429Z,A1,item_3087,legitimate,1790772288718,main,,,
2026-09-30T12:45:26.167Z,A1,item_3087,legitimate,1790772288718,main,,,
2026-09-30T13:32:11.666Z,A1,item_3013,annoying,1790775130083,main,,,
2026-09-30T13:32:22.161Z,A1,item_2956,legitimate,1790775140844,main,,,
2026-09-30T13:32:31.801Z,A1,item_2956,legitimate,1790775140844,main,,,
2026-09-30T13:32:31.801Z,A1,item_3025,legitimate,1790775150759,main,,,
2026-09-30T13:32:39.917Z,A1,item_3025,legitimate,1790775150759,main,,,
2026-09-30T13:32:39.917Z,A1,item_3040,legitimate,1790775158923,main,,,
2026-09-30T13:32:47.835Z,A1,item_3040,legitimate,1790775158923,main,,,
2026-09-30T13:32:47.835Z,A1,item_3076,legitimate,1790775166498,main,,,
2026-09-30T13:44:54.054Z,A1,item_2853,annoying,1790775892986,main,,,
2026-09-30T13:45:03.438Z,A1,item_2853,annoying,1790775892986,main,,,
2026-09-30T13:45:03.438Z,A1,item_2993,legitimate,1790775902323,main,,,
2026-09-30T13:45:10.519Z,A1,item_2853,annoying,1790775892986,main,,,
2026-09-30T13:45:10.519Z,A1,item_2993,legitimate,1790775902323,main,,,
2026-09-30T13:45:10.519Z,A1,item_2753,legitimate,1790775909488,main,,,
2026-09-30T13:45:19.970Z,A1,item_2853,annoying,1790775892986,main,,,
2026-09-30T13:45:19.970Z,A1,item_2993,legitimate,1790775902323,main,,,
2026-09-30T13:45:19.970Z,A1,item_2753,legitimate,1790775909488,main,,,
2026-09-30T13:45:19.970Z,A1,item_2731,legitimate,1790775919104,main,,,
2026-09-30T13:45:31.279Z,A1,item_2731,legitimate,1790775919104,main,,,
2026-09-30T13:45:31.279Z,A1,item_2920,legitimate,1790775929974,main,,,
2026-09-30T13:45:39.542Z,A1,item_2731,legitimate,1790775919104,main,,,
2026-09-30T13:45:39.542Z,A1,item_2920,legitimate,1790775929974,main,,,
2026-09-30T13:45:39.542Z,A1,item_3050,legitimate,1790775938354,main,,,
2026-09-30T13:49:39.616Z,A2,item_3025,legitimate,1790776175872,main,,,
2026-09-30T13:50:11.820Z,A2,item_2839,annoying,1790776208023,main,,,
2026-09-30T13:50:26.419Z,A2,item_2839,annoying,1790776208023,main,,,
2026-09-30T13:50:26.419Z,A2,item_3002,legitimate,1790776222731,main,,,
2026-09-30T13:50:31.552Z,A2,item_2839,annoying,1790776208023,main,,,
2026-09-30T13:50:31.552Z,A2,item_3002,legitimate,1790776222731,main,,,
2026-09-30T13:50:40.825Z,A2,item_3073,legitimate,1790776236815,main,,,
2026-09-30T13:50:44.830Z,A2,item_3073,legitimate,1790776236815,main,,,
2026-09-30T13:50:44.830Z,A2,item_2804,legitimate,1790776241311,main,,,
2026-09-30T13:50:56.120Z,A2,item_2881,legitimate,1790776252783,main,,,
2026-09-30T13:50:59.954Z,A2,item_2881,legitimate,1790776252783,main,,,
2026-09-30T13:51:09.798Z,A2,item_2881,legitimate,1790776252783,main,,,
2026-09-30T13:51:09.798Z,A2,item_2763,legitimate,1790776266274,main,,,
2026-09-30T13:51:15.826Z,A2,item_2881,legitimate,1790776252783,main,,,
2026-09-30T13:51:15.826Z,A2,item_2763,legitimate,1790776266274,main,,,
2026-09-30T13:51:19.322Z,A2,item_2724,legitimate,1790776275669,main,,,
2026-09-30T13:51:30.666Z,A2,item_2773,legitimate,1790776286699,main,,,
2026-09-30T13:51:52.493Z,A2,item_3046,legitimate,1790776308982,main,,,
2026-09-30T13:51:58.841Z,A2,item_3046,legitimate,1790776308982,main,,,
2026-09-30T13:51:58.841Z,A2,item_3046,unsure,1790776311817,main,,,
2026-09-30T13:52:03.754Z,A2,item_3046,unsure,1790776311817,main,,,
2026-09-30T13:52:03.754Z,A2,item_3085,unsure,1790776320371,main,,,
2026-09-30T13:52:18.287Z,A2,item_3046,unsure,1790776311817,main,,,
2026-09-30T13:52:18.287Z,A2,item_3085,unsure,1790776320371,main,,,
2026-09-30T13:52:18.287Z,A2,item_2900,unsure,1790776334671,main,,,
2026-09-30T13:52:35.236Z,A2,item_2728,legitimate,1790776348673,main,,,
2026-09-30T13:52:39.305Z,A2,item_2728,legitimate,1790776348673,main,,,
2026-09-30T13:52:39.305Z,A2,item_3001,legitimate,1790776355829,main,,,
2026-09-30T13:52:41.027Z,A2,item_2728,legitimate,1790776348673,main,,,
2026-09-30T13:52:41.027Z,A2,item_3001,legitimate,1790776355829,main,,,
2026-09-30T13:52:52.036Z,A2,item_3020,legitimate,1790776367140,main,,,
2026-09-30T13:53:02.856Z,A2,item_3013,unsure,1790776378945,main,,,
2026-09-30T13:53:08.338Z,A2,item_2747,legitimate,1790776384722,main,,,
2026-09-30T13:53:18.349Z,A2,item_2843,legitimate,1790776395046,main,,,
2026-09-30T13:53:26.293Z,A2,item_2918,legitimate,1790776402770,main,,,
2026-09-30T13:53:34.511Z,A2,item_2786,legitimate,1790776410921,main,,,
2026-09-30T13:53:47.293Z,A2,item_2786,legitimate,1790776410921,main,,,
2026-09-30T13:53:47.293Z,A2,item_2737,unsure,1790776423668,main,,,
2026-09-30T13:55:38.351Z,A2,item_2885,legitimate,1790776534732,main,,,
2026-09-30T13:55:48.576Z,A2,item_2885,legitimate,1790776534732,main,,,
2026-09-30T13:55:48.576Z,A2,item_3087,legitimate,1790776544522,main,,,
2026-09-30T13:55:53.914Z,A2,item_2885,legitimate,1790776534732,main,,,
2026-09-30T13:55:53.914Z,A2,item_3087,legitimate,1790776544522,main,,,
2026-09-30T13:55:53.914Z,A2,item_2746,legitimate,1790776550311,main,,,
2026-09-30T13:56:25.250Z,A2,item_2793,annoying,1790776581308,main,,,
2026-09-30T13:56:32.696Z,A2,item_2793,annoying,1790776581308,main,,,
2026-09-30T13:56:50.077Z,A2,item_2793,annoying,1790776581308,main,,,
2026-09-30T13:56:50.077Z,A2,item_2766,legitimate,1790776606188,main,,,
2026-09-30T13:57:01.111Z,A2,item_2793,annoying,1790776581308,main,,,
2026-09-30T13:57:01.111Z,A2,item_2766,legitimate,1790776606188,main,,,
2026-09-30T13:57:01.111Z,A2,item_2809,legitimate,1790776617447,main,,,
2026-09-30T13:57:06.629Z,A2,item_2699,legitimate,1790776622951,main,,,
2026-09-30T13:57:13.499Z,A2,item_2699,legitimate,1790776622951,main,,,
2026-09-30T13:57:18.787Z,A2,item_2866,unsure,1790776635259,main,,,
2026-09-30T13:57:23.298Z,A2,item_2866,unsure,1790776635259,main,,,
2026-09-30T13:57:23.298Z,A2,item_3030,legitimate,1790776639653,main,,,
2026-09-30T13:57:34.909Z,A2,item_3030,legitimate,1790776639653,main,,,
2026-09-30T13:57:34.909Z,A2,item_2791,legitimate,1790776647395,main,,,
2026-09-30T13:57:45.133Z,A2,item_2718,unsure,1790776659928,main,,,
2026-09-30T13:57:51.833Z,A2,item_2876,legitimate,1790776668203,main,,,
2026-09-30T13:58:00.260Z,A2,item_2880,legitimate,1790776676982,main,,,
2026-09-30T13:58:09.995Z,A2,item_2805,legitimate,1790776686261,main,,,
2026-09-30T13:58:15.978Z,A2,item_2745,legitimate,1790776691770,main,,,
2026-09-30T13:58:21.899Z,A2,item_2898,legitimate,1790776697990,main,,,
2026-09-30T13:58:31.730Z,A2,item_2898,legitimate,1790776697990,main,,,
2026-09-30T13:58:31.730Z,A2,item_2707,unsure,1790776708278,main,,,
2026-09-30T13:58:43.249Z,A2,item_2811,legitimate,1790776718148,main,,,
2026-09-30T13:58:52.858Z,A2,item_2868,legitimate,1790776729056,main,,,
2026-09-30T13:59:00.937Z,A2,item_2868,legitimate,1790776729056,main,,,
2026-09-30T13:59:00.937Z,A2,item_2974,legitimate,1790776737442,main,,,
2026-09-30T13:59:05.142Z,A2,item_2868,legitimate,1790776729056,main,,,
2026-09-30T13:59:05.142Z,A2,item_2974,legitimate,1790776737442,main,,,
2026-09-30T13:59:05.142Z,A2,item_2945,legitimate,1790776741601,main,,,
2026-09-30T13:59:14.058Z,A2,item_2722,legitimate,1790776750567,main,,,
2026-09-30T13:59:18.645Z,A2,item_2798,legitimate,1790776755222,main,,,
2026-09-30T13:59:20.251Z,A1,item_2700,legitimate,1790776759179,main,,,
2026-09-30T13:59:30.891Z,A2,item_2700,legitimate,1790776767435,main,,,
2026-09-30T13:59:56.334Z,A1,item_2769,legitimate,1790776795331,main,,,
2026-09-30T14:00:07.044Z,A1,item_2769,legitimate,1790776795331,main,,,
2026-09-30T14:00:07.044Z,A1,item_2865,legitimate,1790776805919,main,,,
2026-09-30T14:00:18.330Z,A1,item_2821,annoying,1790776817315,main,,,
2026-09-30T14:00:22.620Z,A1,item_2996,legitimate,1790776821646,main,,,
2026-09-30T14:00:29.137Z,A2,item_3071,annoying,1790776825378,main,,,
2026-09-30T14:00:35.194Z,A1,item_2857,annoying,1790776834237,main,,,
2026-09-30T14:00:41.344Z,A1,item_2857,annoying,1790776834237,main,,,
2026-09-30T14:00:41.344Z,A1,item_3041,legitimate,1790776840430,main,,,
2026-09-30T14:00:45.423Z,A2,item_3071,annoying,1790776825378,main,,,
2026-09-30T14:00:45.423Z,A2,item_3044,unsure,1790776841957,main,,,
2026-09-30T14:00:50.771Z,A1,item_2857,annoying,1790776834237,main,,,
2026-09-30T14:00:50.771Z,A1,item_3041,legitimate,1790776840430,main,,,
2026-09-30T14:00:50.771Z,A1,item_2852,legitimate,1790776849750,main,,,
2026-09-30T14:00:51.465Z,A2,item_3071,annoying,1790776825378,main,,,
2026-09-30T14:00:51.465Z,A2,item_3044,unsure,1790776841957,main,,,
2026-09-30T14:00:51.465Z,A2,item_2965,legitimate,1790776847498,main,,,
2026-09-30T14:00:55.940Z,A2,item_3071,annoying,1790776825378,main,,,
2026-09-30T14:00:55.940Z,A2,item_3044,unsure,1790776841957,main,,,
2026-09-30T14:00:55.940Z,A2,item_2965,legitimate,1790776847498,main,,,
2026-09-30T14:00:55.940Z,A2,item_2823,legitimate,1790776852648,main,,,
2026-09-30T14:01:01.658Z,A1,item_2857,annoying,1790776834237,main,,,
2026-09-30T14:01:01.658Z,A1,item_3041,legitimate,1790776840430,main,,,
2026-09-30T14:01:01.658Z,A1,item_2852,legitimate,1790776849750,main,,,
2026-09-30T14:01:01.658Z,A1,item_2981,legitimate,1790776859963,main,,,
2026-09-30T14:01:02.957Z,A2,item_3071,annoying,1790776825378,main,,,
2026-09-30T14:01:02.957Z,A2,item_3044,unsure,1790776841957,main,,,
2026-09-30T14:01:02.957Z,A2,item_2965,legitimate,1790776847498,main,,,
2026-09-30T14:01:02.957Z,A2,item_2823,legitimate,1790776852648,main,,,
2026-09-30T14:01:02.957Z,A2,item_2969,legitimate,1790776859618,main,,,
2026-09-30T14:01:10.271Z,A2,item_3071,annoying,1790776825378,main,,,
2026-09-30T14:01:10.271Z,A2,item_3044,unsure,1790776841957,main,,,
2026-09-30T14:01:10.271Z,A2,item_2965,legitimate,1790776847498,main,,,
2026-09-30T14:01:10.271Z,A2,item_2823,legitimate,1790776852648,main,,,
2026-09-30T14:01:10.271Z,A2,item_2969,legitimate,1790776859618,main,,,
2026-09-30T14:01:10.271Z,A2,item_2776,legitimate,1790776866643,main,,,
2026-09-30T14:01:16.651Z,A2,item_3071,annoying,1790776825378,main,,,
2026-09-30T14:01:16.651Z,A2,item_3044,unsure,1790776841957,main,,,
2026-09-30T14:01:16.651Z,A2,item_2965,legitimate,1790776847498,main,,,
2026-09-30T14:01:16.651Z,A2,item_2823,legitimate,1790776852648,main,,,
2026-09-30T14:01:16.651Z,A2,item_2969,legitimate,1790776859618,main,,,
2026-09-30T14:01:16.651Z,A2,item_2776,legitimate,1790776866643,main,,,
2026-09-30T14:01:16.651Z,A2,item_2779,legitimate,1790776872777,main,,,
2026-09-30T14:01:30.774Z,A2,item_3071,annoying,1790776825378,main,,,
2026-09-30T14:01:30.774Z,A2,item_3044,unsure,1790776841957,main,,,
2026-09-30T14:01:30.774Z,A2,item_2965,legitimate,1790776847498,main,,,
2026-09-30T14:01:30.774Z,A2,item_2823,legitimate,1790776852648,main,,,
2026-09-30T14:01:30.774Z,A2,item_2969,legitimate,1790776859618,main,,,
2026-09-30T14:01:30.774Z,A2,item_2776,legitimate,1790776866643,main,,,
2026-09-30T14:01:30.774Z,A2,item_2779,legitimate,1790776872777,main,,,
2026-09-30T14:01:38.528Z,A2,item_2993,annoying,1790776894848,main,,,
2026-09-30T14:01:40.005Z,A2,item_2993,annoying,1790776894848,main,,,
2026-09-30T14:01:53.936Z,A2,item_2993,annoying,1790776894848,main,,,
2026-09-30T14:02:03.392Z,A2,item_2861,legitimate,1790776919638,main,,,
2026-09-30T14:02:23.471Z,A2,item_3052,annoying,1790776939221,main,,,
2026-09-30T14:02:30.111Z,A2,item_3052,annoying,1790776939221,main,,,
2026-09-30T14:02:30.111Z,A2,item_2870,legitimate,1790776946336,main,,,
2026-09-30T14:02:34.751Z,A2,item_3052,annoying,1790776939221,main,,,
2026-09-30T14:02:34.751Z,A2,item_2870,legitimate,1790776946336,main,,,
2026-09-30T14:02:34.751Z,A2,item_3008,legitimate,1790776951069,main,,,
2026-09-30T14:02:41.958Z,A2,item_2950,legitimate,1790776956789,main,,,
2026-09-30T14:03:01.461Z,A2,item_2950,legitimate,1790776956789,main,,,
2026-09-30T14:03:01.461Z,A2,item_2772,legitimate,1790776977706,main,,,
2026-09-30T14:03:04.041Z,A2,item_2950,legitimate,1790776956789,main,,,
2026-09-30T14:03:04.041Z,A2,item_2772,legitimate,1790776977706,main,,,
2026-09-30T14:03:13.570Z,A2,item_2894,legitimate,1790776989261,main,,,
2026-09-30T14:03:16.854Z,A2,item_2894,legitimate,1790776989261,main,,,
2026-09-30T14:03:16.854Z,A2,item_2908,legitimate,1790776993063,main,,,
2026-09-30T14:03:18.483Z,A2,item_2894,legitimate,1790776989261,main,,,
2026-09-30T14:03:18.483Z,A2,item_2908,legitimate,1790776993063,main,,,
2026-09-30T14:03:22.323Z,A2,item_2764,unsure,1790776998739,main,,,
2026-09-30T14:03:40.486Z,A2,item_3064,annoying,1790777016010,main,,,
2026-09-30T14:04:16.127Z,A2,item_3039,annoying,1790777051433,main,,,
2026-09-30T14:04:22.073Z,A2,item_3039,annoying,1790777051433,main,,,
2026-09-30T14:04:22.073Z,A2,item_2863,legitimate,1790777058499,main,,,
2026-09-30T14:04:46.070Z,A2,item_2816,unsure,1790777082462,main,,,
2026-09-30T14:04:57.568Z,A2,item_2795,unsure,1790777093906,main,,,
2026-09-30T14:05:06.766Z,A2,item_2795,unsure,1790777093906,main,,,
2026-09-30T14:05:06.766Z,A2,item_2869,legitimate,1790777102954,main,,,
2026-09-30T14:05:38.882Z,A2,item_2997,annoying,1790777134231,main,,,
2026-09-30T14:05:51.453Z,A2,item_2971,legitimate,1790777147856,main,,,
2026-09-30T14:06:09.000Z,A2,item_2830,legitimate,1790777164838,main,,,
2026-09-30T14:06:16.649Z,A2,item_2830,legitimate,1790777164838,main,,,
2026-09-30T14:06:16.649Z,A2,item_2837,legitimate,1790777173154,main,,,
2026-09-30T14:06:27.841Z,A2,item_2935,legitimate,1790777181151,main,,,
2026-09-30T14:06:35.777Z,A2,item_2935,legitimate,1790777181151,main,,,
2026-09-30T14:06:35.777Z,A2,item_3078,legitimate,1790777192366,main,,,
2026-09-30T14:06:41.703Z,A2,item_2935,legitimate,1790777181151,main,,,
2026-09-30T14:06:41.703Z,A2,item_3078,legitimate,1790777192366,main,,,
2026-09-30T14:06:41.703Z,A2,item_3024,unsure,1790777198010,main,,,
2026-09-30T14:07:17.610Z,A2,item_3056,annoying,1790777234027,main,,,
2026-09-30T14:08:26.928Z,A2,item_3056,annoying,1790777234027,main,,,
2026-09-30T14:08:26.928Z,A2,item_2862,legitimate,1790777303345,main,,,
2026-09-30T14:08:30.499Z,A2,item_2897,legitimate,1790777306881,main,,,
2026-09-30T14:08:56.280Z,A2,item_2966,annoying,1790777332579,main,,,
2026-09-30T14:09:06.680Z,A2,item_2913,legitimate,1790777343006,main,,,
2026-09-30T14:09:17.826Z,A2,item_2913,legitimate,1790777343006,main,,,
2026-09-30T14:09:17.826Z,A2,item_2757,legitimate,1790777353703,main,,,
2026-09-30T14:09:24.920Z,A2,item_2986,legitimate,1790777361022,main,,,
2026-09-30T14:09:30.628Z,A2,item_3043,legitimate,1790777367053,main,,,
2026-09-30T14:09:38.296Z,A2,item_3043,legitimate,1790777367053,main,,,
2026-09-30T14:09:38.296Z,A2,item_2690,legitimate,1790777374667,main,,,
2026-09-30T14:09:53.284Z,A2,item_3043,legitimate,1790777367053,main,,,
2026-09-30T14:09:53.284Z,A2,item_2690,legitimate,1790777374667,main,,,
2026-09-30T14:09:53.284Z,A2,item_3054,legitimate,1790777389685,main,,,
2026-09-30T14:10:08.478Z,A2,item_3054,legitimate,1790777389685,main,,,
2026-09-30T14:10:08.478Z,A2,item_2841,legitimate,1790777400226,main,,,
2026-09-30T14:10:08.478Z,A2,item_2912,legitimate,1790777403934,main,,,
2026-09-30T14:10:10.212Z,A2,item_3054,legitimate,1790777389685,main,,,
2026-09-30T14:10:10.212Z,A2,item_2841,legitimate,1790777400226,main,,,
2026-09-30T14:10:10.212Z,A2,item_2912,legitimate,1790777403934,main,,,
2026-09-30T14:10:14.524Z,A2,item_3054,legitimate,1790777389685,main,,,
2026-09-30T14:10:14.524Z,A2,item_2841,legitimate,1790777400226,main,,,
2026-09-30T14:10:21.515Z,A2,item_2964,unsure,1790777417619,main,,,
2026-09-30T14:10:24.778Z,A2,item_2964,unsure,1790777417619,main,,,
2026-09-30T14:10:27.545Z,A2,item_2964,unsure,1790777417619,main,,,
2026-09-30T14:10:27.545Z,A2,item_2941,legitimate,1790777423430,main,,,
2026-09-30T14:10:32.957Z,A2,item_2964,unsure,1790777417619,main,,,
2026-09-30T14:10:32.957Z,A2,item_2941,legitimate,1790777423430,main,,,
2026-09-30T14:10:32.957Z,A2,item_2731,unsure,1790777429235,main,,,
2026-09-30T14:10:39.800Z,A2,item_2964,unsure,1790777417619,main,,,
2026-09-30T14:10:39.800Z,A2,item_2941,legitimate,1790777423430,main,,,
2026-09-30T14:10:39.800Z,A2,item_2731,unsure,1790777429235,main,,,
2026-09-30T14:10:39.800Z,A2,item_2994,unsure,1790777436105,main,,,
2026-09-30T14:10:48.191Z,A2,item_2964,unsure,1790777417619,main,,,
2026-09-30T14:10:48.191Z,A2,item_2941,legitimate,1790777423430,main,,,
2026-09-30T14:10:48.191Z,A2,item_2731,unsure,1790777429235,main,,,
2026-09-30T14:10:48.191Z,A2,item_2994,unsure,1790777436105,main,,,
2026-09-30T14:10:48.191Z,A2,item_2940,legitimate,1790777443296,main,,,
2026-09-30T14:10:56.201Z,A2,item_2964,unsure,1790777417619,main,,,
2026-09-30T14:10:56.201Z,A2,item_2941,legitimate,1790777423430,main,,,
2026-09-30T14:10:56.201Z,A2,item_2731,unsure,1790777429235,main,,,
2026-09-30T14:10:56.201Z,A2,item_2994,unsure,1790777436105,main,,,
2026-09-30T14:10:56.201Z,A2,item_2940,legitimate,1790777443296,main,,,
2026-09-30T14:10:56.201Z,A2,item_3076,legitimate,1790777452662,main,,,
2026-09-30T14:11:08.014Z,A2,item_2994,unsure,1790777436105,main,,,
2026-09-30T14:11:08.014Z,A2,item_2940,legitimate,1790777443296,main,,,
2026-09-30T14:11:08.014Z,A2,item_3076,legitimate,1790777452662,main,,,
2026-09-30T14:11:08.014Z,A2,item_3041,legitimate,1790777462791,main,,,
2026-09-30T14:11:10.433Z,A2,item_2994,unsure,1790777436105,main,,,
2026-09-30T14:11:10.433Z,A2,item_2940,legitimate,1790777443296,main,,,
2026-09-30T14:11:10.433Z,A2,item_3076,legitimate,1790777452662,main,,,
2026-09-30T14:11:10.433Z,A2,item_3041,legitimate,1790777462791,main,,,
2026-09-30T14:11:10.433Z,A2,item_3041,unsure,1790777467050,main,,,
2026-09-30T14:11:10.585Z,A2,item_2994,unsure,1790777436105,main,,,
2026-09-30T14:11:10.585Z,A2,item_2940,legitimate,1790777443296,main,,,
2026-09-30T14:11:10.585Z,A2,item_3076,legitimate,1790777452662,main,,,
2026-09-30T14:11:10.585Z,A2,item_3041,legitimate,1790777462791,main,,,
2026-09-30T14:11:19.889Z,A2,item_2706,legitimate,1790777476328,main,,,
2026-09-30T14:11:26.091Z,A2,item_2706,legitimate,1790777476328,main,,,
2026-09-30T14:11:26.091Z,A2,item_2829,legitimate,1790777482296,main,,,
2026-09-30T14:11:29.391Z,A2,item_2706,legitimate,1790777476328,main,,,
2026-09-30T14:11:29.391Z,A2,item_2829,legitimate,1790777482296,main,,,
2026-09-30T14:11:29.391Z,A2,item_2887,legitimate,1790777485979,main,,,
2026-09-30T14:11:39.156Z,A2,item_2887,legitimate,1790777485979,main,,,
2026-09-30T14:11:39.156Z,A2,item_2901,legitimate,1790777495555,main,,,
2026-09-30T14:11:42.700Z,A2,item_2887,legitimate,1790777485979,main,,,
2026-09-30T14:11:42.700Z,A2,item_2901,legitimate,1790777495555,main,,,
2026-09-30T14:11:44.125Z,A2,item_2887,legitimate,1790777485979,main,,,
2026-09-30T14:11:44.125Z,A2,item_2901,legitimate,1790777495555,main,,,
2026-09-30T14:11:44.125Z,A2,item_2931,legitimate,1790777500141,main,,,
2026-09-30T14:11:50.445Z,A2,item_2931,legitimate,1790777500141,main,,,
2026-09-30T14:11:50.445Z,A2,item_2907,legitimate,1790777506617,main,,,
2026-09-30T14:11:51.766Z,A2,item_2931,legitimate,1790777500141,main,,,
2026-09-30T14:11:51.766Z,A2,item_2907,legitimate,1790777506617,main,,,
2026-09-30T14:12:06.860Z,A2,item_2821,legitimate,1790777523133,main,,,
2026-09-30T14:12:12.183Z,A2,item_2821,legitimate,1790777523133,main,,,
2026-09-30T14:12:12.183Z,A2,item_2882,legitimate,1790777528444,main,,,
2026-09-30T14:12:17.887Z,A2,item_2882,legitimate,1790777528444,main,,,
2026-09-30T14:12:17.887Z,A2,item_2702,legitimate,1790777534393,main,,,
2026-09-30T14:12:22.349Z,A2,item_2702,legitimate,1790777534393,main,,,
2026-09-30T14:12:22.349Z,A2,item_2727,legitimate,1790777538693,main,,,
2026-09-30T14:12:28.951Z,A2,item_2733,legitimate,1790777544651,main,,,
2026-09-30T14:12:35.444Z,A2,item_2932,legitimate,1790777551900,main,,,
2026-09-30T14:12:41.549Z,A2,item_2932,legitimate,1790777551900,main,,,
2026-09-30T14:12:41.549Z,A2,item_2961,legitimate,1790777557878,main,,,
2026-09-30T14:12:53.382Z,A2,item_2855,legitimate,1790777568794,main,,,
2026-09-30T14:12:58.397Z,A2,item_2855,legitimate,1790777568794,main,,,
2026-09-30T14:12:58.397Z,A2,item_3047,unsure,1790777574850,main,,,
2026-09-30T14:13:04.040Z,A2,item_3047,unsure,1790777574850,main,,,
2026-09-30T14:13:04.040Z,A2,item_2721,legitimate,1790777580207,main,,,
2026-09-30T14:13:10.762Z,A2,item_3047,unsure,1790777574850,main,,,
2026-09-30T14:13:10.762Z,A2,item_2721,legitimate,1790777580207,main,,,
2026-09-30T14:13:10.762Z,A2,item_3069,legitimate,1790777587325,main,,,
2026-09-30T14:13:21.043Z,A2,item_3032,legitimate,1790777597649,main,,,
2026-09-30T14:13:27.200Z,A2,item_3032,legitimate,1790777597649,main,,,
2026-09-30T14:13:27.200Z,A2,item_3016,legitimate,1790777603532,main,,,
2026-09-30T14:13:33.115Z,A2,item_3058,legitimate,1790777609136,main,,,
2026-09-30T14:13:42.021Z,A2,item_2751,legitimate,1790777618029,main,,,
2026-09-30T14:13:51.330Z,A2,item_2923,legitimate,1790777623925,main,,,
2026-09-30T14:13:51.330Z,A2,item_2942,legitimate,1790777627976,main,,,
2026-09-30T14:13:56.627Z,A2,item_2942,legitimate,1790777627976,main,,,
2026-09-30T14:13:56.627Z,A2,item_3086,legitimate,1790777631974,main,,,
2026-09-30T14:14:02.462Z,A2,item_3084,legitimate,1790777638312,main,,,
2026-09-30T14:14:56.726Z,A2,item_2976,legitimate,1790777692999,main,,,
2026-09-30T14:15:04.704Z,A2,item_2976,legitimate,1790777692999,main,,,
2026-09-30T14:15:04.704Z,A2,item_2833,legitimate,1790777700696,main,,,
2026-09-30T14:15:08.772Z,A2,item_2976,legitimate,1790777692999,main,,,
2026-09-30T14:15:08.772Z,A2,item_2833,legitimate,1790777700696,main,,,
2026-09-30T14:15:08.772Z,A2,item_2955,legitimate,1790777705148,main,,,
2026-09-30T14:15:14.326Z,A2,item_2976,legitimate,1790777692999,main,,,
2026-09-30T14:15:14.326Z,A2,item_2833,legitimate,1790777700696,main,,,
2026-09-30T14:15:14.326Z,A2,item_2955,legitimate,1790777705148,main,,,
2026-09-30T14:15:14.326Z,A2,item_2939,legitimate,1790777710793,main,,,
2026-09-30T14:15:27.026Z,A2,item_2955,legitimate,1790777705148,main,,,
2026-09-30T14:15:27.026Z,A2,item_2939,legitimate,1790777710793,main,,,
2026-09-30T14:15:27.026Z,A2,item_2848,legitimate,1790777723594,main,,,
2026-09-30T14:15:33.505Z,A2,item_2955,legitimate,1790777705148,main,,,
2026-09-30T14:15:33.505Z,A2,item_2939,legitimate,1790777710793,main,,,
2026-09-30T14:15:33.505Z,A2,item_2848,legitimate,1790777723594,main,,,
2026-09-30T14:15:33.505Z,A2,item_2854,legitimate,1790777729809,main,,,
2026-09-30T14:15:50.578Z,A2,item_2955,legitimate,1790777705148,main,,,
2026-09-30T14:15:50.578Z,A2,item_2939,legitimate,1790777710793,main,,,
2026-09-30T14:15:50.578Z,A2,item_2848,legitimate,1790777723594,main,,,
2026-09-30T14:15:50.578Z,A2,item_2854,legitimate,1790777729809,main,,,
2026-09-30T14:15:50.578Z,A2,item_2735,unsure,1790777746960,main,,,
2026-09-30T14:15:59.308Z,A2,item_2955,legitimate,1790777705148,main,,,
2026-09-30T14:15:59.308Z,A2,item_2939,legitimate,1790777710793,main,,,
2026-09-30T14:15:59.308Z,A2,item_2848,legitimate,1790777723594,main,,,
2026-09-30T14:15:59.308Z,A2,item_2854,legitimate,1790777729809,main,,,
2026-09-30T14:15:59.308Z,A2,item_2735,unsure,1790777746960,main,,,
2026-09-30T14:15:59.308Z,A2,item_2856,legitimate,1790777755308,main,,,
2026-09-30T14:16:00.374Z,A2,item_2955,legitimate,1790777705148,main,,,
2026-09-30T14:16:00.374Z,A2,item_2939,legitimate,1790777710793,main,,,
2026-09-30T14:16:00.374Z,A2,item_2848,legitimate,1790777723594,main,,,
2026-09-30T14:16:00.374Z,A2,item_2854,legitimate,1790777729809,main,,,
2026-09-30T14:16:00.374Z,A2,item_2735,unsure,1790777746960,main,,,
2026-09-30T14:16:00.374Z,A2,item_2856,legitimate,1790777755308,main,,,
2026-09-30T14:16:05.081Z,A2,item_2955,legitimate,1790777705148,main,,,
2026-09-30T14:16:05.081Z,A2,item_2939,legitimate,1790777710793,main,,,
2026-09-30T14:16:05.081Z,A2,item_2848,legitimate,1790777723594,main,,,
2026-09-30T14:16:05.081Z,A2,item_2854,legitimate,1790777729809,main,,,
2026-09-30T14:16:05.081Z,A2,item_2735,unsure,1790777746960,main,,,
2026-09-30T14:16:05.081Z,A2,item_2856,legitimate,1790777755308,main,,,
2026-09-30T14:16:05.081Z,A2,item_3012,legitimate,1790777761043,main,,,
2026-09-30T14:16:11.613Z,A2,item_2955,legitimate,1790777705148,main,,,
2026-09-30T14:16:11.613Z,A2,item_2939,legitimate,1790777710793,main,,,
2026-09-30T14:16:11.613Z,A2,item_2848,legitimate,1790777723594,main,,,
2026-09-30T14:16:11.613Z,A2,item_2854,legitimate,1790777729809,main,,,
2026-09-30T14:16:11.613Z,A2,item_2735,unsure,1790777746960,main,,,
2026-09-30T14:16:11.613Z,A2,item_2856,legitimate,1790777755308,main,,,
2026-09-30T14:16:11.613Z,A2,item_3012,legitimate,1790777761043,main,,,
2026-09-30T14:16:11.613Z,A2,item_2760,legitimate,1790777767545,main,,,
2026-09-30T14:16:15.823Z,A2,item_2771,legitimate,1790777772339,main,,,
2026-09-30T14:16:24.689Z,A2,item_2835,legitimate,1790777780952,main,,,
2026-09-30T14:16:31.068Z,A2,item_2937,legitimate,1790777787418,main,,,
2026-09-30T14:16:38.554Z,A2,item_2787,legitimate,1790777794735,main,,,
2026-09-30T14:16:43.954Z,A2,item_2990,legitimate,1790777800238,main,,,
2026-09-30T14:16:49.565Z,A2,item_2899,legitimate,1790777806070,main,,,
2026-09-30T14:16:56.240Z,A2,item_2899,legitimate,1790777806070,main,,,
2026-09-30T14:16:56.240Z,A2,item_2842,legitimate,1790777812678,main,,,
2026-09-30T14:17:05.895Z,A2,item_2917,legitimate,1790777822222,main,,,
2026-09-30T14:17:12.089Z,A2,item_2917,legitimate,1790777822222,main,,,
2026-09-30T14:17:12.089Z,A2,item_2972,legitimate,1790777828543,main,,,
2026-09-30T14:17:16.019Z,A2,item_2753,legitimate,1790777832089,main,,,
2026-09-30T14:17:22.428Z,A2,item_2753,legitimate,1790777832089,main,,,
2026-09-30T14:17:22.428Z,A2,item_3009,legitimate,1790777837789,main,,,
2026-09-30T14:17:28.011Z,A2,item_2753,legitimate,1790777832089,main,,,
2026-09-30T14:17:28.011Z,A2,item_3009,legitimate,1790777837789,main,,,
2026-09-30T14:17:28.011Z,A2,item_2995,unsure,1790777844415,main,,,
2026-09-30T14:17:32.813Z,A2,item_2995,unsure,1790777844415,main,,,
2026-09-30T14:17:32.813Z,A2,item_2715,legitimate,1790777849274,main,,,
2026-09-30T14:18:15.529Z,A2,item_3077,annoying,1790777891754,main,,,
2026-09-30T14:18:23.246Z,A2,item_3048,unsure,1790777899651,main,,,
2026-09-30T14:18:31.803Z,A2,item_3048,unsure,1790777899651,main,,,
2026-09-30T14:18:31.803Z,A2,item_2711,legitimate,1790777908146,main,,,
2026-09-30T14:18:38.002Z,A2,item_3048,unsure,1790777899651,main,,,
2026-09-30T14:18:38.002Z,A2,item_2711,legitimate,1790777908146,main,,,
2026-09-30T14:18:38.002Z,A2,item_2949,legitimate,1790777914099,main,,,
2026-09-30T14:18:42.635Z,A2,item_2749,legitimate,1790777918386,main,,,
2026-09-30T14:18:47.634Z,A2,item_2864,legitimate,1790777924253,main,,,
2026-09-30T14:19:05.868Z,A2,item_3082,unsure,1790777941294,main,,,
2026-09-30T14:19:09.109Z,A2,item_3082,unsure,1790777941294,main,,,
2026-09-30T14:19:09.109Z,A2,item_3059,legitimate,1790777945187,main,,,
2026-09-30T14:19:15.287Z,A2,item_3082,unsure,1790777941294,main,,,
2026-09-30T14:19:15.287Z,A2,item_3059,legitimate,1790777945187,main,,,
2026-09-30T14:19:15.287Z,A2,item_3029,legitimate,1790777951852,main,,,
2026-09-30T14:19:22.499Z,A2,item_3059,legitimate,1790777945187,main,,,
2026-09-30T14:19:22.499Z,A2,item_3029,legitimate,1790777951852,main,,,
2026-09-30T14:19:22.499Z,A2,item_2852,legitimate,1790777958523,main,,,
2026-09-30T14:19:28.729Z,A2,item_2873,legitimate,1790777965310,main,,,
2026-09-30T14:19:39.057Z,A2,item_3031,unsure,1790777975144,main,,,
2026-09-30T14:19:49.759Z,A2,item_2849,annoying,1790777986153,main,,,
2026-09-30T14:19:57.083Z,A2,item_2849,annoying,1790777986153,main,,,
2026-09-30T14:19:57.083Z,A2,item_2845,legitimate,1790777993061,main,,,
2026-09-30T14:20:05.302Z,A2,item_3074,legitimate,1790777999981,main,,,
2026-09-30T14:20:10.404Z,A2,item_2831,legitimate,1790778006438,main,,,
2026-09-30T14:20:35.929Z,A2,item_2831,legitimate,1790778006438,main,,,
2026-09-30T14:20:35.929Z,A2,item_2834,annoying,1790778031960,main,,,
2026-09-30T14:20:40.768Z,A2,item_2954,legitimate,1790778037139,main,,,
2026-09-30T14:20:47.723Z,A2,item_2954,legitimate,1790778037139,main,,,
2026-09-30T14:20:47.723Z,A2,item_2782,annoying,1790778043810,main,,,
2026-09-30T14:20:56.742Z,A2,item_2865,legitimate,1790778052908,main,,,
2026-09-30T14:21:02.044Z,A2,item_2865,legitimate,1790778052908,main,,,
2026-09-30T14:21:02.044Z,A2,item_2822,legitimate,1790778058576,main,,,
2026-09-30T14:21:09.150Z,A2,item_2865,legitimate,1790778052908,main,,,
2026-09-30T14:21:09.150Z,A2,item_2822,legitimate,1790778058576,main,,,
2026-09-30T14:21:09.150Z,A2,item_2744,legitimate,1790778065160,main,,,
2026-09-30T14:21:12.458Z,A2,item_2865,legitimate,1790778052908,main,,,
2026-09-30T14:21:12.458Z,A2,item_2822,legitimate,1790778058576,main,,,
2026-09-30T14:21:12.458Z,A2,item_2744,legitimate,1790778065160,main,,,
2026-09-30T14:21:12.458Z,A2,item_2693,legitimate,1790778068999,main,,,
2026-09-30T14:21:18.893Z,A2,item_2865,legitimate,1790778052908,main,,,
2026-09-30T14:21:18.893Z,A2,item_2822,legitimate,1790778058576,main,,,
2026-09-30T14:21:18.893Z,A2,item_2744,legitimate,1790778065160,main,,,
2026-09-30T14:21:18.893Z,A2,item_2693,legitimate,1790778068999,main,,,
2026-09-30T14:21:18.893Z,A2,item_3023,legitimate,1790778075373,main,,,
2026-09-30T14:21:23.310Z,A2,item_2886,legitimate,1790778079729,main,,,
2026-09-30T14:21:29.431Z,A2,item_3006,legitimate,1790778085241,main,,,
2026-09-30T14:21:32.919Z,A2,item_3006,legitimate,1790778085241,main,,,
2026-09-30T14:21:32.919Z,A2,item_2877,legitimate,1790778088869,main,,,
2026-09-30T14:21:37.762Z,A2,item_3006,legitimate,1790778085241,main,,,
2026-09-30T14:21:37.762Z,A2,item_2877,legitimate,1790778088869,main,,,
2026-09-30T14:21:37.762Z,A2,item_2768,legitimate,1790778093968,main,,,
2026-09-30T14:21:44.853Z,A2,item_3006,legitimate,1790778085241,main,,,
2026-09-30T14:21:44.853Z,A2,item_2877,legitimate,1790778088869,main,,,
2026-09-30T14:21:44.853Z,A2,item_2768,legitimate,1790778093968,main,,,
2026-09-30T14:21:44.853Z,A2,item_3042,legitimate,1790778101202,main,,,
2026-09-30T14:22:01.665Z,A2,item_3006,legitimate,1790778085241,main,,,
2026-09-30T14:22:01.665Z,A2,item_2877,legitimate,1790778088869,main,,,
2026-09-30T14:22:01.665Z,A2,item_2768,legitimate,1790778093968,main,,,
2026-09-30T14:22:01.665Z,A2,item_3042,legitimate,1790778101202,main,,,
2026-09-30T14:22:01.665Z,A2,item_2714,legitimate,1790778113682,main,,,
2026-09-30T14:22:01.665Z,A2,item_2889,legitimate,1790778118056,main,,,
2026-09-30T14:22:04.056Z,A2,item_3006,legitimate,1790778085241,main,,,
2026-09-30T14:22:04.056Z,A2,item_2877,legitimate,1790778088869,main,,,
2026-09-30T14:22:04.056Z,A2,item_2768,legitimate,1790778093968,main,,,
2026-09-30T14:22:04.056Z,A2,item_3042,legitimate,1790778101202,main,,,
2026-09-30T14:22:04.056Z,A2,item_2714,legitimate,1790778113682,main,,,
2026-09-30T14:22:10.887Z,A2,item_2927,unsure,1790778126767,main,,,
2026-09-30T14:22:16.137Z,A2,item_2871,legitimate,1790778132664,main,,,
2026-09-30T14:22:20.938Z,A2,item_2871,legitimate,1790778132664,main,,,
2026-09-30T14:22:20.938Z,A2,item_2916,legitimate,1790778137099,main,,,
2026-09-30T14:22:27.179Z,A2,item_2871,legitimate,1790778132664,main,,,
2026-09-30T14:22:27.179Z,A2,item_2916,legitimate,1790778137099,main,,,
2026-09-30T14:22:27.179Z,A2,item_2895,legitimate,1790778143228,main,,,
2026-09-30T14:22:30.422Z,A2,item_2871,legitimate,1790778132664,main,,,
2026-09-30T14:22:30.422Z,A2,item_2916,legitimate,1790778137099,main,,,
2026-09-30T14:22:30.422Z,A2,item_2895,legitimate,1790778143228,main,,,
2026-09-30T14:22:30.422Z,A2,item_2946,legitimate,1790778147036,main,,,
2026-09-30T14:22:37.752Z,A2,item_2946,legitimate,1790778147036,main,,,
2026-09-30T14:22:37.752Z,A2,item_2905,legitimate,1790778152973,main,,,
2026-09-30T14:22:45.557Z,A2,item_2905,legitimate,1790778152973,main,,,
2026-09-30T14:22:45.557Z,A2,item_2952,legitimate,1790778161777,main,,,
2026-09-30T14:22:50.122Z,A2,item_2943,legitimate,1790778166538,main,,,
2026-09-30T14:22:56.371Z,A2,item_2943,legitimate,1790778166538,main,,,
2026-09-30T14:22:56.371Z,A2,item_2921,legitimate,1790778172859,main,,,
2026-09-30T14:23:01.477Z,A2,item_2943,legitimate,1790778166538,main,,,
2026-09-30T14:23:01.477Z,A2,item_2921,legitimate,1790778172859,main,,,
2026-09-30T14:23:01.477Z,A2,item_2982,legitimate,1790778177872,main,,,
2026-09-30T14:23:21.243Z,A2,item_3079,legitimate,1790778196498,main,,,
2026-09-30T14:23:55.205Z,A2,item_2712,annoying,1790778231589,main,,,
2026-09-30T14:24:03.657Z,A2,item_2712,annoying,1790778231589,main,,,
2026-09-30T14:24:03.657Z,A2,item_2769,legitimate,1790778239757,main,,,
2026-09-30T14:24:10.357Z,A2,item_2712,annoying,1790778231589,main,,,
2026-09-30T14:24:10.357Z,A2,item_2769,legitimate,1790778239757,main,,,
2026-09-30T14:24:10.357Z,A2,item_2902,unsure,1790778246717,main,,,
2026-09-30T14:24:16.397Z,A2,item_2769,legitimate,1790778239757,main,,,
2026-09-30T14:24:16.397Z,A2,item_2902,unsure,1790778246717,main,,,
2026-09-30T14:24:16.397Z,A2,item_2777,legitimate,1790778252848,main,,,
2026-09-30T14:24:21.145Z,A2,item_2777,legitimate,1790778252848,main,,,
2026-09-30T14:24:21.145Z,A2,item_2956,legitimate,1790778257317,main,,,
2026-09-30T14:24:26.063Z,A2,item_2801,legitimate,1790778262532,main,,,
2026-09-30T14:24:32.729Z,A2,item_2857,legitimate,1790778269139,main,,,
2026-09-30T14:24:40.124Z,A2,item_2893,legitimate,1790778275911,main,,,
2026-09-30T14:24:46.885Z,A2,item_3057,unsure,1790778283169,main,,,
2026-09-30T14:24:55.930Z,A2,item_2989,legitimate,1790778290936,main,,,
2026-09-30T14:24:58.494Z,A2,item_2959,legitimate,1790778295025,main,,,
2026-09-30T14:25:02.059Z,A2,item_3060,legitimate,1790778298372,main,,,
2026-09-30T14:25:06.567Z,A2,item_2890,legitimate,1790778303100,main,,,
2026-09-30T14:25:13.807Z,A2,item_3036,legitimate,1790778310283,main,,,
2026-09-30T14:25:19.994Z,A2,item_2758,unsure,1790778316215,main,,,
2026-09-30T14:25:26.244Z,A2,item_2832,legitimate,1790778322345,main,,,
2026-09-30T14:25:33.538Z,A2,item_2832,legitimate,1790778322345,main,,,
2026-09-30T14:25:33.538Z,A2,rep__item_2876,legitimate,1790778328795,main,,,
2026-09-30T14:25:38.277Z,A2,item_2947,legitimate,1790778334796,main,,,
2026-09-30T14:25:45.168Z,A2,item_3063,legitimate,1790778341196,main,,,
2026-09-30T14:25:54.617Z,A2,item_3083,legitimate,1790778351006,main,,,
2026-09-30T14:26:02.286Z,A2,rep__item_2868,legitimate,1790778357914,main,,,
2026-09-30T14:26:05.588Z,A2,rep__item_3087,legitimate,1790778362033,main,,,
2026-09-30T14:26:41.030Z,A2,rep__item_3039,annoying,1790778397150,main,,,
2026-09-30T14:26:55.112Z,A2,rep__item_3039,annoying,1790778397150,main,,,
2026-09-30T14:26:55.112Z,A2,item_3045,legitimate,1790778410920,main,,,
2026-09-30T14:26:58.469Z,A2,rep__item_2912,legitimate,1790778414650,main,,,
2026-09-30T14:27:02.870Z,A2,item_2716,legitimate,1790778419261,main,,,
2026-09-30T14:27:09.409Z,A2,item_2716,legitimate,1790778419261,main,,,
2026-09-30T14:27:09.409Z,A2,item_2878,legitimate,1790778425743,main,,,
2026-09-30T14:27:15.772Z,A2,item_2701,legitimate,1790778432415,main,,,
2026-09-30T14:27:23.507Z,A2,item_2701,legitimate,1790778432415,main,,,
2026-09-30T14:27:23.507Z,A2,item_2704,legitimate,1790778439990,main,,,
2026-09-30T14:27:28.029Z,A2,item_2701,legitimate,1790778432415,main,,,
2026-09-30T14:27:28.029Z,A2,item_2704,legitimate,1790778439990,main,,,
2026-09-30T14:27:28.029Z,A2,rep__item_2829,legitimate,1790778444338,main,,,
2026-09-30T14:27:37.187Z,A2,rep__item_2829,legitimate,1790778444338,main,,,
2026-09-30T14:27:37.187Z,A2,item_2970,unsure,1790778452716,main,,,
2026-09-30T14:27:45.217Z,A2,item_2970,unsure,1790778452716,main,,,
2026-09-30T14:27:45.217Z,A2,item_2732,legitimate,1790778459110,main,,,
2026-09-30T14:27:59.347Z,A2,item_2970,unsure,1790778452716,main,,,
2026-09-30T14:27:59.347Z,A2,item_2732,legitimate,1790778459110,main,,,
2026-09-30T14:28:01.993Z,A2,item_2970,unsure,1790778452716,main,,,
2026-09-30T14:28:01.993Z,A2,item_2732,legitimate,1790778459110,main,,,
2026-09-30T14:28:01.993Z,A2,rep__item_2764,legitimate,1790778477801,main,,,
2026-09-30T14:28:05.991Z,A2,item_2732,legitimate,1790778459110,main,,,
2026-09-30T14:28:05.991Z,A2,rep__item_2764,legitimate,1790778477801,main,,,
2026-09-30T14:28:05.991Z,A2,item_2867,legitimate,1790778482251,main,,,
2026-09-30T14:28:20.765Z,A2,item_2850,unsure,1790778497109,main,,,
2026-09-30T14:28:28.998Z,A2,item_2948,legitimate,1790778505277,main,,,
2026-09-30T14:28:59.531Z,A2,item_2820,annoying,1790778535354,main,,,
2026-09-30T14:29:04.918Z,A2,item_2853,legitimate,1790778541188,main,,,
2026-09-30T14:29:09.072Z,A2,item_2853,legitimate,1790778541188,main,,,
2026-09-30T14:29:09.072Z,A2,item_3004,legitimate,1790778545300,main,,,
2026-09-30T14:29:16.226Z,A2,item_3004,legitimate,1790778545300,main,,,
2026-09-30T14:29:16.226Z,A2,item_2817,legitimate,1790778551656,main,,,
2026-09-30T14:29:24.194Z,A2,item_2726,legitimate,1790778560541,main,,,
2026-09-30T14:29:31.145Z,A2,item_3081,legitimate,1790778567598,main,,,
2026-09-30T14:29:42.960Z,A2,rep__item_2997,annoying,1790778579343,main,,,
2026-09-30T14:29:47.783Z,A2,item_2926,legitimate,1790778584111,main,,,
2026-09-30T14:29:53.105Z,A2,item_2926,legitimate,1790778584111,main,,,
2026-09-30T14:29:53.105Z,A2,item_2770,legitimate,1790778589569,main,,,
2026-09-30T14:30:06.715Z,A2,item_2926,legitimate,1790778584111,main,,,
2026-09-30T14:30:06.715Z,A2,item_2770,legitimate,1790778589569,main,,,
2026-09-30T14:30:06.715Z,A2,item_2891,garbled,1790778602883,main,,,
2026-09-30T14:30:18.008Z,A2,item_2926,legitimate,1790778584111,main,,,
2026-09-30T14:30:18.008Z,A2,item_2770,legitimate,1790778589569,main,,,
2026-09-30T14:30:18.008Z,A2,item_2891,garbled,1790778602883,main,,,
2026-09-30T14:30:18.008Z,A2,item_2906,legitimate,1790778614144,main,,,
2026-09-30T14:30:20.169Z,A2,item_2926,legitimate,1790778584111,main,,,
2026-09-30T14:30:20.169Z,A2,item_2770,legitimate,1790778589569,main,,,
2026-09-30T14:30:20.169Z,A2,item_2891,garbled,1790778602883,main,,,
2026-09-30T14:30:20.169Z,A2,item_2906,legitimate,1790778614144,main,,,
2026-09-30T14:30:24.314Z,A2,item_2695,legitimate,1790778620736,main,,,
2026-09-30T14:30:30.874Z,A2,item_2987,legitimate,1790778627298,main,,,
2026-09-30T14:30:40.114Z,A2,item_2987,legitimate,1790778627298,main,,,
2026-09-30T14:30:40.114Z,A2,item_2767,legitimate,1790778636592,main,,,
2026-09-30T14:30:45.867Z,A2,item_2925,legitimate,1790778640885,main,,,
2026-09-30T14:30:49.774Z,A2,item_2925,legitimate,1790778640885,main,,,
2026-09-30T14:30:49.774Z,A2,item_2962,legitimate,1790778645789,main,,,
2026-09-30T14:30:56.081Z,A2,rep__item_3046,legitimate,1790778651113,main,,,
2026-09-30T14:31:14.244Z,A2,item_2755,legitimate,1790778670646,main,,,
2026-09-30T14:31:28.344Z,A2,item_2755,legitimate,1790778670646,main,,,
2026-09-30T14:31:28.344Z,A2,item_3028,legitimate,1790778684654,main,,,
2026-09-30T14:31:35.747Z,A2,item_2689,legitimate,1790778691612,main,,,
2026-09-30T14:31:42.250Z,A2,item_2689,legitimate,1790778691612,main,,,
2026-09-30T14:31:42.250Z,A2,item_3027,unsure,1790778698737,main,,,
2026-09-30T14:31:55.189Z,A2,item_2689,legitimate,1790778691612,main,,,
2026-09-30T14:31:55.189Z,A2,item_3027,unsure,1790778698737,main,,,
2026-09-30T14:31:55.189Z,A2,item_2761,legitimate,1790778710374,main,,,
2026-09-30T14:31:57.342Z,A2,item_2689,legitimate,1790778691612,main,,,
2026-09-30T14:31:57.342Z,A2,item_3027,unsure,1790778698737,main,,,
2026-09-30T14:31:57.342Z,A2,item_2761,legitimate,1790778710374,main,,,
2026-09-30T14:31:58.488Z,A2,item_2689,legitimate,1790778691612,main,,,
2026-09-30T14:31:58.488Z,A2,item_3027,unsure,1790778698737,main,,,
2026-09-30T14:31:58.488Z,A2,item_2761,legitimate,1790778710374,main,,,
2026-09-30T14:31:58.488Z,A2,item_2953,legitimate,1790778714617,main,,,
2026-09-30T14:32:01.701Z,A2,item_2689,legitimate,1790778691612,main,,,
2026-09-30T14:32:01.701Z,A2,item_3027,unsure,1790778698737,main,,,
2026-09-30T14:32:01.701Z,A2,item_2761,legitimate,1790778710374,main,,,
2026-09-30T14:32:01.701Z,A2,item_2953,legitimate,1790778714617,main,,,
2026-09-30T14:32:01.701Z,A2,item_2734,legitimate,1790778717936,main,,,
2026-09-30T14:32:18.612Z,A2,item_2734,legitimate,1790778717936,main,,,
2026-09-30T14:32:18.612Z,A2,rep__item_2993,annoying,1790778734989,main,,,
2026-09-30T14:32:21.084Z,A2,item_2734,legitimate,1790778717936,main,,,
2026-09-30T14:32:21.084Z,A2,rep__item_2993,annoying,1790778734989,main,,,
2026-09-30T14:32:39.499Z,A2,rep__item_2993,annoying,1790778734989,main,,,
2026-09-30T14:32:48.540Z,A2,rep__item_3013,legitimate,1790778764840,main,,,
2026-09-30T14:32:56.508Z,A2,rep__item_3013,legitimate,1790778764840,main,,,
2026-09-30T14:32:56.508Z,A2,item_2720,legitimate,1790778772314,main,,,
2026-09-30T14:33:00.194Z,A2,rep__item_3013,legitimate,1790778764840,main,,,
2026-09-30T14:33:00.194Z,A2,item_2720,legitimate,1790778772314,main,,,
2026-09-30T14:33:00.194Z,A2,item_2978,legitimate,1790778776623,main,,,
2026-09-30T14:33:07.248Z,A2,rep__item_3013,legitimate,1790778764840,main,,,
2026-09-30T14:33:07.248Z,A2,item_2720,legitimate,1790778772314,main,,,
2026-09-30T14:33:07.248Z,A2,item_2978,legitimate,1790778776623,main,,,
2026-09-30T14:33:28.112Z,A2,rep__item_3056,annoying,1790778804616,main,,,
2026-09-30T14:33:33.920Z,A2,rep__item_3056,annoying,1790778804616,main,,,
2026-09-30T14:33:33.920Z,A2,rep__item_3073,unsure,1790778810303,main,,,
2026-09-30T14:33:39.418Z,A2,rep__item_3056,annoying,1790778804616,main,,,
2026-09-30T14:33:39.418Z,A2,rep__item_3073,unsure,1790778810303,main,,,
2026-09-30T14:33:39.418Z,A2,item_3021,legitimate,1790778815788,main,,,
2026-09-30T14:33:41.079Z,A2,rep__item_3056,annoying,1790778804616,main,,,
2026-09-30T14:33:41.079Z,A2,rep__item_3073,unsure,1790778810303,main,,,
2026-09-30T14:33:42.831Z,A2,rep__item_3056,annoying,1790778804616,main,,,
2026-09-30T14:33:42.831Z,A2,rep__item_3073,unsure,1790778810303,main,,,
2026-09-30T14:33:42.831Z,A2,item_3021,legitimate,1790778815788,main,,,
2026-09-30T14:33:42.831Z,A2,item_3072,legitimate,1790778819276,main,,,
2026-09-30T14:33:51.626Z,A2,rep__item_3056,annoying,1790778804616,main,,,
2026-09-30T14:33:51.626Z,A2,rep__item_3073,unsure,1790778810303,main,,,
2026-09-30T14:33:51.626Z,A2,item_3021,legitimate,1790778815788,main,,,
2026-09-30T14:33:51.626Z,A2,item_3072,legitimate,1790778819276,main,,,
2026-09-30T14:33:51.626Z,A2,item_2736,legitimate,1790778827890,main,,,
2026-09-30T14:33:53.578Z,A2,rep__item_3056,annoying,1790778804616,main,,,
2026-09-30T14:33:53.578Z,A2,rep__item_3073,unsure,1790778810303,main,,,
2026-09-30T14:33:53.578Z,A2,item_3021,legitimate,1790778815788,main,,,
2026-09-30T14:33:53.578Z,A2,item_3072,legitimate,1790778819276,main,,,
2026-09-30T14:33:53.578Z,A2,item_2736,legitimate,1790778827890,main,,,
2026-09-30T14:34:00.439Z,A2,rep__item_3073,unsure,1790778810303,main,,,
2026-09-30T14:34:00.439Z,A2,item_3021,legitimate,1790778815788,main,,,
2026-09-30T14:34:00.439Z,A2,item_3072,legitimate,1790778819276,main,,,
2026-09-30T14:34:00.439Z,A2,item_2736,legitimate,1790778827890,main,,,
2026-09-30T14:34:00.439Z,A2,item_2851,legitimate,1790778836925,main,,,
2026-09-30T14:34:06.637Z,A2,rep__item_3073,unsure,1790778810303,main,,,
2026-09-30T14:34:06.637Z,A2,item_3021,legitimate,1790778815788,main,,,
2026-09-30T14:34:06.637Z,A2,item_3072,legitimate,1790778819276,main,,,
2026-09-30T14:34:06.637Z,A2,item_2736,legitimate,1790778827890,main,,,
2026-09-30T14:34:06.637Z,A2,item_2851,legitimate,1790778836925,main,,,
2026-09-30T14:34:06.637Z,A2,item_3003,legitimate,1790778843170,main,,,
2026-09-30T14:34:20.513Z,A2,item_2736,legitimate,1790778827890,main,,,
2026-09-30T14:34:20.513Z,A2,item_2851,legitimate,1790778836925,main,,,
2026-09-30T14:34:20.513Z,A2,item_3003,legitimate,1790778843170,main,,,
2026-09-30T14:34:34.661Z,A2,item_2736,legitimate,1790778827890,main,,,
2026-09-30T14:34:34.661Z,A2,item_2851,legitimate,1790778836925,main,,,
2026-09-30T14:34:34.661Z,A2,item_3003,legitimate,1790778843170,main,,,
2026-09-30T14:34:52.112Z,A2,item_2736,legitimate,1790778827890,main,,,
2026-09-30T14:34:52.112Z,A2,item_2851,legitimate,1790778836925,main,,,
2026-09-30T14:34:52.112Z,A2,item_3003,legitimate,1790778843170,main,,,
2026-09-30T14:34:52.112Z,A2,item_2999,annoying,1790778888338,main,,,
2026-09-30T14:35:01.193Z,A2,item_2999,annoying,1790778888338,main,,,
2026-09-30T14:35:14.678Z,A2,item_2999,annoying,1790778888338,main,,,
2026-09-30T14:35:23.299Z,A2,item_2999,annoying,1790778888338,main,,,
2026-09-30T14:35:32.077Z,A2,rep__item_2779,legitimate,1790778928399,main,,,
2026-09-30T14:35:39.568Z,A2,rep__item_2779,legitimate,1790778928399,main,,,
2026-09-30T14:36:04.848Z,A2,item_2800,annoying,1790778960421,main,,,
2026-09-30T14:36:12.041Z,A2,item_2800,annoying,1790778960421,main,,,
2026-09-30T14:36:12.041Z,A2,item_2858,legitimate,1790778966407,main,,,
2026-09-30T14:36:17.554Z,A2,item_2697,legitimate,1790778973887,main,,,
2026-09-30T14:36:24.100Z,A2,item_2697,legitimate,1790778973887,main,,,
2026-09-30T14:36:24.100Z,A2,item_2951,legitimate,1790778980083,main,,,
2026-09-30T14:36:27.537Z,A2,item_2697,legitimate,1790778973887,main,,,
2026-09-30T14:36:27.537Z,A2,item_2951,legitimate,1790778980083,main,,,
2026-09-30T14:36:27.537Z,A2,item_2694,legitimate,1790778984149,main,,,
2026-09-30T14:36:31.147Z,A2,item_2697,legitimate,1790778973887,main,,,
2026-09-30T14:36:31.147Z,A2,item_2951,legitimate,1790778980083,main,,,
2026-09-30T14:36:31.147Z,A2,item_2694,legitimate,1790778984149,main,,,
2026-09-30T14:36:31.147Z,A2,item_2933,legitimate,1790778987545,main,,,
2026-09-30T14:36:37.614Z,A2,item_2697,legitimate,1790778973887,main,,,
2026-09-30T14:36:37.614Z,A2,item_2951,legitimate,1790778980083,main,,,
2026-09-30T14:36:37.614Z,A2,item_2694,legitimate,1790778984149,main,,,
2026-09-30T14:36:37.614Z,A2,item_2933,legitimate,1790778987545,main,,,
2026-09-30T14:36:37.614Z,A2,rep__item_3002,legitimate,1790778993715,main,,,
2026-09-30T14:36:43.527Z,A2,rep__item_2901,legitimate,1790778999846,main,,,
2026-09-30T14:36:54.335Z,A2,rep__item_2901,legitimate,1790778999846,main,,,
2026-09-30T14:36:54.335Z,A2,item_2739,legitimate,1790779007031,main,,,
2026-09-30T14:38:43.297Z,A2,item_2981,annoying,1790779119546,main,,,
2026-09-30T14:38:51.212Z,A2,item_2981,annoying,1790779119546,main,,,
2026-09-30T14:38:51.212Z,A2,item_2988,unsure,1790779127419,main,,,
2026-09-30T14:38:56.147Z,A2,item_2788,legitimate,1790779132740,main,,,
2026-09-30T14:39:02.078Z,A2,item_2846,legitimate,1790779138471,main,,,
2026-09-30T14:39:11.768Z,A2,rep__item_2811,legitimate,1790779147961,main,,,
2026-09-30T14:39:15.102Z,A2,rep__item_2811,legitimate,1790779147961,main,,,
2026-09-30T14:39:15.102Z,A2,rep__item_2747,legitimate,1790779151425,main,,,
2026-09-30T14:39:22.554Z,A2,item_2783,legitimate,1790779158505,main,,,
2026-09-30T14:39:43.152Z,A2,rep__item_3044,legitimate,1790779179626,main,,,
2026-09-30T14:39:56.937Z,A2,rep__item_3044,legitimate,1790779179626,main,,,
2026-09-30T14:39:56.937Z,A2,item_3035,annoying,1790779192406,main,,,
2026-09-30T14:40:03.840Z,A2,item_3015,legitimate,1790779200285,main,,,
2026-09-30T14:41:08.538Z,A2,item_2892,legitimate,1790779264139,main,,,
2026-09-30T14:41:11.428Z,A2,item_2892,legitimate,1790779264139,main,,,
2026-09-30T14:41:11.428Z,A2,item_3062,legitimate,1790779267575,main,,,
2026-09-30T14:41:17.267Z,A2,item_2827,legitimate,1790779273577,main,,,
2026-09-30T14:41:23.587Z,A2,item_2827,legitimate,1790779273577,main,,,
2026-09-30T14:41:23.587Z,A2,item_2705,legitimate,1790779279835,main,,,
2026-09-30T14:41:29.036Z,A2,item_2827,legitimate,1790779273577,main,,,
2026-09-30T14:41:29.036Z,A2,item_2705,legitimate,1790779279835,main,,,
2026-09-30T14:41:29.036Z,A2,item_2765,legitimate,1790779285467,main,,,
2026-09-30T14:41:36.368Z,A2,item_2765,legitimate,1790779285467,main,,,
2026-09-30T14:41:36.368Z,A2,item_2960,legitimate,1790779292727,main,,,
2026-09-30T14:41:43.778Z,A2,item_2765,legitimate,1790779285467,main,,,
2026-09-30T14:41:43.778Z,A2,item_2960,legitimate,1790779292727,main,,,
2026-09-30T14:41:43.778Z,A2,item_2807,legitimate,1790779296925,main,,,
2026-09-30T14:41:46.920Z,A2,item_2765,legitimate,1790779285467,main,,,
2026-09-30T14:41:46.920Z,A2,item_2960,legitimate,1790779292727,main,,,
2026-09-30T14:41:46.920Z,A2,item_2807,legitimate,1790779296925,main,,,
2026-09-30T14:41:46.920Z,A2,item_2743,legitimate,1790779302042,main,,,
2026-09-30T14:41:50.671Z,A2,item_2806,legitimate,1790779306717,main,,,
2026-09-30T14:41:56.534Z,A2,item_2903,legitimate,1790779312234,main,,,
2026-09-30T14:41:59.563Z,A2,item_2903,legitimate,1790779312234,main,,,
2026-09-30T14:41:59.563Z,A2,item_3000,legitimate,1790779316092,main,,,
2026-09-30T14:42:04.237Z,A2,item_2903,legitimate,1790779312234,main,,,
2026-09-30T14:42:04.237Z,A2,item_3000,legitimate,1790779316092,main,,,
2026-09-30T14:42:04.237Z,A2,item_2980,legitimate,1790779320513,main,,,
2026-09-30T14:42:11.479Z,A2,item_2756,legitimate,1790779328071,main,,,
2026-09-30T14:42:18.366Z,A2,item_2967,legitimate,1790779334640,main,,,
2026-09-30T14:43:12.787Z,A2,item_2967,legitimate,1790779334640,main,,,
2026-09-30T14:43:58.769Z,A2,item_3061,legitimate,1790779435077,main,,,
2026-09-30T14:44:04.431Z,A2,item_2799,legitimate,1790779440544,main,,,
2026-09-30T14:44:07.394Z,A2,item_2799,legitimate,1790779440544,main,,,
2026-09-30T14:44:07.394Z,A2,item_2719,legitimate,1790779443634,main,,,
2026-09-30T14:44:15.864Z,A2,item_2799,legitimate,1790779440544,main,,,
2026-09-30T14:44:15.864Z,A2,item_2719,legitimate,1790779443634,main,,,
2026-09-30T14:44:15.864Z,A2,rep__item_2766,legitimate,1790779451869,main,,,
2026-09-30T14:44:19.697Z,A2,item_2799,legitimate,1790779440544,main,,,
2026-09-30T14:44:19.697Z,A2,item_2719,legitimate,1790779443634,main,,,
2026-09-30T14:44:19.697Z,A2,rep__item_2766,legitimate,1790779451869,main,,,
2026-09-30T14:44:19.697Z,A2,item_2709,legitimate,1790779455655,main,,,
2026-09-30T14:44:23.260Z,A2,item_2920,legitimate,1790779459554,main,,,
2026-09-30T14:44:28.178Z,A2,item_2920,legitimate,1790779459554,main,,,
2026-09-30T14:44:28.178Z,A2,item_3040,legitimate,1790779463147,main,,,
2026-09-30T14:44:30.156Z,A2,item_2920,legitimate,1790779459554,main,,,
2026-09-30T14:44:30.156Z,A2,item_3040,legitimate,1790779463147,main,,,
2026-09-30T14:44:30.156Z,A2,item_3055,legitimate,1790779466559,main,,,
2026-09-30T14:44:38.260Z,A2,item_2944,legitimate,1790779474291,main,,,
2026-09-30T14:44:44.048Z,A2,item_2944,legitimate,1790779474291,main,,,
2026-09-30T14:44:44.048Z,A2,item_3014,legitimate,1790779480133,main,,,
2026-09-30T14:44:46.724Z,A2,item_2944,legitimate,1790779474291,main,,,
2026-09-30T14:44:46.724Z,A2,item_3014,legitimate,1790779480133,main,,,
2026-09-30T14:44:46.724Z,A2,item_2896,legitimate,1790779483152,main,,,
2026-09-30T14:45:10.635Z,A2,item_3005,annoying,1790779506786,main,,,
2026-09-30T14:45:17.503Z,A2,item_3005,annoying,1790779506786,main,,,
2026-09-30T14:45:17.503Z,A2,item_2919,legitimate,1790779513372,main,,,
2026-09-30T14:45:24.561Z,A2,item_2919,legitimate,1790779513372,main,,,
2026-09-30T14:45:24.561Z,A2,rep__item_3041,legitimate,1790779520569,main,,,
2026-09-30T14:45:29.997Z,A2,rep__item_3041,legitimate,1790779520569,main,,,
2026-09-30T14:45:29.997Z,A2,item_2708,legitimate,1790779526251,main,,,
2026-09-30T14:45:35.210Z,A2,item_2708,legitimate,1790779526251,main,,,
2026-09-30T14:45:35.210Z,A2,rep__item_2843,legitimate,1790779531697,main,,,
2026-09-30T14:45:42.158Z,A2,rep__item_2843,legitimate,1790779531697,main,,,
2026-09-30T14:45:42.158Z,A2,item_2692,legitimate,1790779538479,main,,,
2026-09-30T14:45:49.604Z,A2,item_2929,legitimate,1790779544985,main,,,
2026-09-30T14:45:53.167Z,A2,item_2929,legitimate,1790779544985,main,,,
2026-09-30T14:45:53.167Z,A2,item_2924,legitimate,1790779549373,main,,,
2026-09-30T14:45:57.084Z,A2,item_2929,legitimate,1790779544985,main,,,
2026-09-30T14:45:57.084Z,A2,item_2924,legitimate,1790779549373,main,,,
2026-09-30T14:45:57.084Z,A2,rep__item_2870,legitimate,1790779553432,main,,,
2026-09-30T14:46:12.461Z,A2,item_3011,unsure,1790779568483,main,,,
2026-09-30T14:46:17.902Z,A2,item_3011,unsure,1790779568483,main,,,
2026-09-30T14:46:17.902Z,A2,item_2975,legitimate,1790779573900,main,,,
2026-09-30T14:46:20.907Z,A2,item_3011,unsure,1790779568483,main,,,
2026-09-30T14:46:20.907Z,A2,item_2975,legitimate,1790779573900,main,,,
2026-09-30T14:46:20.907Z,A2,item_3088,legitimate,1790779576749,main,,,
2026-09-30T14:46:23.874Z,A2,item_3011,unsure,1790779568483,main,,,
2026-09-30T14:46:23.874Z,A2,item_2975,legitimate,1790779573900,main,,,
2026-09-30T14:46:23.874Z,A2,item_3088,legitimate,1790779576749,main,,,
2026-09-30T14:46:23.874Z,A2,item_2968,legitimate,1790779580028,main,,,
2026-09-30T14:46:29.350Z,A2,item_3011,unsure,1790779568483,main,,,
2026-09-30T14:46:29.350Z,A2,item_2975,legitimate,1790779573900,main,,,
2026-09-30T14:46:29.350Z,A2,item_3088,legitimate,1790779576749,main,,,
2026-09-30T14:46:29.350Z,A2,item_2968,legitimate,1790779580028,main,,,
2026-09-30T14:46:29.350Z,A2,rep__item_2900,legitimate,1790779585758,main,,,
2026-09-30T14:46:37.315Z,A2,item_3011,unsure,1790779568483,main,,,
2026-09-30T14:46:37.315Z,A2,item_2975,legitimate,1790779573900,main,,,
2026-09-30T14:46:37.315Z,A2,item_3088,legitimate,1790779576749,main,,,
2026-09-30T14:46:37.315Z,A2,item_2968,legitimate,1790779580028,main,,,
2026-09-30T14:46:37.315Z,A2,rep__item_2900,legitimate,1790779585758,main,,,
2026-09-30T14:46:37.315Z,A2,item_2713,legitimate,1790779590451,main,,,
2026-09-30T14:46:40.950Z,A2,item_3011,unsure,1790779568483,main,,,
2026-09-30T14:46:40.950Z,A2,item_2975,legitimate,1790779573900,main,,,
2026-09-30T14:46:40.950Z,A2,item_3088,legitimate,1790779576749,main,,,
2026-09-30T14:46:40.950Z,A2,item_2968,legitimate,1790779580028,main,,,
2026-09-30T14:46:40.950Z,A2,rep__item_2900,legitimate,1790779585758,main,,,
2026-09-30T14:46:40.950Z,A2,item_2713,legitimate,1790779590451,main,,,
2026-09-30T14:46:46.413Z,A2,item_3011,unsure,1790779568483,main,,,
2026-09-30T14:46:46.413Z,A2,item_2975,legitimate,1790779573900,main,,,
2026-09-30T14:46:46.413Z,A2,item_3088,legitimate,1790779576749,main,,,
2026-09-30T14:46:46.413Z,A2,item_2968,legitimate,1790779580028,main,,,
2026-09-30T14:46:46.413Z,A2,rep__item_2900,legitimate,1790779585758,main,,,
2026-09-30T14:46:46.413Z,A2,item_2713,legitimate,1790779590451,main,,,
2026-09-30T14:46:46.413Z,A2,item_2819,legitimate,1790779602848,main,,,
2026-09-30T14:46:46.884Z,A2,item_3011,unsure,1790779568483,main,,,
2026-09-30T14:46:46.884Z,A2,item_2975,legitimate,1790779573900,main,,,
2026-09-30T14:46:46.884Z,A2,item_3088,legitimate,1790779576749,main,,,
2026-09-30T14:46:46.884Z,A2,item_2968,legitimate,1790779580028,main,,,
2026-09-30T14:46:46.884Z,A2,rep__item_2900,legitimate,1790779585758,main,,,
2026-09-30T14:46:46.884Z,A2,item_2713,legitimate,1790779590451,main,,,
2026-09-30T14:46:46.884Z,A2,item_2819,legitimate,1790779602848,main,,,
2026-09-30T14:46:50.994Z,A2,item_3011,unsure,1790779568483,main,,,
2026-09-30T14:46:50.994Z,A2,item_2975,legitimate,1790779573900,main,,,
2026-09-30T14:46:50.994Z,A2,item_3088,legitimate,1790779576749,main,,,
2026-09-30T14:46:50.994Z,A2,item_2968,legitimate,1790779580028,main,,,
2026-09-30T14:46:50.994Z,A2,rep__item_2900,legitimate,1790779585758,main,,,
2026-09-30T14:46:50.994Z,A2,item_2713,legitimate,1790779590451,main,,,
2026-09-30T14:46:50.994Z,A2,item_2819,legitimate,1790779602848,main,,,
2026-09-30T14:46:50.994Z,A2,item_2810,legitimate,1790779606989,main,,,
2026-09-30T14:46:54.727Z,A2,item_3011,unsure,1790779568483,main,,,
2026-09-30T14:46:54.727Z,A2,item_2975,legitimate,1790779573900,main,,,
2026-09-30T14:46:54.727Z,A2,item_3088,legitimate,1790779576749,main,,,
2026-09-30T14:46:54.727Z,A2,item_2968,legitimate,1790779580028,main,,,
2026-09-30T14:46:54.727Z,A2,rep__item_2900,legitimate,1790779585758,main,,,
2026-09-30T14:46:54.727Z,A2,item_2713,legitimate,1790779590451,main,,,
2026-09-30T14:46:54.727Z,A2,item_2819,legitimate,1790779602848,main,,,
2026-09-30T14:46:54.727Z,A2,item_2810,legitimate,1790779606989,main,,,
2026-09-30T14:46:54.727Z,A2,item_3010,unsure,1790779611196,main,,,
2026-09-30T14:46:58.323Z,A2,item_3011,unsure,1790779568483,main,,,
2026-09-30T14:46:58.323Z,A2,item_2975,legitimate,1790779573900,main,,,
2026-09-30T14:46:58.323Z,A2,item_3088,legitimate,1790779576749,main,,,
2026-09-30T14:46:58.323Z,A2,item_2968,legitimate,1790779580028,main,,,
2026-09-30T14:46:58.323Z,A2,rep__item_2900,legitimate,1790779585758,main,,,
2026-09-30T14:46:58.323Z,A2,item_2713,legitimate,1790779590451,main,,,
2026-09-30T14:46:58.323Z,A2,item_2819,legitimate,1790779602848,main,,,
2026-09-30T14:46:58.323Z,A2,item_2810,legitimate,1790779606989,main,,,
2026-09-30T14:46:58.323Z,A2,item_3010,unsure,1790779611196,main,,,
2026-09-30T14:46:58.323Z,A2,item_2998,legitimate,1790779614778,main,,,
2026-09-30T14:47:04.427Z,A2,item_3011,unsure,1790779568483,main,,,
2026-09-30T14:47:04.427Z,A2,item_2975,legitimate,1790779573900,main,,,
2026-09-30T14:47:04.427Z,A2,item_3088,legitimate,1790779576749,main,,,
2026-09-30T14:47:04.427Z,A2,item_2968,legitimate,1790779580028,main,,,
2026-09-30T14:47:04.427Z,A2,rep__item_2900,legitimate,1790779585758,main,,,
2026-09-30T14:47:04.427Z,A2,item_2713,legitimate,1790779590451,main,,,
2026-09-30T14:47:04.427Z,A2,item_2819,legitimate,1790779602848,main,,,
2026-09-30T14:47:04.427Z,A2,item_2810,legitimate,1790779606989,main,,,
2026-09-30T14:47:04.427Z,A2,item_3010,unsure,1790779611196,main,,,
2026-09-30T14:47:04.427Z,A2,item_2998,legitimate,1790779614778,main,,,
2026-09-30T14:47:04.427Z,A2,item_3019,legitimate,1790779620750,main,,,
2026-09-30T14:47:07.671Z,A2,item_3011,unsure,1790779568483,main,,,
2026-09-30T14:47:07.671Z,A2,item_2975,legitimate,1790779573900,main,,,
2026-09-30T14:47:07.671Z,A2,item_3088,legitimate,1790779576749,main,,,
2026-09-30T14:47:07.671Z,A2,item_2968,legitimate,1790779580028,main,,,
2026-09-30T14:47:07.671Z,A2,rep__item_2900,legitimate,1790779585758,main,,,
2026-09-30T14:47:07.671Z,A2,item_2713,legitimate,1790779590451,main,,,
2026-09-30T14:47:07.671Z,A2,item_2819,legitimate,1790779602848,main,,,
2026-09-30T14:47:07.671Z,A2,item_2810,legitimate,1790779606989,main,,,
2026-09-30T14:47:07.671Z,A2,item_3010,unsure,1790779611196,main,,,
2026-09-30T14:47:07.671Z,A2,item_2998,legitimate,1790779614778,main,,,
2026-09-30T14:47:07.671Z,A2,item_3019,legitimate,1790779620750,main,,,
2026-09-30T14:47:07.671Z,A2,item_2860,legitimate,1790779624188,main,,,
2026-09-30T14:47:11.763Z,A2,item_3010,unsure,1790779611196,main,,,
2026-09-30T14:47:11.763Z,A2,item_2998,legitimate,1790779614778,main,,,
2026-09-30T14:47:11.763Z,A2,item_3019,legitimate,1790779620750,main,,,
2026-09-30T14:47:11.763Z,A2,item_2860,legitimate,1790779624188,main,,,
2026-09-30T14:47:11.763Z,A2,item_2738,legitimate,1790779627390,main,,,
2026-09-30T14:47:17.360Z,A2,item_2860,legitimate,1790779624188,main,,,
2026-09-30T14:47:17.360Z,A2,item_2738,legitimate,1790779627390,main,,,
2026-09-30T14:47:17.360Z,A2,item_2781,unsure,1790779632221,main,,,
2026-09-30T14:47:22.160Z,A2,item_2860,legitimate,1790779624188,main,,,
2026-09-30T14:47:22.160Z,A2,item_2738,legitimate,1790779627390,main,,,
2026-09-30T14:47:22.160Z,A2,item_2781,unsure,1790779632221,main,,,
2026-09-30T14:47:22.160Z,A2,item_2784,legitimate,1790779638266,main,,,
2026-09-30T14:47:30.397Z,A2,item_2860,legitimate,1790779624188,main,,,
2026-09-30T14:47:30.397Z,A2,item_2738,legitimate,1790779627390,main,,,
2026-09-30T14:47:30.397Z,A2,item_2781,unsure,1790779632221,main,,,
2026-09-30T14:47:30.397Z,A2,item_2784,legitimate,1790779638266,main,,,
2026-09-30T14:47:30.397Z,A2,item_2847,legitimate,1790779646981,main,,,
2026-09-30T14:47:49.953Z,A2,item_2847,legitimate,1790779646981,main,,,
2026-09-30T14:47:49.953Z,A2,item_3051,legitimate,1790779665937,main,,,
2026-09-30T14:47:50.055Z,A2,item_2847,legitimate,1790779646981,main,,,
2026-09-30T14:47:50.055Z,A2,item_3051,legitimate,1790779665937,main,,,
2026-09-30T14:47:59.824Z,A2,item_2847,legitimate,1790779646981,main,,,
2026-09-30T14:47:59.824Z,A2,item_3051,legitimate,1790779665937,main,,,
2026-09-30T14:47:59.824Z,A2,item_2778,legitimate,1790779676029,main,,,
2026-09-30T14:48:04.830Z,A2,item_2847,legitimate,1790779646981,main,,,
2026-09-30T14:48:04.830Z,A2,item_3051,legitimate,1790779665937,main,,,
2026-09-30T14:48:04.830Z,A2,item_2778,legitimate,1790779676029,main,,,
2026-09-30T14:48:04.830Z,A2,item_2826,legitimate,1790779680854,main,,,
2026-09-30T14:48:10.373Z,A2,item_2847,legitimate,1790779646981,main,,,
2026-09-30T14:48:10.373Z,A2,item_3051,legitimate,1790779665937,main,,,
2026-09-30T14:48:10.373Z,A2,item_2778,legitimate,1790779676029,main,,,
2026-09-30T14:48:10.373Z,A2,item_2826,legitimate,1790779680854,main,,,
2026-09-30T14:48:10.373Z,A2,item_2802,legitimate,1790779686645,main,,,
2026-09-30T14:48:13.530Z,A2,item_2826,legitimate,1790779680854,main,,,
2026-09-30T14:48:13.530Z,A2,item_2802,legitimate,1790779686645,main,,,
2026-09-30T14:48:13.530Z,A2,item_2794,legitimate,1790779690103,main,,,
2026-09-30T14:48:20.250Z,A2,item_2802,legitimate,1790779686645,main,,,
2026-09-30T14:48:20.250Z,A2,item_2794,legitimate,1790779690103,main,,,
2026-09-30T14:48:20.250Z,A2,item_3034,legitimate,1790779696756,main,,,
2026-09-30T14:48:26.120Z,A2,item_2802,legitimate,1790779686645,main,,,
2026-09-30T14:48:26.120Z,A2,item_2794,legitimate,1790779690103,main,,,
2026-09-30T14:48:26.120Z,A2,item_3034,legitimate,1790779696756,main,,,
2026-09-30T14:48:26.120Z,A2,item_2930,legitimate,1790779700986,main,,,
2026-09-30T14:48:32.317Z,A2,item_2930,legitimate,1790779700986,main,,,
2026-09-30T14:48:32.317Z,A2,item_2922,legitimate,1790779707792,main,,,
2026-09-30T14:48:37.695Z,A2,item_2930,legitimate,1790779700986,main,,,
2026-09-30T14:48:37.695Z,A2,item_2922,legitimate,1790779707792,main,,,
2026-09-30T14:48:37.695Z,A2,item_2698,unsure,1790779713974,main,,,
2026-09-30T14:48:41.932Z,A2,item_3050,legitimate,1790779718382,main,,,
2026-09-30T14:48:48.363Z,A2,item_3050,legitimate,1790779718382,main,,,
2026-09-30T14:48:48.363Z,A2,item_3022,legitimate,1790779723842,main,,,
2026-09-30T14:48:52.403Z,A2,item_3050,legitimate,1790779718382,main,,,
2026-09-30T14:48:52.403Z,A2,item_3022,legitimate,1790779723842,main,,,
2026-09-30T14:48:52.403Z,A2,item_2883,legitimate,1790779728396,main,,,
2026-09-30T14:48:56.151Z,A2,item_2824,legitimate,1790779732518,main,,,
2026-09-30T14:49:02.282Z,A2,item_2780,legitimate,1790779738401,main,,,
2026-09-30T14:49:06.670Z,A2,item_2884,legitimate,1790779742998,main,,,
2026-09-30T14:49:13.735Z,A2,item_2741,unsure,1790779750143,main,,,
2026-09-30T14:49:17.164Z,A2,item_2754,legitimate,1790779753679,main,,,
2026-09-30T14:49:25.317Z,A2,item_2909,legitimate,1790779761723,main,,,
2026-09-30T14:49:29.462Z,A2,item_2909,legitimate,1790779761723,main,,,
2026-09-30T14:49:29.462Z,A2,item_2936,legitimate,1790779765921,main,,,
2026-09-30T14:49:34.584Z,A2,item_2909,legitimate,1790779761723,main,,,
2026-09-30T14:49:34.584Z,A2,item_2936,legitimate,1790779765921,main,,,
2026-09-30T14:49:34.584Z,A2,item_3007,unsure,1790779770995,main,,,
2026-09-30T14:49:39.601Z,A2,item_3007,unsure,1790779770995,main,,,
2026-09-30T14:49:39.601Z,A2,rep__item_3024,legitimate,1790779775404,main,,,
2026-09-30T14:49:45.064Z,A2,item_2691,legitimate,1790779781474,main,,,
2026-09-30T14:49:48.399Z,A2,item_2985,legitimate,1790779784920,main,,,
2026-09-30T14:49:58.124Z,A2,item_2985,legitimate,1790779784920,main,,,
2026-09-30T14:49:58.124Z,A2,item_3066,legitimate,1790779794306,main,,,
2026-09-30T14:50:02.283Z,A2,item_2979,legitimate,1790779798682,main,,,
2026-09-30T14:50:11.347Z,A2,item_2979,legitimate,1790779798682,main,,,
2026-09-30T14:50:11.347Z,A2,rep__item_2707,unsure,1790779807604,main,,,
2026-09-30T14:50:17.357Z,A2,item_3080,legitimate,1790779813881,main,,,
2026-09-30T14:50:21.271Z,A2,item_3080,legitimate,1790779813881,main,,,
2026-09-30T14:50:21.271Z,A2,item_2840,legitimate,1790779817515,main,,,
2026-09-30T14:50:38.638Z,A1,item_2824,unsure,1790779837543,main,,,
2026-09-30T14:50:43.347Z,A2,item_3068,annoying,1790779839233,main,,,
2026-09-30T14:50:51.293Z,A2,item_2838,legitimate,1790779846554,main,,,
2026-09-30T14:50:55.486Z,A2,item_2838,legitimate,1790779846554,main,,,
2026-09-30T14:50:55.486Z,A2,item_2910,legitimate,1790779851947,main,,,
2026-09-30T14:50:59.426Z,A2,item_2838,legitimate,1790779846554,main,,,
2026-09-30T14:50:59.426Z,A2,item_2910,legitimate,1790779851947,main,,,
2026-09-30T14:50:59.426Z,A2,item_2977,legitimate,1790779855490,main,,,
2026-09-30T14:51:00.454Z,A1,item_2779,annoying,1790779859625,main,,,
2026-09-30T14:51:03.467Z,A2,item_2790,legitimate,1790779859965,main,,,
2026-09-30T14:51:10.647Z,A2,item_2790,legitimate,1790779859965,main,,,
2026-09-30T14:51:10.647Z,A2,item_2983,legitimate,1790779866382,main,,,
2026-09-30T14:51:18.105Z,A2,item_2790,legitimate,1790779859965,main,,,
2026-09-30T14:51:18.105Z,A2,item_2983,legitimate,1790779866382,main,,,
2026-09-30T14:51:18.105Z,A2,item_2717,legitimate,1790779873303,main,,,
2026-09-30T14:51:31.743Z,A2,item_2983,legitimate,1790779866382,main,,,
2026-09-30T14:51:31.743Z,A2,item_2717,legitimate,1790779873303,main,,,
2026-09-30T14:51:31.743Z,A2,item_3026,annoying,1790779887816,main,,,
2026-09-30T14:51:33.809Z,A2,item_2983,legitimate,1790779866382,main,,,
2026-09-30T14:51:33.809Z,A2,item_2717,legitimate,1790779873303,main,,,
2026-09-30T14:51:33.809Z,A2,item_3026,annoying,1790779887816,main,,,
2026-09-30T14:51:39.178Z,A1,item_2923,legitimate,1790779898279,main,,,
2026-09-30T14:51:47.485Z,A2,item_2759,unsure,1790779903687,main,,,
2026-09-30T14:51:48.698Z,A1,item_2889,legitimate,1790779907897,main,,,
2026-09-30T14:51:54.261Z,A2,item_2729,legitimate,1790779910494,main,,,
2026-09-30T14:51:59.808Z,A2,item_2729,legitimate,1790779910494,main,,,
2026-09-30T14:51:59.808Z,A2,rep__item_2862,legitimate,1790779915596,main,,,
2026-09-30T14:52:00.831Z,A1,item_2902,legitimate,1790779920126,main,,,
2026-09-30T14:52:07.349Z,A2,rep__item_2862,legitimate,1790779915596,main,,,
2026-09-30T14:52:07.349Z,A2,rep__item_2894,legitimate,1790779922160,main,,,
2026-09-30T14:52:15.102Z,A2,item_2813,legitimate,1790779930653,main,,,
2026-09-30T14:52:17.689Z,A2,item_2813,legitimate,1790779930653,main,,,
2026-09-30T14:52:17.689Z,A2,item_2796,legitimate,1790779934041,main,,,
2026-09-30T14:52:18.042Z,A1,item_2902,legitimate,1790779920126,main,,,
2026-09-30T14:52:23.392Z,A2,item_2796,legitimate,1790779934041,main,,,
2026-09-30T14:52:23.392Z,A2,item_2938,legitimate,1790779939770,main,,,
2026-09-30T14:52:27.884Z,A2,item_2796,legitimate,1790779934041,main,,,
2026-09-30T14:52:27.884Z,A2,item_2938,legitimate,1790779939770,main,,,
2026-09-30T14:52:27.884Z,A2,item_2914,legitimate,1790779944136,main,,,
2026-09-30T14:52:38.738Z,A2,item_2914,legitimate,1790779944136,main,,,
2026-09-30T14:52:38.738Z,A2,item_2725,legitimate,1790779954194,main,,,
2026-09-30T14:52:44.880Z,A2,rep__item_2869,legitimate,1790779961379,main,,,
2026-09-30T14:52:56.031Z,A2,item_3049,unsure,1790779972128,main,,,
2026-09-30T14:53:14.752Z,A2,item_3049,unsure,1790779972128,main,,,
2026-09-30T14:53:14.938Z,A2,item_3049,unsure,1790779972128,main,,,
2026-09-30T14:53:14.938Z,A2,item_3038,unsure,1790779991531,main,,,
2026-09-30T14:53:23.932Z,A2,item_3049,unsure,1790779972128,main,,,
2026-09-30T14:53:23.932Z,A2,item_3038,unsure,1790779991531,main,,,
2026-09-30T14:53:23.932Z,A2,item_2836,legitimate,1790780000333,main,,,
2026-09-30T14:53:29.493Z,A2,item_2836,legitimate,1790780000333,main,,,
2026-09-30T14:53:29.493Z,A2,item_2775,legitimate,1790780005904,main,,,
2026-09-30T14:53:33.902Z,A2,item_2836,legitimate,1790780000333,main,,,
2026-09-30T14:53:33.902Z,A2,item_2775,legitimate,1790780005904,main,,,
2026-09-30T14:53:33.902Z,A2,item_3065,legitimate,1790780010140,main,,,
2026-09-30T14:53:38.687Z,A2,item_2775,legitimate,1790780005904,main,,,
2026-09-30T14:53:38.687Z,A2,item_3065,legitimate,1790780010140,main,,,
2026-09-30T14:53:38.687Z,A2,item_2991,legitimate,1790780014953,main,,,
2026-09-30T14:53:45.779Z,A2,item_2775,legitimate,1790780005904,main,,,
2026-09-30T14:53:45.779Z,A2,item_3065,legitimate,1790780010140,main,,,
2026-09-30T14:53:45.779Z,A2,item_2991,legitimate,1790780014953,main,,,
2026-09-30T14:53:45.779Z,A2,item_2992,legitimate,1790780019802,main,,,
2026-09-30T14:53:48.439Z,A2,item_2992,legitimate,1790780019802,main,,,
2026-09-30T14:53:48.439Z,A2,item_2723,legitimate,1790780024765,main,,,
2026-09-30T14:53:56.449Z,A2,item_2992,legitimate,1790780019802,main,,,
2026-09-30T14:53:56.449Z,A2,item_2723,legitimate,1790780024765,main,,,
2026-09-30T14:53:56.449Z,A2,rep__item_3054,legitimate,1790780031066,main,,,
2026-09-30T14:53:58.277Z,A2,item_2723,legitimate,1790780024765,main,,,
2026-09-30T14:53:58.277Z,A2,rep__item_3054,legitimate,1790780031066,main,,,
2026-09-30T14:53:58.277Z,A2,rep__item_2863,legitimate,1790780034752,main,,,
2026-09-30T14:54:02.116Z,A2,rep__item_2863,legitimate,1790780034752,main,,,
2026-09-30T14:54:02.116Z,A2,item_2915,legitimate,1790780038654,main,,,
2026-09-30T14:54:31.202Z,A2,item_3017,annoying,1790780067318,main,,,
2026-09-30T14:54:35.498Z,A2,item_3017,annoying,1790780067318,main,,,
2026-09-30T14:54:35.498Z,A2,item_2957,legitimate,1790780071824,main,,,
2026-09-30T14:54:40.232Z,A2,item_3017,annoying,1790780067318,main,,,
2026-09-30T14:54:40.232Z,A2,item_2957,legitimate,1790780071824,main,,,
2026-09-30T14:54:40.232Z,A2,rep__item_2907,legitimate,1790780076427,main,,,
2026-09-30T14:54:47.029Z,A2,item_2748,legitimate,1790780082230,main,,,
2026-09-30T14:54:51.772Z,A2,item_2748,legitimate,1790780082230,main,,,
2026-09-30T14:54:51.772Z,A2,item_2814,legitimate,1790780086345,main,,,
2026-09-30T14:54:53.581Z,A2,item_2748,legitimate,1790780082230,main,,,
2026-09-30T14:54:53.581Z,A2,item_2814,legitimate,1790780086345,main,,,
2026-09-30T14:54:53.581Z,A2,item_2812,legitimate,1790780089759,main,,,
2026-09-30T14:55:32.049Z,A2,item_3053,annoying,1790780126713,main,,,
2026-09-30T14:55:37.962Z,A2,item_3053,annoying,1790780126713,main,,,
2026-09-30T14:55:37.962Z,A2,item_2844,legitimate,1790780134230,main,,,
2026-09-30T14:55:42.006Z,A2,item_3053,annoying,1790780126713,main,,,
2026-09-30T14:55:42.006Z,A2,item_2844,legitimate,1790780134230,main,,,
2026-09-30T14:55:42.006Z,A2,item_2785,legitimate,1790780137903,main,,,
2026-09-30T14:55:43.846Z,A2,item_3053,annoying,1790780126713,main,,,
2026-09-30T14:55:43.846Z,A2,item_2844,legitimate,1790780134230,main,,,
2026-09-30T14:55:43.846Z,A2,item_2785,legitimate,1790780137903,main,,,
2026-09-30T14:55:49.081Z,A2,item_3033,legitimate,1790780143480,main,,,
2026-09-30T14:55:50.307Z,A2,item_3033,legitimate,1790780143480,main,,,
2026-09-30T14:55:50.307Z,A2,item_2911,legitimate,1790780146732,main,,,
2026-09-30T14:55:55.459Z,A2,item_3033,legitimate,1790780143480,main,,,
2026-09-30T14:55:55.459Z,A2,item_2911,legitimate,1790780146732,main,,,
2026-09-30T14:55:55.459Z,A2,rep__item_2841,legitimate,1790780151793,main,,,
2026-09-30T14:56:00.726Z,A2,item_2859,legitimate,1790780156790,main,,,
2026-09-30T14:56:06.740Z,A2,item_2815,legitimate,1790780162861,main,,,
2026-09-30T14:56:10.943Z,A2,item_2818,legitimate,1790780167235,main,,,
2026-09-30T14:56:17.345Z,A2,item_2818,legitimate,1790780167235,main,,,
2026-09-30T14:56:17.345Z,A2,item_2703,legitimate,1790780173446,main,,,
2026-09-30T14:56:23.757Z,A2,item_3018,legitimate,1790780180187,main,,,
2026-09-30T14:56:26.684Z,A2,rep__item_3001,legitimate,1790780183080,main,,,
2026-09-30T14:56:31.654Z,A2,item_2803,legitimate,1790780188050,main,,,
2026-09-30T14:56:37.171Z,A2,item_2730,legitimate,1790780193223,main,,,
2026-09-30T14:56:40.516Z,A2,item_2730,legitimate,1790780193223,main,,,
2026-09-30T14:56:40.516Z,A2,item_2928,legitimate,1790780196153,main,,,
2026-09-30T14:56:43.201Z,A2,item_2730,legitimate,1790780193223,main,,,
2026-09-30T14:56:43.201Z,A2,item_2928,legitimate,1790780196153,main,,,
2026-09-30T14:56:43.201Z,A2,item_2996,legitimate,1790780199516,main,,,
2026-09-30T14:56:46.277Z,A2,item_3067,legitimate,1790780202532,main,,,
2026-09-30T14:56:49.989Z,A2,item_3067,legitimate,1790780202532,main,,,
2026-09-30T14:56:49.989Z,A2,item_2958,legitimate,1790780206165,main,,,
2026-09-30T14:56:52.642Z,A2,rep__item_3030,legitimate,1790780209083,main,,,
2026-09-30T14:56:56.624Z,A2,item_2696,legitimate,1790780213016,main,,,
2026-09-30T14:56:58.881Z,A2,item_2696,legitimate,1790780213016,main,,,
2026-09-30T14:56:58.881Z,A2,item_2808,legitimate,1790780215469,main,,,
2026-09-30T14:57:09.409Z,A2,rep__item_3052,annoying,1790780225365,main,,,
2026-09-30T14:57:51.433Z,A2,item_2963,annoying,1790780266918,main,,,
2026-09-30T14:58:01.098Z,A2,item_2963,annoying,1790780266918,main,,,
2026-09-30T14:58:01.098Z,A2,item_2774,legitimate,1790780276886,main,,,
2026-09-30T14:58:08.542Z,A2,item_2774,legitimate,1790780276886,main,,,
2026-09-30T14:58:08.542Z,A2,item_2874,legitimate,1790780284625,main,,,
2026-09-30T14:58:12.583Z,A2,item_2825,legitimate,1790780288588,main,,,
2026-09-30T14:58:19.641Z,A2,item_2825,legitimate,1790780288588,main,,,
2026-09-30T14:58:19.641Z,A2,item_3070,legitimate,1790780295827,main,,,
2026-09-30T14:58:23.732Z,A2,item_2825,legitimate,1790780288588,main,,,
2026-09-30T14:58:23.732Z,A2,item_3070,legitimate,1790780295827,main,,,
2026-09-30T14:58:23.732Z,A2,rep__item_2746,legitimate,1790780299998,main,,,
2026-09-30T14:58:26.425Z,A2,rep__item_2804,legitimate,1790780302785,main,,,
2026-09-30T14:58:30.141Z,A2,rep__item_2804,legitimate,1790780302785,main,,,
2026-09-30T14:58:30.141Z,A2,item_2750,legitimate,1790780306559,main,,,
2026-09-30T14:58:34.686Z,A2,rep__item_2804,legitimate,1790780302785,main,,,
2026-09-30T14:58:34.686Z,A2,item_2750,legitimate,1790780306559,main,,,
2026-09-30T14:58:34.686Z,A2,item_2879,legitimate,1790780310666,main,,,
2026-09-30T14:58:40.403Z,A2,rep__item_2804,legitimate,1790780302785,main,,,
2026-09-30T14:58:40.403Z,A2,item_2750,legitimate,1790780306559,main,,,
2026-09-30T14:58:40.403Z,A2,item_2879,legitimate,1790780310666,main,,,
2026-09-30T14:58:40.403Z,A2,item_2872,legitimate,1790780315378,main,,,
2026-09-30T14:58:44.951Z,A2,rep__item_2804,legitimate,1790780302785,main,,,
2026-09-30T14:58:44.951Z,A2,item_2750,legitimate,1790780306559,main,,,
2026-09-30T14:58:44.951Z,A2,item_2879,legitimate,1790780310666,main,,,
2026-09-30T14:58:44.951Z,A2,item_2872,legitimate,1790780315378,main,,,
2026-09-30T14:58:44.951Z,A2,rep__item_2816,legitimate,1790780321542,main,,,
2026-09-30T14:58:52.479Z,A2,item_2879,legitimate,1790780310666,main,,,
2026-09-30T14:58:52.479Z,A2,item_2872,legitimate,1790780315378,main,,,
2026-09-30T14:58:52.479Z,A2,rep__item_2816,legitimate,1790780321542,main,,,
2026-09-30T14:58:52.479Z,A2,item_2797,unsure,1790780327959,main,,,
2026-09-30T14:58:57.348Z,A2,item_2879,legitimate,1790780310666,main,,,
2026-09-30T14:58:57.348Z,A2,item_2872,legitimate,1790780315378,main,,,
2026-09-30T14:58:57.348Z,A2,rep__item_2816,legitimate,1790780321542,main,,,
2026-09-30T14:58:57.348Z,A2,item_2797,unsure,1790780327959,main,,,
2026-09-30T14:59:15.376Z,A2,item_2752,annoying,1790780351519,main,,,
2026-09-30T14:59:19.118Z,A2,item_2973,legitimate,1790780355474,main,,,
2026-09-30T14:59:22.704Z,A2,item_2973,legitimate,1790780355474,main,,,
2026-09-30T14:59:22.704Z,A2,item_2934,legitimate,1790780358798,main,,,
2026-09-30T14:59:28.222Z,A2,item_2973,legitimate,1790780355474,main,,,
2026-09-30T14:59:28.222Z,A2,item_2934,legitimate,1790780358798,main,,,
2026-09-30T14:59:28.222Z,A2,item_2740,legitimate,1790780363949,main,,,
2026-09-30T14:59:28.857Z,A2,item_2973,legitimate,1790780355474,main,,,
2026-09-30T14:59:28.857Z,A2,item_2934,legitimate,1790780358798,main,,,
2026-09-30T14:59:28.857Z,A2,item_2740,legitimate,1790780363949,main,,,
2026-09-30T14:59:31.822Z,A2,item_2828,legitimate,1790780368357,main,,,
2026-09-30T14:59:35.171Z,A2,item_2828,legitimate,1790780368357,main,,,
2026-09-30T14:59:35.171Z,A2,item_2742,legitimate,1790780370827,main,,,
2026-09-30T14:59:41.465Z,A2,item_2792,legitimate,1790780377844,main,,,
2026-09-30T14:59:45.000Z,A2,item_2792,legitimate,1790780377844,main,,,
2026-09-30T14:59:51.656Z,A2,item_2792,legitimate,1790780377844,main,,,
2026-09-30T14:59:51.656Z,A2,item_2904,legitimate,1790780387857,main,,,
2026-09-30T14:59:57.183Z,A2,item_3037,legitimate,1790780393399,main,,,
2026-09-30T15:00:01.808Z,A2,item_3037,legitimate,1790780393399,main,,,
2026-09-30T15:00:01.808Z,A2,item_2710,legitimate,1790780398249,main,,,
2026-09-30T15:00:04.541Z,A2,rep__item_2897,legitimate,1790780400698,main,,,
2026-09-30T15:00:19.978Z,A2,rep__item_2897,legitimate,1790780400698,main,,,
2026-09-30T15:00:36.967Z,A2,rep__item_2897,legitimate,1790780400698,main,,,
2026-09-30T15:00:36.967Z,A2,item_2762,unsure,1790780433194,main,,,
2026-09-30T15:00:43.043Z,A2,rep__item_2897,legitimate,1790780400698,main,,,
2026-09-30T15:00:43.043Z,A2,item_2762,unsure,1790780433194,main,,,
2026-09-30T15:00:43.043Z,A2,item_2888,legitimate,1790780436250,main,,,
2026-09-30T15:00:46.012Z,A2,rep__item_2897,legitimate,1790780400698,main,,,
2026-09-30T15:00:46.012Z,A2,item_2762,unsure,1790780433194,main,,,
2026-09-30T15:00:46.012Z,A2,item_2888,legitimate,1790780436250,main,,,
2026-09-30T15:00:46.012Z,A2,item_3075,legitimate,1790780440463,main,,,
2026-09-30T15:00:48.639Z,A2,rep__item_2897,legitimate,1790780400698,main,,,
2026-09-30T15:00:48.639Z,A2,item_2762,unsure,1790780433194,main,,,
2026-09-30T15:00:48.639Z,A2,item_2888,legitimate,1790780436250,main,,,
2026-09-30T15:00:48.639Z,A2,item_3075,legitimate,1790780440463,main,,,
2026-09-30T15:00:48.639Z,A2,item_2984,legitimate,1790780444880,main,,,
2026-09-30T15:00:56.367Z,A2,rep__item_2897,legitimate,1790780400698,main,,,
2026-09-30T15:00:56.367Z,A2,item_2762,unsure,1790780433194,main,,,
2026-09-30T15:00:56.367Z,A2,item_2888,legitimate,1790780436250,main,,,
2026-09-30T15:00:56.367Z,A2,item_3075,legitimate,1790780440463,main,,,
2026-09-30T15:00:56.367Z,A2,item_2984,legitimate,1790780444880,main,,,
2026-09-30T15:00:56.367Z,A2,item_2789,unsure,1790780452658,main,,,
2026-09-30T15:01:00.050Z,A2,rep__item_2897,legitimate,1790780400698,main,,,
2026-09-30T15:01:00.050Z,A2,item_2762,unsure,1790780433194,main,,,
2026-09-30T15:01:00.050Z,A2,item_2888,legitimate,1790780436250,main,,,
2026-09-30T15:01:00.050Z,A2,item_3075,legitimate,1790780440463,main,,,
2026-09-30T15:01:00.050Z,A2,item_2984,legitimate,1790780444880,main,,,
2026-09-30T15:01:00.050Z,A2,item_2789,unsure,1790780452658,main,,,
2026-09-30T15:01:05.453Z,A2,item_2875,legitimate,1790780461730,main,,,
2026-09-30T15:15:32.288Z,A1,item_3018,legitimate,1790781331247,main,,,
2026-09-30T15:15:37.429Z,A1,item_2934,legitimate,1790781336036,main,,,
2026-09-30T15:15:46.788Z,A1,item_3029,legitimate,1790781345762,main,,,
2026-09-30T15:15:58.898Z,A1,item_3031,annoying,1790781358011,main,,,
2026-09-30T15:20:02.320Z,A1,item_2828,legitimate,1790781601065,main,,,
2026-09-30T15:20:07.267Z,A1,item_2828,legitimate,1790781601065,main,,,
2026-09-30T15:20:07.267Z,A1,item_2971,legitimate,1790781606469,main,,,
2026-09-30T15:20:17.662Z,A1,item_2886,legitimate,1790781616635,main,,,
2026-09-30T15:20:26.008Z,A1,item_3058,legitimate,1790781624687,main,,,
2026-09-30T15:20:31.203Z,A1,item_3058,legitimate,1790781624687,main,,,
2026-09-30T15:20:31.203Z,A1,item_3084,legitimate,1790781630332,main,,,
2026-09-30T15:20:44.662Z,A1,item_2755,unsure,1790781643639,main,,,
2026-09-30T15:20:53.438Z,A1,item_2755,unsure,1790781643639,main,,,
2026-09-30T15:20:53.438Z,A1,item_3010,annoying,1790781652223,main,,,
2026-09-30T15:23:05.718Z,A1,item_2766,legitimate,1790781784637,main,,,
2026-09-30T15:23:12.713Z,A1,item_2766,legitimate,1790781784637,main,,,
2026-09-30T15:23:12.713Z,A1,item_2745,legitimate,1790781791910,main,,,
2026-09-30T15:23:18.782Z,A1,item_2766,legitimate,1790781784637,main,,,
2026-09-30T15:23:18.782Z,A1,item_2745,legitimate,1790781791910,main,,,
2026-09-30T15:23:18.782Z,A1,item_3085,legitimate,1790781797638,main,,,
2026-09-30T15:23:22.828Z,A1,item_3065,legitimate,1790781802120,main,,,
2026-09-30T15:23:32.194Z,A1,item_3002,legitimate,1790781811140,main,,,
2026-09-30T15:25:40.866Z,A1,item_3046,legitimate,1790781939805,main,,,
2026-09-30T15:25:48.731Z,A1,item_3046,legitimate,1790781939805,main,,,
2026-09-30T15:25:48.731Z,A1,item_2826,annoying,1790781947672,main,,,
2026-09-30T15:26:03.593Z,A1,item_3046,legitimate,1790781939805,main,,,
2026-09-30T15:26:03.593Z,A1,item_2826,annoying,1790781947672,main,,,
2026-09-30T15:26:03.593Z,A1,item_2772,legitimate,1790781960024,main,,,
2026-09-30T15:26:06.258Z,A1,item_3046,legitimate,1790781939805,main,,,
2026-09-30T15:26:06.258Z,A1,item_2826,annoying,1790781947672,main,,,
2026-09-30T15:26:06.258Z,A1,item_2772,legitimate,1790781960024,main,,,
2026-09-30T15:26:06.258Z,A1,item_2732,legitimate,1790781965408,main,,,
2026-09-30T15:26:09.424Z,A1,item_3046,legitimate,1790781939805,main,,,
2026-09-30T15:26:09.424Z,A1,item_2826,annoying,1790781947672,main,,,
2026-09-30T15:26:09.424Z,A1,item_2772,legitimate,1790781960024,main,,,
2026-09-30T15:26:09.424Z,A1,item_2732,legitimate,1790781965408,main,,,
2026-09-30T15:26:09.424Z,A1,item_3003,legitimate,1790781968521,main,,,
2026-09-30T15:26:16.733Z,A1,item_3003,legitimate,1790781968521,main,,,
2026-09-30T15:26:16.733Z,A1,item_2917,legitimate,1790781975473,main,,,
2026-09-30T15:26:25.171Z,A1,item_2917,legitimate,1790781975473,main,,,
2026-09-30T15:26:25.171Z,A1,item_2797,annoying,1790781984273,main,,,
2026-09-30T15:27:05.700Z,A1,item_2797,annoying,1790781984273,main,,,
2026-09-30T15:27:05.700Z,A1,item_2916,legitimate,1790782023255,main,,,
2026-09-30T15:27:09.476Z,A1,item_2797,annoying,1790781984273,main,,,
2026-09-30T15:27:09.476Z,A1,item_2916,legitimate,1790782023255,main,,,
2026-09-30T15:27:09.476Z,A1,item_2780,legitimate,1790782027941,main,,,
2026-09-30T15:27:15.535Z,A1,item_2797,annoying,1790781984273,main,,,
2026-09-30T15:27:15.535Z,A1,item_2916,legitimate,1790782023255,main,,,
2026-09-30T15:27:15.535Z,A1,item_2780,legitimate,1790782027941,main,,,
2026-09-30T15:27:17.227Z,A1,item_2797,annoying,1790781984273,main,,,
2026-09-30T15:27:17.227Z,A1,item_2916,legitimate,1790782023255,main,,,
2026-09-30T15:27:17.227Z,A1,item_2780,legitimate,1790782027941,main,,,
2026-09-30T15:27:17.227Z,A1,item_2715,legitimate,1790782036210,main,,,
2026-09-30T15:27:48.998Z,A1,item_2715,legitimate,1790782036210,main,,,
2026-09-30T15:28:18.650Z,A1,item_3060,legitimate,1790782097495,main,,,
2026-09-30T15:28:27.405Z,A1,item_3060,legitimate,1790782097495,main,,,
2026-09-30T15:28:27.405Z,A1,item_3019,legitimate,1790782106326,main,,,
2026-09-30T15:28:30.958Z,A1,item_3060,legitimate,1790782097495,main,,,
2026-09-30T15:28:30.958Z,A1,item_3019,legitimate,1790782106326,main,,,
2026-09-30T15:28:30.958Z,A1,item_2746,legitimate,1790782109876,main,,,
2026-09-30T15:28:36.362Z,A1,item_3060,legitimate,1790782097495,main,,,
2026-09-30T15:28:36.362Z,A1,item_3019,legitimate,1790782106326,main,,,
2026-09-30T15:28:36.362Z,A1,item_2746,legitimate,1790782109876,main,,,
2026-09-30T15:28:36.362Z,A1,item_2855,legitimate,1790782114225,main,,,
2026-09-30T15:28:39.044Z,A1,item_3060,legitimate,1790782097495,main,,,
2026-09-30T15:28:39.044Z,A1,item_3019,legitimate,1790782106326,main,,,
2026-09-30T15:28:39.044Z,A1,item_2746,legitimate,1790782109876,main,,,
2026-09-30T15:28:39.044Z,A1,item_2855,legitimate,1790782114225,main,,,
2026-09-30T15:28:39.044Z,A1,item_3033,annoying,1790782117760,main,,,
2026-09-30T15:28:50.529Z,A1,item_3060,legitimate,1790782097495,main,,,
2026-09-30T15:28:50.529Z,A1,item_3019,legitimate,1790782106326,main,,,
2026-09-30T15:28:50.529Z,A1,item_2746,legitimate,1790782109876,main,,,
2026-09-30T15:28:50.529Z,A1,item_2855,legitimate,1790782114225,main,,,
2026-09-30T15:28:50.529Z,A1,item_3033,annoying,1790782117760,main,,,
2026-09-30T15:28:50.529Z,A1,item_2834,legitimate,1790782128641,main,,,
2026-09-30T15:29:30.548Z,A1,item_2718,legitimate,1790782169145,main,,,
2026-09-30T15:29:54.204Z,A1,item_2718,unsure,1790782192994,main,,,
2026-09-30T15:30:19.912Z,A1,item_3077,unsure,1790782218047,main,,,
2026-09-30T15:30:22.172Z,A1,item_3077,unsure,1790782218047,main,,,
2026-09-30T15:30:22.172Z,A1,item_2729,legitimate,1790782221180,main,,,
2026-09-30T15:30:29.771Z,A1,item_2729,legitimate,1790782221180,main,,,
2026-09-30T15:30:29.771Z,A1,item_2800,annoying,1790782228544,main,,,
2026-09-30T15:31:05.709Z,A1,item_2765,legitimate,1790782264574,main,,,
2026-09-30T15:31:31.319Z,A1,item_2951,unsure,1790782290410,main,,,
2026-09-30T15:32:45.840Z,A1,item_2999,annoying,1790782364713,main,,,
2026-09-30T15:36:38.841Z,A1,item_2892,legitimate,1790782597120,main,,,
2026-09-30T15:36:44.115Z,A1,item_2892,legitimate,1790782597120,main,,,
2026-09-30T15:36:44.115Z,A1,item_3035,annoying,1790782603086,main,,,
2026-09-30T15:37:04.051Z,A1,item_3035,unsure,1790782622924,main,,,
2026-09-30T15:37:15.244Z,A1,item_3035,unsure,1790782622924,main,,,
2026-09-30T15:37:15.244Z,A1,item_3012,unsure,1790782634119,main,,,
2026-09-30T15:37:20.564Z,A1,item_3012,unsure,1790782634119,main,,,
2026-09-30T15:37:20.564Z,A1,item_2891,garbled,1790782639384,main,,,
2026-09-30T15:37:45.499Z,A1,item_3015,unsure,1790782664123,main,,,
2026-09-30T15:37:52.913Z,A1,item_2930,legitimate,1790782671860,main,,,
2026-09-30T15:37:56.049Z,A1,item_2930,legitimate,1790782671860,main,,,
2026-09-30T15:37:56.049Z,A1,item_2829,legitimate,1790782675309,main,,,
2026-09-30T15:38:12.767Z,A1,item_2913,legitimate,1790782691804,main,,,
2026-09-30T15:38:18.882Z,A1,item_2913,legitimate,1790782691804,main,,,
2026-09-30T15:38:18.882Z,A1,item_2716,legitimate,1790782697693,main,,,
2026-09-30T15:38:35.484Z,A1,item_2716,legitimate,1790782697693,main,,,
2026-09-30T15:38:35.484Z,A1,item_3086,legitimate,1790782714268,main,,,
2026-09-30T15:38:41.900Z,A1,item_2884,legitimate,1790782721060,main,,,
2026-09-30T15:38:45.681Z,A1,item_2789,annoying,1790782724744,main,,,
2026-09-30T15:38:53.631Z,A1,item_2789,annoying,1790782724744,main,,,
2026-09-30T15:38:53.631Z,A1,item_2883,legitimate,1790782732837,main,,,
2026-09-30T15:38:57.497Z,A1,item_2876,legitimate,1790782736295,main,,,
2026-09-30T15:39:04.239Z,A1,item_3024,legitimate,1790782742644,main,,,
2026-09-30T15:39:23.782Z,A1,item_2771,unsure,1790782762107,main,,,
2026-09-30T15:39:30.559Z,A1,item_2974,legitimate,1790782769286,main,,,
2026-09-30T15:39:40.948Z,A1,item_2974,legitimate,1790782769286,main,,,
2026-09-30T15:39:40.948Z,A1,item_2929,legitimate,1790782778812,main,,,
2026-09-30T15:39:45.769Z,A1,item_2974,legitimate,1790782769286,main,,,
2026-09-30T15:39:45.769Z,A1,item_2929,legitimate,1790782778812,main,,,
2026-09-30T15:39:45.769Z,A1,item_2778,legitimate,1790782784961,main,,,
2026-09-30T15:39:59.419Z,A1,item_2974,legitimate,1790782769286,main,,,
2026-09-30T15:39:59.419Z,A1,item_2929,legitimate,1790782778812,main,,,
2026-09-30T15:39:59.419Z,A1,item_2778,legitimate,1790782784961,main,,,
2026-09-30T15:39:59.419Z,A1,item_3001,unsure,1790782798204,main,,,
2026-09-30T15:40:12.002Z,A1,item_2974,legitimate,1790782769286,main,,,
2026-09-30T15:40:12.002Z,A1,item_2929,legitimate,1790782778812,main,,,
2026-09-30T15:40:12.002Z,A1,item_2778,legitimate,1790782784961,main,,,
2026-09-30T15:40:12.002Z,A1,item_3001,unsure,1790782798204,main,,,
2026-09-30T15:40:12.002Z,A1,item_2712,annoying,1790782804246,main,,,
2026-09-30T15:40:17.624Z,A1,item_2974,legitimate,1790782769286,main,,,
2026-09-30T15:40:17.624Z,A1,item_2929,legitimate,1790782778812,main,,,
2026-09-30T15:40:17.624Z,A1,item_2778,legitimate,1790782784961,main,,,
2026-09-30T15:40:17.624Z,A1,item_3001,unsure,1790782798204,main,,,
2026-09-30T15:40:17.624Z,A1,item_2712,annoying,1790782804246,main,,,
2026-09-30T15:41:08.450Z,A1,item_2939,legitimate,1790782867092,main,,,
2026-09-30T15:41:20.978Z,A1,item_2939,legitimate,1790782867092,main,,,
2026-09-30T15:41:20.978Z,A1,item_2896,legitimate,1790782880072,main,,,
2026-09-30T15:41:29.960Z,A1,item_2939,legitimate,1790782867092,main,,,
2026-09-30T15:41:29.960Z,A1,item_2896,legitimate,1790782880072,main,,,
2026-09-30T15:41:29.960Z,A1,item_2740,legitimate,1790782889046,main,,,
2026-09-30T15:41:33.148Z,A1,item_2939,legitimate,1790782867092,main,,,
2026-09-30T15:41:33.148Z,A1,item_2896,legitimate,1790782880072,main,,,
2026-09-30T15:41:33.148Z,A1,item_2740,legitimate,1790782889046,main,,,
2026-09-30T15:41:33.148Z,A1,item_2990,legitimate,1790782892385,main,,,
2026-09-30T15:41:48.205Z,A1,item_2939,legitimate,1790782867092,main,,,
2026-09-30T15:41:48.205Z,A1,item_2896,legitimate,1790782880072,main,,,
2026-09-30T15:41:48.205Z,A1,item_2740,legitimate,1790782889046,main,,,
2026-09-30T15:41:48.205Z,A1,item_2990,legitimate,1790782892385,main,,,
2026-09-30T15:41:52.384Z,A1,item_3081,legitimate,1790782911246,main,,,
2026-09-30T15:41:57.936Z,A1,item_3081,legitimate,1790782911246,main,,,
2026-09-30T15:42:11.437Z,A1,item_2835,legitimate,1790782930589,main,,,
2026-09-30T15:42:19.437Z,A1,item_2835,legitimate,1790782930589,main,,,
2026-09-30T15:42:19.437Z,A1,item_2701,legitimate,1790782937614,main,,,
2026-09-30T15:42:21.581Z,A1,item_2835,legitimate,1790782930589,main,,,
2026-09-30T15:42:21.581Z,A1,item_2701,legitimate,1790782937614,main,,,
2026-09-30T15:42:24.377Z,A1,item_2835,legitimate,1790782930589,main,,,
2026-09-30T15:42:24.377Z,A1,item_2701,legitimate,1790782937614,main,,,
2026-09-30T15:42:24.377Z,A1,item_2735,legitimate,1790782943448,main,,,
2026-09-30T15:42:46.151Z,A1,item_2735,legitimate,1790782943448,main,,,
2026-09-30T15:42:46.151Z,A1,item_2854,legitimate,1790782965240,main,,,
2026-09-30T15:42:48.374Z,A1,item_2735,legitimate,1790782943448,main,,,
2026-09-30T15:42:48.374Z,A1,item_2854,legitimate,1790782965240,main,,,
2026-09-30T15:42:48.374Z,A1,item_2877,legitimate,1790782967774,main,,,
2026-09-30T15:42:56.674Z,A1,item_2811,legitimate,1790782975661,main,,,
2026-09-30T15:43:06.482Z,A1,item_2986,legitimate,1790782985576,main,,,
2026-09-30T15:43:15.378Z,A1,item_2986,legitimate,1790782985576,main,,,
2026-09-30T15:43:15.378Z,A1,item_3061,legitimate,1790782994325,main,,,
2026-09-30T15:43:15.789Z,A1,item_2986,legitimate,1790782985576,main,,,
2026-09-30T15:43:15.789Z,A1,item_3061,legitimate,1790782994325,main,,,
2026-09-30T15:43:20.881Z,A1,item_2986,legitimate,1790782985576,main,,,
2026-09-30T15:43:20.881Z,A1,item_3061,legitimate,1790782994325,main,,,
2026-09-30T15:43:20.881Z,A1,item_2844,legitimate,1790783000091,main,,,
2026-09-30T15:43:30.682Z,A1,item_2982,legitimate,1790783009131,main,,,
2026-09-30T15:43:33.327Z,A1,item_2982,legitimate,1790783009131,main,,,
2026-09-30T15:43:33.327Z,A1,item_3075,legitimate,1790783012300,main,,,
2026-09-30T15:43:55.572Z,A1,item_2815,legitimate,1790783034484,main,,,
2026-09-30T15:44:03.002Z,A1,item_2815,legitimate,1790783034484,main,,,
2026-09-30T15:44:05.410Z,A1,item_2869,legitimate,1790783044527,main,,,
2026-09-30T15:44:08.756Z,A1,item_2869,legitimate,1790783044527,main,,,
2026-09-30T15:44:08.756Z,A1,item_2878,legitimate,1790783047711,main,,,
2026-09-30T15:44:14.812Z,A1,item_2691,legitimate,1790783054062,main,,,
2026-09-30T15:44:20.415Z,A1,item_2691,legitimate,1790783054062,main,,,
2026-09-30T15:44:44.139Z,A1,item_2691,legitimate,1790783054062,main,,,
2026-09-30T15:44:44.139Z,A1,item_2952,unsure,1790783083141,main,,,
2026-09-30T15:44:51.228Z,A1,item_2691,legitimate,1790783054062,main,,,
2026-09-30T15:44:51.228Z,A1,item_2952,unsure,1790783083141,main,,,
2026-09-30T15:45:16.673Z,A1,item_2867,unsure,1790783115451,main,,,
2026-09-30T15:45:26.370Z,A1,item_2867,unsure,1790783115451,main,,,
2026-09-30T15:45:39.654Z,A1,item_2918,unsure,1790783138526,main,,,
2026-09-30T15:45:47.959Z,A1,item_2918,unsure,1790783138526,main,,,
2026-09-30T15:45:47.959Z,A1,item_2980,legitimate,1790783146571,main,,,
2026-09-30T15:45:52.025Z,A1,item_2918,unsure,1790783138526,main,,,
2026-09-30T15:45:52.025Z,A1,item_2980,legitimate,1790783146571,main,,,
2026-09-30T15:45:52.025Z,A1,item_2895,legitimate,1790783150845,main,,,
2026-09-30T15:46:05.931Z,A1,item_2903,legitimate,1790783164263,main,,,
2026-09-30T15:46:17.606Z,A1,item_2909,annoying,1790783176718,main,,,
2026-09-30T15:46:27.051Z,A1,item_3034,legitimate,1790783186273,main,,,
2026-09-30T15:46:29.375Z,A1,item_3034,legitimate,1790783186273,main,,,
2026-09-30T15:46:29.375Z,A1,item_2885,legitimate,1790783188554,main,,,
2026-09-30T15:46:32.133Z,A1,item_3034,legitimate,1790783186273,main,,,
2026-09-30T15:46:32.133Z,A1,item_2885,legitimate,1790783188554,main,,,
2026-09-30T15:46:32.133Z,A1,item_2725,legitimate,1790783191248,main,,,
2026-09-30T15:46:36.830Z,A1,item_2725,legitimate,1790783191248,main,,,
2026-09-30T15:46:36.830Z,A1,item_2696,legitimate,1790783196057,main,,,
2026-09-30T15:46:44.168Z,A1,item_2823,legitimate,1790783202759,main,,,
2026-09-30T15:47:04.081Z,A1,item_2823,legitimate,1790783202759,main,,,
2026-09-30T15:47:04.081Z,A1,item_2823,annoying,1790783222892,main,,,
2026-09-30T15:47:21.180Z,A1,item_2823,annoying,1790783222892,main,,,
2026-09-30T15:47:21.180Z,A1,item_2799,unsure,1790783240320,main,,,
2026-09-30T15:47:34.075Z,A1,item_2799,unsure,1790783240320,main,,,
2026-09-30T15:47:34.075Z,A1,item_3082,legitimate,1790783252996,main,,,
2026-09-30T15:47:41.709Z,A1,item_2805,annoying,1790783260501,main,,,
2026-09-30T15:48:06.545Z,A1,item_2781,annoying,1790783285588,main,,,
2026-09-30T15:48:10.545Z,A1,item_2781,annoying,1790783285588,main,,,
2026-09-30T15:48:10.545Z,A1,item_2831,legitimate,1790783288853,main,,,
2026-09-30T15:48:35.167Z,A1,item_3066,unsure,1790783313635,main,,,
2026-09-30T15:48:39.190Z,A1,item_2721,legitimate,1790783318194,main,,,
2026-09-30T15:49:22.730Z,A1,item_2967,legitimate,1790783361488,main,,,
2026-09-30T15:49:26.678Z,A1,item_2967,legitimate,1790783361488,main,,,
2026-09-30T15:49:26.678Z,A1,item_3067,legitimate,1790783365556,main,,,
2026-09-30T15:49:34.203Z,A1,item_2776,legitimate,1790783372937,main,,,
2026-09-30T15:49:40.144Z,A1,item_2880,legitimate,1790783379090,main,,,
2026-09-30T15:49:44.420Z,A1,item_2880,legitimate,1790783379090,main,,,
2026-09-30T15:49:44.420Z,A1,item_2976,legitimate,1790783383197,main,,,
2026-09-30T15:50:05.843Z,A1,item_3079,unsure,1790783404923,main,,,
2026-09-30T15:50:20.701Z,A1,item_2937,legitimate,1790783419853,main,,,
2026-09-30T15:50:27.676Z,A1,item_2937,legitimate,1790783419853,main,,,
2026-09-30T15:50:27.676Z,A1,item_2966,annoying,1790783426549,main,,,
2026-09-30T15:50:35.090Z,A1,item_2937,legitimate,1790783419853,main,,,
2026-09-30T15:50:35.090Z,A1,item_2966,annoying,1790783426549,main,,,
2026-09-30T15:50:35.090Z,A1,item_3008,legitimate,1790783434134,main,,,
2026-09-30T15:50:38.454Z,A1,item_2908,legitimate,1790783437316,main,,,
2026-09-30T15:50:48.526Z,A1,item_3038,unsure,1790783447467,main,,,
2026-09-30T15:51:15.209Z,A1,item_2984,unsure,1790783474321,main,,,
2026-09-30T15:51:17.932Z,A1,item_2984,unsure,1790783474321,main,,,
2026-09-30T15:51:17.932Z,A1,item_2804,legitimate,1790783477121,main,,,
2026-09-30T15:51:25.514Z,A1,item_2964,legitimate,1790783484534,main,,,
2026-09-30T15:51:28.448Z,A1,item_2822,legitimate,1790783487768,main,,,
2026-09-30T15:51:57.555Z,A1,item_2790,legitimate,1790783511608,main,,,
2026-09-30T15:51:57.555Z,A1,item_2724,legitimate,1790783516284,main,,,
2026-09-30T15:52:02.258Z,A1,item_2764,annoying,1790783520953,main,,,
2026-09-30T15:52:02.529Z,A1,item_2790,legitimate,1790783511608,main,,,
2026-09-30T15:52:08.538Z,A1,item_2764,annoying,1790783520953,main,,,
2026-09-30T15:52:08.538Z,A1,item_3043,annoying,1790783527506,main,,,
2026-09-30T15:52:27.441Z,A1,item_3070,legitimate,1790783546441,main,,,
2026-09-30T15:52:42.116Z,A1,item_3074,unsure,1790783560704,main,,,
2026-09-30T15:52:50.662Z,A1,item_3074,unsure,1790783560704,main,,,
2026-09-30T15:52:50.662Z,A1,item_3036,legitimate,1790783569453,main,,,
2026-09-30T15:52:57.982Z,A1,item_2904,legitimate,1790783577123,main,,,
2026-09-30T15:53:17.909Z,A1,item_3047,unsure,1790783597005,main,,,
2026-09-30T15:54:31.729Z,A1,item_2749,unsure,1790783670562,main,,,
2026-09-30T15:55:00.689Z,A1,item_2861,annoying,1790783699476,main,,,
2026-09-30T15:55:06.844Z,A1,item_2861,annoying,1790783699476,main,,,
2026-09-30T15:55:06.844Z,A1,item_2739,unsure,1790783705959,main,,,
2026-09-30T15:55:12.296Z,A1,item_2861,annoying,1790783699476,main,,,
2026-09-30T15:55:12.296Z,A1,item_2739,unsure,1790783705959,main,,,
2026-09-30T15:55:12.296Z,A1,item_3007,annoying,1790783710345,main,,,
2026-09-30T15:55:16.486Z,A1,item_2814,legitimate,1790783715560,main,,,
2026-09-30T15:55:39.062Z,A1,item_2978,unsure,1790783738197,main,,,
2026-09-30T15:55:44.125Z,A1,item_2978,unsure,1790783738197,main,,,
2026-09-30T15:55:44.125Z,A1,item_2742,legitimate,1790783742910,main,,,
2026-09-30T15:55:56.238Z,A1,item_2742,legitimate,1790783742910,main,,,
2026-09-30T15:55:56.238Z,A1,item_2742,unsure,1790783754977,main,,,
2026-09-30T15:55:58.713Z,A1,item_2742,legitimate,1790783742910,main,,,
2026-09-30T15:55:58.713Z,A1,item_2742,unsure,1790783754977,main,,,
2026-09-30T15:55:58.713Z,A1,item_2743,annoying,1790783757809,main,,,
2026-09-30T15:56:02.629Z,A1,item_2743,annoying,1790783757809,main,,,
2026-09-30T15:56:02.629Z,A1,item_2747,legitimate,1790783761043,main,,,
2026-09-30T15:56:11.076Z,A1,item_2747,legitimate,1790783761043,main,,,
2026-09-30T15:56:11.076Z,A1,item_3057,legitimate,1790783769091,main,,,
2026-09-30T15:56:13.199Z,A1,item_2747,legitimate,1790783761043,main,,,
2026-09-30T15:56:13.199Z,A1,item_3057,legitimate,1790783769091,main,,,
2026-09-30T15:56:13.199Z,A1,item_2970,annoying,1790783772023,main,,,
2026-09-30T15:56:27.226Z,A1,item_2970,annoying,1790783772023,main,,,
2026-09-30T15:57:22.060Z,A1,item_2972,legitimate,1790783840245,main,,,
2026-09-30T15:57:34.240Z,A1,item_2938,unsure,1790783853162,main,,,
2026-09-30T15:57:40.096Z,A1,item_2698,legitimate,1790783857325,main,,,
2026-09-30T15:59:40.195Z,A1,item_2957,legitimate,1790783978730,main,,,
2026-09-30T16:01:32.216Z,A1,item_3044,legitimate,1790784091251,main,,,
2026-09-30T16:01:38.595Z,A1,item_3044,legitimate,1790784091251,main,,,
2026-09-30T16:01:38.595Z,A1,item_2818,legitimate,1790784097218,main,,,
2026-09-30T16:01:45.518Z,A1,item_2692,legitimate,1790784104668,main,,,
2026-09-30T16:01:49.367Z,A1,item_2692,legitimate,1790784104668,main,,,
2026-09-30T16:01:49.367Z,A1,item_2848,legitimate,1790784107948,main,,,
2026-09-30T16:01:51.124Z,A1,item_2692,legitimate,1790784104668,main,,,
2026-09-30T16:01:51.124Z,A1,item_2848,legitimate,1790784107948,main,,,
2026-09-30T16:01:51.124Z,A1,item_2820,legitimate,1790784110251,main,,,
2026-09-30T16:01:57.384Z,A1,item_2820,legitimate,1790784110251,main,,,
2026-09-30T16:01:57.384Z,A1,item_2714,legitimate,1790784114500,main,,,
2026-09-30T16:02:17.821Z,A1,item_2983,unsure,1790784136568,main,,,
2026-09-30T16:02:26.715Z,A1,item_2985,legitimate,1790784145553,main,,,
2026-09-30T16:02:36.649Z,A1,item_2949,legitimate,1790784155568,main,,,
2026-09-30T16:02:54.812Z,A1,item_2910,unsure,1790784169731,main,,,
2026-09-30T16:02:59.525Z,A1,item_2910,unsure,1790784169731,main,,,
2026-09-30T16:02:59.525Z,A1,item_2713,legitimate,1790784178720,main,,,
2026-09-30T16:03:03.342Z,A1,item_2910,unsure,1790784169731,main,,,
2026-09-30T16:03:03.342Z,A1,item_2713,legitimate,1790784178720,main,,,
2026-09-30T16:03:03.342Z,A1,item_2819,legitimate,1790784181466,main,,,
2026-09-30T16:03:38.689Z,A1,item_2695,legitimate,1790784217380,main,,,
2026-09-30T16:03:43.322Z,A1,item_2695,legitimate,1790784217380,main,,,
2026-09-30T16:03:43.322Z,A1,item_2977,legitimate,1790784222280,main,,,
2026-09-30T16:04:15.799Z,A1,item_2954,legitimate,1790784254672,main,,,
2026-09-30T16:04:27.222Z,A1,item_2827,annoying,1790784265271,main,,,
2026-09-30T16:04:36.926Z,A1,item_2914,legitimate,1790784275084,main,,,
2026-09-30T16:04:50.829Z,A1,item_2707,unsure,1790784289899,main,,,
2026-09-30T16:06:11.327Z,A1,item_2948,legitimate,1790784369405,main,,,
2026-09-30T16:06:27.285Z,A1,item_2948,legitimate,1790784369405,main,,,
2026-09-30T16:06:27.285Z,A1,item_2689,legitimate,1790784386103,main,,,
2026-09-30T16:06:53.634Z,A1,item_3039,annoying,1790784412535,main,,,
2026-09-30T16:07:00.631Z,A1,item_3039,annoying,1790784412535,main,,,
2026-09-30T16:07:00.631Z,A1,item_2847,legitimate,1790784419368,main,,,
2026-09-30T16:07:10.546Z,A1,item_2963,annoying,1790784429558,main,,,
2026-09-30T16:07:14.239Z,A1,item_2963,annoying,1790784429558,main,,,
2026-09-30T16:07:14.239Z,A1,item_3073,annoying,1790784433224,main,,,
2026-09-30T16:07:21.712Z,A1,item_2963,annoying,1790784429558,main,,,
2026-09-30T16:07:21.712Z,A1,item_3073,annoying,1790784433224,main,,,
2026-09-30T16:07:21.712Z,A1,item_2881,legitimate,1790784439225,main,,,
2026-09-30T16:07:57.292Z,A1,item_2881,legitimate,1790784439225,main,,,
2026-09-30T16:08:11.211Z,A1,item_2881,legitimate,1790784439225,main,,,
2026-09-30T16:12:55.219Z,A1,item_2992,legitimate,1790784774021,main,,,
2026-09-30T16:12:59.034Z,A1,item_3037,legitimate,1790784777670,main,,,
2026-09-30T16:13:04.755Z,A1,item_2897,legitimate,1790784783825,main,,,
2026-09-30T16:13:32.662Z,A1,item_2874,legitimate,1790784811340,main,,,
2026-09-30T16:13:41.219Z,A1,item_2975,legitimate,1790784820103,main,,,
2026-09-30T16:13:44.615Z,A1,item_2975,legitimate,1790784820103,main,,,
2026-09-30T16:13:44.615Z,A1,item_2704,legitimate,1790784823419,main,,,
2026-09-30T16:13:49.087Z,A1,item_2975,legitimate,1790784820103,main,,,
2026-09-30T16:13:49.087Z,A1,item_2704,legitimate,1790784823419,main,,,
2026-09-30T16:13:49.087Z,A1,item_2845,legitimate,1790784828122,main,,,
2026-09-30T16:13:52.284Z,A1,item_2975,legitimate,1790784820103,main,,,
2026-09-30T16:13:52.284Z,A1,item_2704,legitimate,1790784823419,main,,,
2026-09-30T16:13:52.284Z,A1,item_2845,legitimate,1790784828122,main,,,
2026-09-30T16:13:52.284Z,A1,item_2850,annoying,1790784831163,main,,,
2026-09-30T16:13:54.089Z,A1,item_2975,legitimate,1790784820103,main,,,
2026-09-30T16:13:54.089Z,A1,item_2704,legitimate,1790784823419,main,,,
2026-09-30T16:13:54.089Z,A1,item_2845,legitimate,1790784828122,main,,,
2026-09-30T16:13:54.089Z,A1,item_2850,annoying,1790784831163,main,,,
2026-09-30T16:14:07.960Z,A1,item_2845,legitimate,1790784828122,main,,,
2026-09-30T16:14:07.960Z,A1,item_2850,annoying,1790784831163,main,,,
2026-09-30T16:14:07.960Z,A1,item_2850,legitimate,1790784846174,main,,,
2026-09-30T16:14:36.389Z,A1,item_2850,legitimate,1790784846174,main,,,
2026-09-30T16:15:24.627Z,A1,item_2850,legitimate,1790784846174,main,,,
2026-09-30T16:19:31.192Z,A1,item_2736,annoying,1790785169855,main,,,
2026-09-30T16:19:33.565Z,A1,item_2736,annoying,1790785169855,main,,,
2026-09-30T16:19:33.565Z,A1,item_2873,legitimate,1790785172495,main,,,
2026-09-30T16:19:38.137Z,A1,item_2873,legitimate,1790785172495,main,,,
2026-09-30T16:19:38.137Z,A1,rep__item_3065,legitimate,1790785176539,main,,,
2026-09-30T16:19:45.726Z,A1,item_2832,legitimate,1790785184860,main,,,
2026-09-30T16:19:50.824Z,A1,item_2832,legitimate,1790785184860,main,,,
2026-09-30T16:19:50.824Z,A1,item_3054,legitimate,1790785189480,main,,,
2026-09-30T16:19:54.966Z,A1,item_3042,legitimate,1790785193796,main,,,
2026-09-30T16:20:00.002Z,A1,item_2871,legitimate,1790785198912,main,,,
2026-09-30T16:20:15.363Z,A1,rep__item_2852,unsure,1790785212896,main,,,
2026-09-30T16:20:20.714Z,A1,item_3017,annoying,1790785219496,main,,,
2026-09-30T16:20:24.914Z,A1,item_3055,annoying,1790785223581,main,,,
2026-09-30T16:20:30.576Z,A1,item_2991,legitimate,1790785229530,main,,,
2026-09-30T16:23:59.888Z,A1,item_2784,legitimate,1790785438678,main,,,
2026-09-30T16:24:04.468Z,A1,item_2775,legitimate,1790785443401,main,,,
2026-09-30T16:24:07.615Z,A1,item_2893,legitimate,1790785446533,main,,,
2026-09-30T16:26:04.671Z,A1,item_2801,legitimate,1790785563336,main,,,
2026-09-30T16:26:07.076Z,A1,item_2801,legitimate,1790785563336,main,,,
2026-09-30T16:26:07.076Z,A1,item_2813,legitimate,1790785565998,main,,,
2026-09-30T16:26:09.466Z,A1,item_2813,legitimate,1790785565998,main,,,
2026-09-30T16:26:09.466Z,A1,item_2719,legitimate,1790785568162,main,,,
2026-09-30T16:26:15.453Z,A1,item_2838,legitimate,1790785573063,main,,,
2026-09-30T16:26:22.160Z,A1,rep__item_2930,legitimate,1790785580831,main,,,
2026-09-30T16:26:37.590Z,A1,item_3069,unsure,1790785596298,main,,,
2026-09-30T16:26:40.656Z,A1,item_3069,unsure,1790785596298,main,,,
2026-09-30T16:26:40.656Z,A1,item_2741,legitimate,1790785599664,main,,,
2026-09-30T16:27:37.205Z,A1,rep__item_2884,legitimate,1790785655968,main,,,
2026-09-30T16:27:41.932Z,A1,item_2927,legitimate,1790785660948,main,,,
2026-09-30T16:27:46.742Z,A1,item_2911,legitimate,1790785665714,main,,,
2026-09-30T16:27:49.319Z,A1,item_2807,legitimate,1790785668353,main,,,
2026-09-30T16:27:53.317Z,A1,item_2989,annoying,1790785672563,main,,,
2026-09-30T16:29:06.812Z,A1,item_3045,legitimate,1790785745618,main,,,
2026-09-30T16:29:12.709Z,A1,item_3045,legitimate,1790785745618,main,,,
2026-09-30T16:29:12.709Z,A1,item_2928,legitimate,1790785751436,main,,,
2026-09-30T16:29:14.696Z,A1,item_3045,legitimate,1790785745618,main,,,
2026-09-30T16:29:14.696Z,A1,item_2928,legitimate,1790785751436,main,,,
2026-09-30T16:29:14.696Z,A1,item_2899,legitimate,1790785753700,main,,,
2026-09-30T16:29:25.646Z,A1,item_2928,legitimate,1790785751436,main,,,
2026-09-30T16:29:25.646Z,A1,item_2899,legitimate,1790785753700,main,,,
2026-09-30T16:29:25.646Z,A1,item_2830,legitimate,1790785764701,main,,,
2026-09-30T16:29:28.015Z,A1,item_2928,legitimate,1790785751436,main,,,
2026-09-30T16:29:28.015Z,A1,item_2899,legitimate,1790785753700,main,,,
2026-09-30T16:29:28.015Z,A1,item_2830,legitimate,1790785764701,main,,,
2026-09-30T16:29:28.999Z,A1,item_2730,legitimate,1790785767734,main,,,
2026-09-30T16:35:29.052Z,A1,item_2988,legitimate,1790786127511,main,,,
2026-09-30T18:33:24.888Z,A1,item_2752,annoying,1790793203676,main,,,
2026-09-30T18:33:46.780Z,A1,item_2875,legitimate,1790793225516,main,,,
2026-09-30T18:36:14.488Z,A1,item_2862,legitimate,1790793373548,main,,,
2026-09-30T18:36:21.851Z,A1,rep__item_3018,legitimate,1790793380957,main,,,
2026-09-30T18:36:40.210Z,A1,item_2940,legitimate,1790793399075,main,,,
2026-09-30T18:38:03.490Z,A1,item_2737,legitimate,1790793482556,main,,,
2026-09-30T18:38:10.083Z,A1,item_2737,legitimate,1790793482556,main,,,
2026-09-30T18:38:10.083Z,A1,rep__item_2891,garbled,1790793488816,main,,,
2026-09-30T18:38:46.043Z,A1,rep__item_2891,garbled,1790793488816,main,,,
2026-09-30T18:39:10.505Z,A1,item_3051,legitimate,1790793549458,main,,,
2026-09-30T18:39:16.641Z,A1,rep__item_2917,legitimate,1790793555852,main,,,
2026-09-30T18:39:23.634Z,A1,item_2816,legitimate,1790793562570,main,,,
2026-09-30T18:42:49.380Z,A1,item_3026,unsure,1790793768420,main,,,
2026-09-30T18:43:28.979Z,A1,item_2763,unsure,1790793807795,main,,,
2026-09-30T18:44:09.066Z,A1,item_2785,legitimate,1790793848113,main,,,
2026-09-30T18:44:20.558Z,A1,item_2694,legitimate,1790793859733,main,,,
2026-09-30T18:44:25.849Z,A1,item_3011,legitimate,1790793865029,main,,,
2026-09-30T18:44:49.294Z,A1,item_2859,unsure,1790793888087,main,,,
2026-09-30T18:45:07.621Z,A1,item_3014,annoying,1790793906925,main,,,
2026-09-30T18:46:27.702Z,A1,item_2868,annoying,1790793986430,main,,,
2026-09-30T18:47:17.578Z,A1,item_2944,legitimate,1790794036751,main,,,
2026-09-30T18:47:44.399Z,A1,rep__item_2923,legitimate,1790794063575,main,,,
2026-09-30T18:49:21.727Z,A1,item_3021,legitimate,1790794160768,main,,,
2026-09-30T18:49:48.739Z,A1,item_2768,unsure,1790794186922,main,,,
2026-09-30T18:50:17.449Z,A1,item_2744,legitimate,1790794215770,main,,,
2026-09-30T18:50:26.750Z,A1,item_2750,legitimate,1790794224583,main,,,
2026-09-30T18:50:49.867Z,A1,item_2802,legitimate,1790794248901,main,,,
2026-09-30T18:51:13.591Z,A1,item_3053,unsure,1790794272252,main,,,
2026-09-30T18:51:19.988Z,A1,item_2890,legitimate,1790794278773,main,,,
2026-09-30T18:54:09.428Z,A1,item_2919,legitimate,1790794448110,main,,,
2026-09-30T18:54:13.685Z,A1,rep__item_2766,legitimate,1790794452114,main,,,
2026-09-30T18:55:12.395Z,A1,item_2842,annoying,1790794511225,main,,,
2026-09-30T18:55:25.215Z,A1,item_2933,legitimate,1790794524351,main,,,
2026-09-30T18:56:37.958Z,A1,item_2905,legitimate,1790794596711,main,,,
2026-09-30T18:56:41.858Z,A1,rep__item_2889,legitimate,1790794600861,main,,,
2026-09-30T18:56:50.774Z,A1,rep__item_2740,legitimate,1790794609933,main,,,
2026-09-30T18:57:00.527Z,A1,rep__item_2735,unsure,1790794619343,main,,,
2026-09-30T18:57:13.849Z,A1,item_2894,legitimate,1790794632800,main,,,
2026-09-30T18:57:26.939Z,A1,item_2792,unsure,1790794645900,main,,,
2026-09-30T18:57:33.084Z,A1,item_2851,legitimate,1790794652138,main,,,
2026-09-30T18:57:51.051Z,A1,item_2959,legitimate,1790794670139,main,,,
2026-09-30T18:57:57.162Z,A1,item_2942,legitimate,1790794676416,main,,,
2026-09-30T18:57:59.952Z,A1,item_2968,legitimate,1790794679245,main,,,
2026-09-30T18:58:03.290Z,A1,item_2968,legitimate,1790794679245,main,,,
2026-09-30T18:58:03.290Z,A1,item_2907,legitimate,1790794682342,main,,,
2026-09-30T18:58:46.683Z,A1,item_2809,legitimate,1790794725625,main,,,
2026-09-30T18:59:12.243Z,A1,item_2987,unsure,1790794751015,main,,,
2026-09-30T18:59:18.641Z,A1,item_2965,legitimate,1790794757709,main,,,
2026-09-30T18:59:29.893Z,A1,item_3027,legitimate,1790794768635,main,,,
2026-09-30T18:59:36.446Z,A1,item_2693,annoying,1790794775695,main,,,
2026-09-30T19:05:23.123Z,A1,item_2864,legitimate,1790795121871,main,,,
2026-09-30T19:06:12.473Z,A1,item_2738,legitimate,1790795171591,main,,,
2026-09-30T19:06:34.203Z,A1,rep__item_2835,annoying,1790795192662,main,,,
2026-09-30T19:06:58.253Z,A1,item_2782,annoying,1790795216972,main,,,
2026-09-30T19:08:55.804Z,A1,item_2774,unsure,1790795333780,main,,,
2026-09-30T19:09:10.654Z,A1,item_2751,legitimate,1790795349788,main,,,
2026-09-30T19:09:28.685Z,A1,item_2760,unsure,1790795367766,main,,,
2026-09-30T19:09:32.632Z,A1,item_2760,unsure,1790795367766,main,,,
2026-09-30T19:09:32.632Z,A1,item_2702,legitimate,1790795371663,main,,,
2026-09-30T19:09:53.862Z,A1,item_3009,unsure,1790795393040,main,,,
2026-09-30T19:11:59.952Z,A1,rep__item_2916,unsure,1790795518907,main,,,
2026-09-30T19:12:05.628Z,A1,item_2998,legitimate,1790795524700,main,,,
2026-09-30T19:12:17.199Z,A1,item_2839,unsure,1790795536482,main,,,
2026-09-30T19:12:44.557Z,A1,item_2900,legitimate,1790795563772,main,,,
2026-09-30T19:20:54.563Z,A1,item_3059,legitimate,1790796053387,main,,,
2026-09-30T19:21:05.393Z,A1,item_2727,annoying,1790796063804,main,,,
2026-09-30T19:21:12.904Z,A1,item_2997,legitimate,1790796071674,main,,,
2026-10-01T09:12:49.406Z,A1,item_2697,annoying,1790845968158,main,,,
2026-10-01T09:24:32.862Z,A1,item_2836,unsure,1790846671687,main,,,
2026-10-01T09:24:42.285Z,A1,rep__item_2902,legitimate,1790846681186,main,,,
2026-10-01T09:24:47.587Z,A1,item_2699,legitimate,1790846686885,main,,,
2026-10-01T09:24:51.477Z,A1,item_2706,legitimate,1790846690135,main,,,
2026-10-01T09:24:54.375Z,A1,item_2706,legitimate,1790846690135,main,,,
2026-10-01T09:24:54.375Z,A1,item_2733,legitimate,1790846693338,main,,,
2026-10-01T09:25:00.207Z,A1,item_2706,legitimate,1790846690135,main,,,
2026-10-01T09:25:00.207Z,A1,item_2733,legitimate,1790846693338,main,,,
2026-10-01T09:25:00.207Z,A1,item_3032,legitimate,1790846699556,main,,,
2026-10-01T09:30:20.954Z,A1,item_2946,unsure,1790847019703,main,,,
2026-10-01T09:30:39.033Z,A1,item_3056,legitimate,1790847038131,main,,,
2026-10-01T09:30:47.298Z,A1,item_2932,legitimate,1790847045700,main,,,
2026-10-01T09:30:53.154Z,A1,rep__item_3040,legitimate,1790847052419,main,,,
2026-10-01T09:30:57.503Z,A1,item_2969,legitimate,1790847056567,main,,,
2026-10-01T09:31:04.185Z,A1,item_3064,legitimate,1790847063251,main,,,
2026-10-01T09:31:13.050Z,A1,rep__item_2712,annoying,1790847071318,main,,,
2026-10-01T10:07:34.184Z,A1,item_2898,legitimate,1790849252951,main,,,
2026-10-01T10:07:44.997Z,A1,item_3028,legitimate,1790849263851,main,,,
2026-10-01T10:07:55.243Z,A1,item_2812,legitimate,1790849273834,main,,,
2026-10-01T10:08:11.188Z,A1,item_2703,annoying,1790849288846,main,,,
2026-10-01T10:08:23.581Z,A1,item_3083,legitimate,1790849302535,main,,,
2026-10-01T10:10:32.710Z,A1,item_2953,legitimate,1790849431569,main,,,
2026-10-01T10:10:37.770Z,A1,item_2922,annoying,1790849436788,main,,,
2026-10-01T10:10:46.162Z,A1,rep__item_2863,legitimate,1790849445290,main,,,
2026-10-01T10:11:09.669Z,A1,item_3078,unsure,1790849468633,main,,,
2026-10-01T10:11:28.382Z,A1,item_2786,unsure,1790849487437,main,,,
2026-10-01T10:11:34.162Z,A1,item_2762,annoying,1790849493060,main,,,
2026-10-01T10:11:46.046Z,A1,item_2803,legitimate,1790849505143,main,,,
2026-10-01T10:11:50.223Z,A1,item_2803,legitimate,1790849505143,main,,,
2026-10-01T10:11:50.223Z,A1,item_2806,legitimate,1790849509250,main,,,
2026-10-01T10:11:53.724Z,A1,item_2710,legitimate,1790849513100,main,,,
2026-10-01T10:14:25.843Z,A1,item_2710,unsure,1790849664693,main,,,
2026-10-01T10:15:42.420Z,A1,item_2906,legitimate,1790849741242,main,,,
2026-10-01T10:15:51.183Z,A1,item_2906,legitimate,1790849741242,main,,,
2026-10-01T10:15:51.183Z,A1,item_2825,unsure,1790849749929,main,,,
2026-10-01T10:15:56.930Z,A1,rep__item_2755,legitimate,1790849755967,main,,,
2026-10-01T10:16:02.244Z,A1,item_2943,legitimate,1790849760718,main,,,
2026-10-01T10:16:36.790Z,A1,item_2720,legitimate,1790849795897,main,,,
2026-10-01T10:17:20.879Z,A1,item_3005,legitimate,1790849839876,main,,,
2026-10-01T10:17:28.375Z,A1,rep__item_3003,legitimate,1790849845550,main,,,
2026-10-01T10:17:31.908Z,A1,item_2748,legitimate,1790849851060,main,,,
2026-10-01T10:17:40.562Z,A1,item_3071,annoying,1790849859612,main,,,
2026-10-01T10:17:52.372Z,A1,item_2860,legitimate,1790849871513,main,,,
2026-10-01T10:18:15.758Z,A1,item_3049,legitimate,1790849894659,main,,,
2026-10-01T10:18:22.570Z,A1,rep__item_2700,legitimate,1790849899275,main,,,
2026-10-01T10:18:28.313Z,A1,rep__item_2700,legitimate,1790849899275,main,,,
2026-10-01T10:18:28.313Z,A1,item_2808,legitimate,1790849907243,main,,,
2026-10-01T10:18:43.282Z,A1,item_2690,legitimate,1790849922143,main,,,
2026-10-01T10:19:23.215Z,A1,item_2690,legitimate,1790849922143,main,,,
2026-10-01T10:23:10.545Z,A1,item_2973,unsure,1790850189161,main,,,
2026-10-01T10:23:20.598Z,A1,rep__item_3085,legitimate,1790850198680,main,,,
2026-10-01T10:24:02.097Z,A1,item_2849,garbled,1790850239962,main,,,
2026-10-01T10:24:18.265Z,A1,item_2795,annoying,1790850257331,main,,,
2026-10-01T10:24:27.339Z,A1,item_2770,legitimate,1790850266260,main,,,
2026-10-01T10:24:30.872Z,A1,item_2882,legitimate,1790850269131,main,,,
2026-10-01T10:25:45.408Z,A1,item_3006,legitimate,1790850344211,main,,,
2026-10-01T10:25:56.676Z,A1,rep__item_3001,annoying,1790850355544,main,,,
2026-10-01T10:26:09.031Z,A1,item_3080,legitimate,1790850367794,main,,,
2026-10-01T10:26:16.552Z,A1,item_3068,legitimate,1790850375544,main,,,
2026-10-01T10:26:28.018Z,A1,item_2945,annoying,1790850386812,main,,,
2026-10-01T10:27:17.035Z,A1,rep__item_2929,legitimate,1790850435577,main,,,
2026-10-01T10:27:19.740Z,A1,rep__item_2929,legitimate,1790850435577,main,,,
2026-10-01T10:27:19.740Z,A1,rep__item_2981,annoying,1790850438794,main,,,
2026-10-01T10:27:26.773Z,A1,rep__item_2981,legitimate,1790850445660,main,,,
2026-10-01T10:49:28.591Z,A1,item_2793,annoying,1790851767536,main,,,
2026-10-01T10:49:34.329Z,A1,item_2783,legitimate,1790851772969,main,,,
2026-10-01T10:49:38.630Z,A1,item_2879,legitimate,1790851777476,main,,,
2026-10-01T10:50:05.974Z,A1,item_2924,legitimate,1790851804789,main,,,
2026-10-01T10:50:11.289Z,A1,item_3052,legitimate,1790851810051,main,,,
2026-10-01T10:50:38.856Z,A1,rep__item_3077,unsure,1790851837648,main,,,
2026-10-01T10:51:09.893Z,A1,rep__item_3077,unsure,1790851837648,main,,,
2026-10-01T10:51:09.893Z,A1,item_3030,legitimate,1790851842729,main,,,
2026-10-01T10:51:09.893Z,A1,item_3022,legitimate,1790851849352,main,,,
2026-10-01T10:52:27.297Z,A1,item_2754,legitimate,1790851946058,main,,,
2026-10-01T10:54:52.419Z,A1,item_2728,legitimate,1790852091173,main,,,
2026-10-01T10:54:57.425Z,A1,item_2711,legitimate,1790852096661,main,,,
2026-10-01T10:55:17.700Z,A1,item_2711,unsure,1790852116527,main,,,
2026-10-01T10:55:22.788Z,A1,item_2711,unsure,1790852116527,main,,,
2026-10-01T10:55:22.788Z,A1,item_2995,annoying,1790852121633,main,,,
2026-10-01T10:55:26.464Z,A1,item_2995,annoying,1790852121633,main,,,
2026-10-01T10:55:26.464Z,A1,item_3048,annoying,1790852125314,main,,,
2026-10-01T10:55:31.816Z,A1,item_3048,annoying,1790852125314,main,,,
2026-10-01T10:55:31.816Z,A1,item_2709,legitimate,1790852130591,main,,,
2026-10-01T10:55:50.199Z,A1,item_2843,legitimate,1790852149191,main,,,
2026-10-01T10:56:03.397Z,A1,item_2843,legitimate,1790852149191,main,,,
2026-10-01T10:56:03.397Z,A1,item_2726,legitimate,1790852162241,main,,,
2026-10-01T10:56:18.733Z,A1,item_2810,unsure,1790852177795,main,,,
2026-10-01T10:56:22.860Z,A1,item_2810,unsure,1790852177795,main,,,
2026-10-01T10:56:22.860Z,A1,item_2961,legitimate,1790852181841,main,,,
2026-10-01T10:56:26.126Z,A1,item_2810,unsure,1790852177795,main,,,
2026-10-01T10:56:26.126Z,A1,item_2961,legitimate,1790852181841,main,,,
2026-10-01T10:56:26.126Z,A1,item_2912,legitimate,1790852184898,main,,,
2026-10-01T10:56:29.819Z,A1,item_2912,legitimate,1790852184898,main,,,
2026-10-01T10:56:29.819Z,A1,item_2888,legitimate,1790852188777,main,,,
2026-10-01T10:56:33.099Z,A1,item_2888,legitimate,1790852188777,main,,,
2026-10-01T10:56:33.099Z,A1,item_3023,legitimate,1790852191915,main,,,
2026-10-01T10:56:37.666Z,A1,item_2794,legitimate,1790852196242,main,,,
2026-10-01T10:56:40.535Z,A1,rep__item_2715,legitimate,1790852199491,main,,,
2026-10-01T10:56:43.087Z,A1,item_2872,legitimate,1790852202098,main,,,
2026-10-01T10:56:54.213Z,A1,item_3063,legitimate,1790852213278,main,,,
2026-10-01T10:56:57.626Z,A1,rep__item_2920,legitimate,1790852216526,main,,,
2026-10-01T10:56:59.620Z,A1,rep__item_2920,legitimate,1790852216526,main,,,
2026-10-01T10:56:59.620Z,A1,item_2773,legitimate,1790852218799,main,,,
2026-10-01T10:57:05.153Z,A1,item_3088,legitimate,1790852222900,main,,,
2026-10-01T10:57:06.502Z,A1,item_3088,legitimate,1790852222900,main,,,
2026-10-01T10:57:06.502Z,A1,item_2777,legitimate,1790852225591,main,,,
2026-10-01T10:57:12.662Z,A1,item_2761,legitimate,1790852231791,main,,,
2026-10-01T10:57:18.289Z,A1,item_2870,legitimate,1790852235383,main,,,
2026-10-01T10:57:19.207Z,A1,item_2870,legitimate,1790852235383,main,,,
2026-10-01T10:57:19.207Z,A1,item_2950,annoying,1790852238308,main,,,
2026-10-01T10:57:38.210Z,A1,rep__item_2993,unsure,1790852257442,main,,,
2026-10-01T10:57:44.483Z,A1,item_2841,legitimate,1790852263426,main,,,
2026-10-01T10:59:36.138Z,A1,item_2708,legitimate,1790852374944,main,,,
2026-10-01T10:59:47.816Z,A1,item_2759,unsure,1790852386667,main,,,
2026-10-01T10:59:49.726Z,A1,item_2759,unsure,1790852386667,main,,,
2026-10-01T10:59:49.726Z,A1,rep__item_2828,legitimate,1790852388909,main,,,
2026-10-01T10:59:59.422Z,A1,item_2856,unsure,1790852398544,main,,,
2026-10-01T11:00:01.791Z,A1,rep__item_2746,legitimate,1790852400627,main,,,
2026-10-01T11:00:10.992Z,A1,rep__item_2990,legitimate,1790852410061,main,,,
2026-10-01T11:00:14.209Z,A1,item_2858,legitimate,1790852412910,main,,,
2026-10-01T11:00:18.509Z,A1,item_2817,annoying,1790852416210,main,,,
2026-10-01T11:00:28.526Z,A1,item_2941,legitimate,1790852427712,main,,,
2026-10-01T11:00:34.857Z,A1,item_2798,legitimate,1790852433894,main,,,
2026-10-01T11:00:38.040Z,A1,item_2798,legitimate,1790852433894,main,,,
2026-10-01T11:00:38.040Z,A1,item_2705,legitimate,1790852437027,main,,,
2026-10-01T11:01:19.542Z,A1,item_2788,legitimate,1790852478433,main,,,
2026-10-01T11:01:39.896Z,A1,rep__item_2857,unsure,1790852498663,main,,,
2026-10-01T11:01:43.941Z,A1,item_2887,legitimate,1790852502913,main,,,
2026-10-01T11:01:46.899Z,A1,item_2887,legitimate,1790852502913,main,,,
2026-10-01T11:01:46.899Z,A1,item_2723,legitimate,1790852506029,main,,,
2026-10-01T11:01:50.270Z,A1,rep__item_3029,legitimate,1790852509161,main,,,
2026-10-01T11:01:59.204Z,A1,item_2833,legitimate,1790852517698,main,,,
2026-10-01T11:02:04.464Z,A1,item_2833,legitimate,1790852517698,main,,,
2026-10-01T11:02:04.464Z,A1,item_2931,legitimate,1790852521513,main,,,
2026-10-01T11:02:09.752Z,A1,item_2931,legitimate,1790852521513,main,,,
2026-10-01T11:02:09.752Z,A1,item_3016,legitimate,1790852528130,main,,,
2026-10-01T11:02:12.155Z,A1,item_2931,legitimate,1790852521513,main,,,
2026-10-01T11:02:12.155Z,A1,item_3016,legitimate,1790852528130,main,,,
2026-10-01T11:02:12.155Z,A1,item_2926,legitimate,1790852531029,main,,,
2026-10-01T11:02:16.788Z,A1,item_2936,legitimate,1790852535587,main,,,
2026-10-01T11:02:20.857Z,A1,item_2925,legitimate,1790852539981,main,,,
2026-10-01T11:02:24.185Z,A1,item_2925,legitimate,1790852539981,main,,,
2026-10-01T11:02:24.185Z,A1,item_2962,legitimate,1790852543180,main,,,
2026-10-01T11:02:28.028Z,A1,item_2796,annoying,1790852547146,main,,,
2026-10-01T11:02:43.164Z,A1,item_2796,annoying,1790852547146,main,,,
2026-10-01T11:02:43.164Z,A1,item_2734,legitimate,1790852562246,main,,,
2026-10-01T11:02:45.990Z,A1,item_2796,annoying,1790852547146,main,,,
2026-10-01T11:02:45.990Z,A1,item_2734,legitimate,1790852562246,main,,,
2026-10-01T11:02:45.990Z,A1,item_2758,legitimate,1790852565313,main,,,
2026-10-01T11:03:53.575Z,A1,rep__item_2769,legitimate,1790852632449,main,,,
2026-10-01T11:03:56.147Z,A1,rep__item_2769,legitimate,1790852632449,main,,,
2026-10-01T11:03:56.147Z,A1,rep__item_2996,legitimate,1790852635064,main,,,
2026-10-01T11:04:03.236Z,A1,item_2994,annoying,1790852642284,main,,,
2026-10-01T11:04:07.675Z,A1,item_2994,annoying,1790852642284,main,,,
2026-10-01T11:04:07.675Z,A1,item_2717,legitimate,1790852646283,main,,,
2026-10-01T11:04:10.563Z,A1,item_3004,legitimate,1790852649865,main,,,
2026-10-01T11:04:14.475Z,A1,item_3004,legitimate,1790852649865,main,,,
2026-10-01T11:04:14.475Z,A1,item_2955,legitimate,1790852653465,main,,,
2026-10-01T11:04:17.264Z,A1,item_3004,legitimate,1790852649865,main,,,
2026-10-01T11:04:17.264Z,A1,item_2955,legitimate,1790852653465,main,,,
2026-10-01T11:04:17.264Z,A1,rep__item_3031,annoying,1790852656104,main,,,
2026-10-01T11:04:19.465Z,A1,item_3004,legitimate,1790852649865,main,,,
2026-10-01T11:04:19.465Z,A1,item_2955,legitimate,1790852653465,main,,,
2026-10-01T11:04:19.465Z,A1,rep__item_3031,annoying,1790852656104,main,,,
2026-10-01T11:04:19.465Z,A1,rep__item_2834,legitimate,1790852658417,main,,,
2026-10-01T11:04:22.502Z,A1,item_3004,legitimate,1790852649865,main,,,
2026-10-01T11:04:22.502Z,A1,item_2955,legitimate,1790852653465,main,,,
2026-10-01T11:04:22.502Z,A1,rep__item_3031,annoying,1790852656104,main,,,
2026-10-01T11:04:22.502Z,A1,rep__item_2834,legitimate,1790852658417,main,,,
2026-10-01T11:04:22.502Z,A1,item_3072,legitimate,1790852661797,main,,,
2026-10-01T11:04:26.339Z,A1,item_2787,legitimate,1790852665365,main,,,
2026-10-01T11:04:29.263Z,A1,item_2921,legitimate,1790852668452,main,,,
2026-10-01T11:04:35.685Z,A1,item_2921,legitimate,1790852668452,main,,,
2026-10-01T11:04:35.685Z,A1,item_2901,legitimate,1790852672097,main,,,
2026-10-01T11:04:41.999Z,A1,item_2901,legitimate,1790852672097,main,,,
2026-10-01T11:04:41.999Z,A1,item_2866,annoying,1790852681287,main,,,
2026-10-01T11:04:47.010Z,A1,item_2901,legitimate,1790852672097,main,,,
2026-10-01T11:04:47.010Z,A1,item_2866,annoying,1790852681287,main,,,
2026-10-01T11:04:47.010Z,A1,item_2840,legitimate,1790852684682,main,,,
2026-10-01T11:07:40.418Z,A1,item_2837,legitimate,1790852859332,main,,,
2026-10-01T11:07:47.080Z,A1,item_2979,legitimate,1790852866165,main,,,
2026-10-01T11:07:59.043Z,A1,item_2767,legitimate,1790852877982,main,,,
2026-10-01T11:08:08.313Z,A1,item_2915,legitimate,1790852887416,main,,,
2026-10-01T11:08:29.395Z,A1,item_2958,legitimate,1790852908462,main,,,
2026-10-01T11:08:35.521Z,A1,item_2960,legitimate,1790852914299,main,,,
2026-10-01T11:08:39.480Z,A1,item_3020,legitimate,1790852918502,main,,,
2026-10-01T11:08:42.749Z,A1,rep__item_2701,legitimate,1790852921965,main,,,
2026-10-01T11:08:57.704Z,A1,item_2791,unsure,1790852936233,main,,,
2026-10-01T11:09:05.935Z,A1,item_2756,annoying,1790852944716,main,,,
2026-10-01T11:09:21.103Z,A1,item_2757,legitimate,1790852958316,main,,,
2026-10-01T11:09:22.925Z,A1,item_2757,legitimate,1790852958316,main,,,
2026-10-01T11:09:22.925Z,A1,item_2935,legitimate,1790852961896,main,,,
2026-10-01T11:09:25.021Z,A1,rep__item_3084,legitimate,1790852964167,main,,,
2026-10-01T11:09:28.974Z,A1,item_3062,legitimate,1790852968118,main,,,
2026-10-01T11:09:32.018Z,A1,item_2722,legitimate,1790852971116,main,,,
2026-10-01T11:09:34.183Z,A1,item_2722,legitimate,1790852971116,main,,,
2026-10-01T11:09:34.183Z,A1,item_2846,legitimate,1790852973433,main,,,